Loading weights:   0%|          | 0/148 [00:00<?, ?it/s]Loading weights: 100%|██████████| 148/148 [00:00<00:00, 3977.20it/s]
Warning: You are sending unauthenticated requests to the HF Hub. Please set a HF_TOKEN to enable higher rate limits and faster downloads.
Loading weights:   0%|          | 0/149 [00:00<?, ?it/s]Loading weights: 100%|██████████| 149/149 [00:00<00:00, 25887.55it/s]
{"completed": 512, "elapsed_seconds": 0.614, "event": "search_progress", "label": "gpt2-wte:base-margin", "total": 50257}
{"completed": 1024, "elapsed_seconds": 0.746, "event": "search_progress", "label": "gpt2-wte:base-margin", "total": 50257}
{"completed": 1536, "elapsed_seconds": 0.875, "event": "search_progress", "label": "gpt2-wte:base-margin", "total": 50257}
{"completed": 2048, "elapsed_seconds": 1.003, "event": "search_progress", "label": "gpt2-wte:base-margin", "total": 50257}
{"completed": 2560, "elapsed_seconds": 1.19, "event": "search_progress", "label": "gpt2-wte:base-margin", "total": 50257}
{"completed": 3072, "elapsed_seconds": 1.919, "event": "search_progress", "label": "gpt2-wte:base-margin", "total": 50257}
{"completed": 3584, "elapsed_seconds": 2.633, "event": "search_progress", "label": "gpt2-wte:base-margin", "total": 50257}
{"completed": 4096, "elapsed_seconds": 3.35, "event": "search_progress", "label": "gpt2-wte:base-margin", "total": 50257}
{"completed": 4608, "elapsed_seconds": 3.599, "event": "search_progress", "label": "gpt2-wte:base-margin", "total": 50257}
{"completed": 5120, "elapsed_seconds": 3.728, "event": "search_progress", "label": "gpt2-wte:base-margin", "total": 50257}
{"completed": 5632, "elapsed_seconds": 3.857, "event": "search_progress", "label": "gpt2-wte:base-margin", "total": 50257}
{"completed": 6144, "elapsed_seconds": 4.003, "event": "search_progress", "label": "gpt2-wte:base-margin", "total": 50257}
{"completed": 6656, "elapsed_seconds": 4.652, "event": "search_progress", "label": "gpt2-wte:base-margin", "total": 50257}
{"completed": 7168, "elapsed_seconds": 5.376, "event": "search_progress", "label": "gpt2-wte:base-margin", "total": 50257}
{"completed": 7680, "elapsed_seconds": 6.109, "event": "search_progress", "label": "gpt2-wte:base-margin", "total": 50257}
{"completed": 8192, "elapsed_seconds": 6.401, "event": "search_progress", "label": "gpt2-wte:base-margin", "total": 50257}
{"completed": 8704, "elapsed_seconds": 6.544, "event": "search_progress", "label": "gpt2-wte:base-margin", "total": 50257}
{"completed": 9216, "elapsed_seconds": 6.673, "event": "search_progress", "label": "gpt2-wte:base-margin", "total": 50257}
{"completed": 9728, "elapsed_seconds": 6.807, "event": "search_progress", "label": "gpt2-wte:base-margin", "total": 50257}
{"completed": 10240, "elapsed_seconds": 7.379, "event": "search_progress", "label": "gpt2-wte:base-margin", "total": 50257}
{"completed": 10752, "elapsed_seconds": 8.173, "event": "search_progress", "label": "gpt2-wte:base-margin", "total": 50257}
{"completed": 11264, "elapsed_seconds": 8.893, "event": "search_progress", "label": "gpt2-wte:base-margin", "total": 50257}
{"completed": 11776, "elapsed_seconds": 9.215, "event": "search_progress", "label": "gpt2-wte:base-margin", "total": 50257}
{"completed": 12288, "elapsed_seconds": 9.344, "event": "search_progress", "label": "gpt2-wte:base-margin", "total": 50257}
{"completed": 12800, "elapsed_seconds": 9.485, "event": "search_progress", "label": "gpt2-wte:base-margin", "total": 50257}
{"completed": 13312, "elapsed_seconds": 9.613, "event": "search_progress", "label": "gpt2-wte:base-margin", "total": 50257}
{"completed": 13824, "elapsed_seconds": 9.987, "event": "search_progress", "label": "gpt2-wte:base-margin", "total": 50257}
{"completed": 14336, "elapsed_seconds": 10.743, "event": "search_progress", "label": "gpt2-wte:base-margin", "total": 50257}
{"completed": 14848, "elapsed_seconds": 11.453, "event": "search_progress", "label": "gpt2-wte:base-margin", "total": 50257}
{"completed": 15360, "elapsed_seconds": 11.999, "event": "search_progress", "label": "gpt2-wte:base-margin", "total": 50257}
{"completed": 15872, "elapsed_seconds": 12.129, "event": "search_progress", "label": "gpt2-wte:base-margin", "total": 50257}
{"completed": 16384, "elapsed_seconds": 12.262, "event": "search_progress", "label": "gpt2-wte:base-margin", "total": 50257}
{"completed": 16896, "elapsed_seconds": 12.391, "event": "search_progress", "label": "gpt2-wte:base-margin", "total": 50257}
{"completed": 17408, "elapsed_seconds": 12.551, "event": "search_progress", "label": "gpt2-wte:base-margin", "total": 50257}
{"completed": 17920, "elapsed_seconds": 13.289, "event": "search_progress", "label": "gpt2-wte:base-margin", "total": 50257}
{"completed": 18432, "elapsed_seconds": 14.026, "event": "search_progress", "label": "gpt2-wte:base-margin", "total": 50257}
{"completed": 18944, "elapsed_seconds": 14.755, "event": "search_progress", "label": "gpt2-wte:base-margin", "total": 50257}
{"completed": 19456, "elapsed_seconds": 14.913, "event": "search_progress", "label": "gpt2-wte:base-margin", "total": 50257}
{"completed": 19968, "elapsed_seconds": 15.044, "event": "search_progress", "label": "gpt2-wte:base-margin", "total": 50257}
{"completed": 20480, "elapsed_seconds": 15.173, "event": "search_progress", "label": "gpt2-wte:base-margin", "total": 50257}
{"completed": 20992, "elapsed_seconds": 15.302, "event": "search_progress", "label": "gpt2-wte:base-margin", "total": 50257}
{"completed": 21504, "elapsed_seconds": 15.867, "event": "search_progress", "label": "gpt2-wte:base-margin", "total": 50257}
{"completed": 22016, "elapsed_seconds": 16.622, "event": "search_progress", "label": "gpt2-wte:base-margin", "total": 50257}
{"completed": 22528, "elapsed_seconds": 17.27, "event": "search_progress", "label": "gpt2-wte:base-margin", "total": 50257}
{"completed": 23040, "elapsed_seconds": 17.682, "event": "search_progress", "label": "gpt2-wte:base-margin", "total": 50257}
{"completed": 23552, "elapsed_seconds": 17.811, "event": "search_progress", "label": "gpt2-wte:base-margin", "total": 50257}
{"completed": 24064, "elapsed_seconds": 17.939, "event": "search_progress", "label": "gpt2-wte:base-margin", "total": 50257}
{"completed": 24576, "elapsed_seconds": 18.07, "event": "search_progress", "label": "gpt2-wte:base-margin", "total": 50257}
{"completed": 25088, "elapsed_seconds": 18.399, "event": "search_progress", "label": "gpt2-wte:base-margin", "total": 50257}
{"completed": 25600, "elapsed_seconds": 19.033, "event": "search_progress", "label": "gpt2-wte:base-margin", "total": 50257}
{"completed": 26112, "elapsed_seconds": 19.744, "event": "search_progress", "label": "gpt2-wte:base-margin", "total": 50257}
{"completed": 26624, "elapsed_seconds": 20.504, "event": "search_progress", "label": "gpt2-wte:base-margin", "total": 50257}
{"completed": 27136, "elapsed_seconds": 20.632, "event": "search_progress", "label": "gpt2-wte:base-margin", "total": 50257}
{"completed": 27648, "elapsed_seconds": 20.761, "event": "search_progress", "label": "gpt2-wte:base-margin", "total": 50257}
{"completed": 28160, "elapsed_seconds": 20.889, "event": "search_progress", "label": "gpt2-wte:base-margin", "total": 50257}
{"completed": 28672, "elapsed_seconds": 21.246, "event": "search_progress", "label": "gpt2-wte:base-margin", "total": 50257}
{"completed": 29184, "elapsed_seconds": 21.812, "event": "search_progress", "label": "gpt2-wte:base-margin", "total": 50257}
{"completed": 29696, "elapsed_seconds": 22.436, "event": "search_progress", "label": "gpt2-wte:base-margin", "total": 50257}
{"completed": 30208, "elapsed_seconds": 23.235, "event": "search_progress", "label": "gpt2-wte:base-margin", "total": 50257}
{"completed": 30720, "elapsed_seconds": 23.475, "event": "search_progress", "label": "gpt2-wte:base-margin", "total": 50257}
{"completed": 31232, "elapsed_seconds": 23.603, "event": "search_progress", "label": "gpt2-wte:base-margin", "total": 50257}
{"completed": 31744, "elapsed_seconds": 23.732, "event": "search_progress", "label": "gpt2-wte:base-margin", "total": 50257}
{"completed": 32256, "elapsed_seconds": 24.185, "event": "search_progress", "label": "gpt2-wte:base-margin", "total": 50257}
{"completed": 32768, "elapsed_seconds": 24.725, "event": "search_progress", "label": "gpt2-wte:base-margin", "total": 50257}
{"completed": 33280, "elapsed_seconds": 25.491, "event": "search_progress", "label": "gpt2-wte:base-margin", "total": 50257}
{"completed": 33792, "elapsed_seconds": 26.21, "event": "search_progress", "label": "gpt2-wte:base-margin", "total": 50257}
{"completed": 34304, "elapsed_seconds": 26.339, "event": "search_progress", "label": "gpt2-wte:base-margin", "total": 50257}
{"completed": 34816, "elapsed_seconds": 26.479, "event": "search_progress", "label": "gpt2-wte:base-margin", "total": 50257}
{"completed": 35328, "elapsed_seconds": 26.607, "event": "search_progress", "label": "gpt2-wte:base-margin", "total": 50257}
{"completed": 35840, "elapsed_seconds": 27.048, "event": "search_progress", "label": "gpt2-wte:base-margin", "total": 50257}
{"completed": 36352, "elapsed_seconds": 27.55, "event": "search_progress", "label": "gpt2-wte:base-margin", "total": 50257}
{"completed": 36864, "elapsed_seconds": 28.116, "event": "search_progress", "label": "gpt2-wte:base-margin", "total": 50257}
{"completed": 37376, "elapsed_seconds": 28.851, "event": "search_progress", "label": "gpt2-wte:base-margin", "total": 50257}
{"completed": 37888, "elapsed_seconds": 29.138, "event": "search_progress", "label": "gpt2-wte:base-margin", "total": 50257}
{"completed": 38400, "elapsed_seconds": 29.266, "event": "search_progress", "label": "gpt2-wte:base-margin", "total": 50257}
{"completed": 38912, "elapsed_seconds": 29.394, "event": "search_progress", "label": "gpt2-wte:base-margin", "total": 50257}
{"completed": 39424, "elapsed_seconds": 29.823, "event": "search_progress", "label": "gpt2-wte:base-margin", "total": 50257}
{"completed": 39936, "elapsed_seconds": 30.353, "event": "search_progress", "label": "gpt2-wte:base-margin", "total": 50257}
{"completed": 40448, "elapsed_seconds": 30.863, "event": "search_progress", "label": "gpt2-wte:base-margin", "total": 50257}
{"completed": 40960, "elapsed_seconds": 31.711, "event": "search_progress", "label": "gpt2-wte:base-margin", "total": 50257}
{"completed": 41472, "elapsed_seconds": 32.012, "event": "search_progress", "label": "gpt2-wte:base-margin", "total": 50257}
{"completed": 41984, "elapsed_seconds": 32.143, "event": "search_progress", "label": "gpt2-wte:base-margin", "total": 50257}
{"completed": 42496, "elapsed_seconds": 32.278, "event": "search_progress", "label": "gpt2-wte:base-margin", "total": 50257}
{"completed": 43008, "elapsed_seconds": 32.766, "event": "search_progress", "label": "gpt2-wte:base-margin", "total": 50257}
{"completed": 43520, "elapsed_seconds": 33.193, "event": "search_progress", "label": "gpt2-wte:base-margin", "total": 50257}
{"completed": 44032, "elapsed_seconds": 33.639, "event": "search_progress", "label": "gpt2-wte:base-margin", "total": 50257}
{"completed": 44544, "elapsed_seconds": 34.47, "event": "search_progress", "label": "gpt2-wte:base-margin", "total": 50257}
{"completed": 45056, "elapsed_seconds": 34.822, "event": "search_progress", "label": "gpt2-wte:base-margin", "total": 50257}
{"completed": 45568, "elapsed_seconds": 34.95, "event": "search_progress", "label": "gpt2-wte:base-margin", "total": 50257}
{"completed": 46080, "elapsed_seconds": 35.081, "event": "search_progress", "label": "gpt2-wte:base-margin", "total": 50257}
{"completed": 46592, "elapsed_seconds": 35.511, "event": "search_progress", "label": "gpt2-wte:base-margin", "total": 50257}
{"completed": 47104, "elapsed_seconds": 35.988, "event": "search_progress", "label": "gpt2-wte:base-margin", "total": 50257}
{"completed": 47616, "elapsed_seconds": 36.241, "event": "search_progress", "label": "gpt2-wte:base-margin", "total": 50257}
{"completed": 48128, "elapsed_seconds": 36.974, "event": "search_progress", "label": "gpt2-wte:base-margin", "total": 50257}
{"completed": 48640, "elapsed_seconds": 37.626, "event": "search_progress", "label": "gpt2-wte:base-margin", "total": 50257}
{"completed": 49152, "elapsed_seconds": 37.782, "event": "search_progress", "label": "gpt2-wte:base-margin", "total": 50257}
{"completed": 49664, "elapsed_seconds": 37.91, "event": "search_progress", "label": "gpt2-wte:base-margin", "total": 50257}
{"completed": 50176, "elapsed_seconds": 38.395, "event": "search_progress", "label": "gpt2-wte:base-margin", "total": 50257}
{"completed": 50257, "elapsed_seconds": 38.582, "event": "search_progress", "label": "gpt2-wte:base-margin", "total": 50257}
{"completed": 512, "elapsed_seconds": 0.309, "event": "search_progress", "label": "gpt2-wte:private-query", "total": 50257}
{"completed": 1024, "elapsed_seconds": 0.908, "event": "search_progress", "label": "gpt2-wte:private-query", "total": 50257}
{"completed": 1536, "elapsed_seconds": 1.674, "event": "search_progress", "label": "gpt2-wte:private-query", "total": 50257}
{"completed": 2048, "elapsed_seconds": 2.025, "event": "search_progress", "label": "gpt2-wte:private-query", "total": 50257}
{"completed": 2560, "elapsed_seconds": 2.156, "event": "search_progress", "label": "gpt2-wte:private-query", "total": 50257}
{"completed": 3072, "elapsed_seconds": 2.552, "event": "search_progress", "label": "gpt2-wte:private-query", "total": 50257}
{"completed": 3584, "elapsed_seconds": 3.102, "event": "search_progress", "label": "gpt2-wte:private-query", "total": 50257}
{"completed": 4096, "elapsed_seconds": 3.495, "event": "search_progress", "label": "gpt2-wte:private-query", "total": 50257}
{"completed": 4608, "elapsed_seconds": 4.236, "event": "search_progress", "label": "gpt2-wte:private-query", "total": 50257}
{"completed": 5120, "elapsed_seconds": 4.818, "event": "search_progress", "label": "gpt2-wte:private-query", "total": 50257}
{"completed": 5632, "elapsed_seconds": 4.985, "event": "search_progress", "label": "gpt2-wte:private-query", "total": 50257}
{"completed": 6144, "elapsed_seconds": 5.237, "event": "search_progress", "label": "gpt2-wte:private-query", "total": 50257}
{"completed": 6656, "elapsed_seconds": 5.915, "event": "search_progress", "label": "gpt2-wte:private-query", "total": 50257}
{"completed": 7168, "elapsed_seconds": 6.173, "event": "search_progress", "label": "gpt2-wte:private-query", "total": 50257}
{"completed": 7680, "elapsed_seconds": 6.908, "event": "search_progress", "label": "gpt2-wte:private-query", "total": 50257}
{"completed": 8192, "elapsed_seconds": 7.584, "event": "search_progress", "label": "gpt2-wte:private-query", "total": 50257}
{"completed": 8704, "elapsed_seconds": 7.751, "event": "search_progress", "label": "gpt2-wte:private-query", "total": 50257}
{"completed": 9216, "elapsed_seconds": 7.924, "event": "search_progress", "label": "gpt2-wte:private-query", "total": 50257}
{"completed": 9728, "elapsed_seconds": 8.645, "event": "search_progress", "label": "gpt2-wte:private-query", "total": 50257}
{"completed": 10240, "elapsed_seconds": 8.995, "event": "search_progress", "label": "gpt2-wte:private-query", "total": 50257}
{"completed": 10752, "elapsed_seconds": 9.698, "event": "search_progress", "label": "gpt2-wte:private-query", "total": 50257}
{"completed": 11264, "elapsed_seconds": 10.404, "event": "search_progress", "label": "gpt2-wte:private-query", "total": 50257}
{"completed": 11776, "elapsed_seconds": 10.584, "event": "search_progress", "label": "gpt2-wte:private-query", "total": 50257}
{"completed": 12288, "elapsed_seconds": 10.714, "event": "search_progress", "label": "gpt2-wte:private-query", "total": 50257}
{"completed": 12800, "elapsed_seconds": 11.12, "event": "search_progress", "label": "gpt2-wte:private-query", "total": 50257}
{"completed": 13312, "elapsed_seconds": 11.63, "event": "search_progress", "label": "gpt2-wte:private-query", "total": 50257}
{"completed": 13824, "elapsed_seconds": 11.981, "event": "search_progress", "label": "gpt2-wte:private-query", "total": 50257}
{"completed": 14336, "elapsed_seconds": 12.632, "event": "search_progress", "label": "gpt2-wte:private-query", "total": 50257}
{"completed": 14848, "elapsed_seconds": 13.314, "event": "search_progress", "label": "gpt2-wte:private-query", "total": 50257}
{"completed": 15360, "elapsed_seconds": 13.446, "event": "search_progress", "label": "gpt2-wte:private-query", "total": 50257}
{"completed": 15872, "elapsed_seconds": 13.634, "event": "search_progress", "label": "gpt2-wte:private-query", "total": 50257}
{"completed": 16384, "elapsed_seconds": 14.306, "event": "search_progress", "label": "gpt2-wte:private-query", "total": 50257}
{"completed": 16896, "elapsed_seconds": 14.552, "event": "search_progress", "label": "gpt2-wte:private-query", "total": 50257}
{"completed": 17408, "elapsed_seconds": 15.315, "event": "search_progress", "label": "gpt2-wte:private-query", "total": 50257}
{"completed": 17920, "elapsed_seconds": 16.01, "event": "search_progress", "label": "gpt2-wte:private-query", "total": 50257}
{"completed": 18432, "elapsed_seconds": 16.251, "event": "search_progress", "label": "gpt2-wte:private-query", "total": 50257}
{"completed": 18944, "elapsed_seconds": 16.383, "event": "search_progress", "label": "gpt2-wte:private-query", "total": 50257}
{"completed": 19456, "elapsed_seconds": 16.71, "event": "search_progress", "label": "gpt2-wte:private-query", "total": 50257}
{"completed": 19968, "elapsed_seconds": 17.316, "event": "search_progress", "label": "gpt2-wte:private-query", "total": 50257}
{"completed": 20480, "elapsed_seconds": 17.877, "event": "search_progress", "label": "gpt2-wte:private-query", "total": 50257}
{"completed": 20992, "elapsed_seconds": 18.67, "event": "search_progress", "label": "gpt2-wte:private-query", "total": 50257}
{"completed": 21504, "elapsed_seconds": 19.018, "event": "search_progress", "label": "gpt2-wte:private-query", "total": 50257}
{"completed": 22016, "elapsed_seconds": 19.148, "event": "search_progress", "label": "gpt2-wte:private-query", "total": 50257}
{"completed": 22528, "elapsed_seconds": 19.293, "event": "search_progress", "label": "gpt2-wte:private-query", "total": 50257}
{"completed": 23040, "elapsed_seconds": 19.931, "event": "search_progress", "label": "gpt2-wte:private-query", "total": 50257}
{"completed": 23552, "elapsed_seconds": 20.28, "event": "search_progress", "label": "gpt2-wte:private-query", "total": 50257}
{"completed": 24064, "elapsed_seconds": 20.909, "event": "search_progress", "label": "gpt2-wte:private-query", "total": 50257}
{"completed": 24576, "elapsed_seconds": 21.636, "event": "search_progress", "label": "gpt2-wte:private-query", "total": 50257}
{"completed": 25088, "elapsed_seconds": 21.912, "event": "search_progress", "label": "gpt2-wte:private-query", "total": 50257}
{"completed": 25600, "elapsed_seconds": 22.042, "event": "search_progress", "label": "gpt2-wte:private-query", "total": 50257}
{"completed": 26112, "elapsed_seconds": 22.324, "event": "search_progress", "label": "gpt2-wte:private-query", "total": 50257}
{"completed": 26624, "elapsed_seconds": 22.984, "event": "search_progress", "label": "gpt2-wte:private-query", "total": 50257}
{"completed": 27136, "elapsed_seconds": 23.296, "event": "search_progress", "label": "gpt2-wte:private-query", "total": 50257}
{"completed": 27648, "elapsed_seconds": 24.023, "event": "search_progress", "label": "gpt2-wte:private-query", "total": 50257}
{"completed": 28160, "elapsed_seconds": 24.647, "event": "search_progress", "label": "gpt2-wte:private-query", "total": 50257}
{"completed": 28672, "elapsed_seconds": 24.778, "event": "search_progress", "label": "gpt2-wte:private-query", "total": 50257}
{"completed": 29184, "elapsed_seconds": 24.932, "event": "search_progress", "label": "gpt2-wte:private-query", "total": 50257}
{"completed": 29696, "elapsed_seconds": 25.326, "event": "search_progress", "label": "gpt2-wte:private-query", "total": 50257}
{"completed": 30208, "elapsed_seconds": 25.881, "event": "search_progress", "label": "gpt2-wte:private-query", "total": 50257}
{"completed": 30720, "elapsed_seconds": 26.53, "event": "search_progress", "label": "gpt2-wte:private-query", "total": 50257}
{"completed": 31232, "elapsed_seconds": 27.36, "event": "search_progress", "label": "gpt2-wte:private-query", "total": 50257}
{"completed": 31744, "elapsed_seconds": 27.57, "event": "search_progress", "label": "gpt2-wte:private-query", "total": 50257}
{"completed": 32256, "elapsed_seconds": 27.704, "event": "search_progress", "label": "gpt2-wte:private-query", "total": 50257}
{"completed": 32768, "elapsed_seconds": 27.882, "event": "search_progress", "label": "gpt2-wte:private-query", "total": 50257}
{"completed": 33280, "elapsed_seconds": 28.459, "event": "search_progress", "label": "gpt2-wte:private-query", "total": 50257}
{"completed": 33792, "elapsed_seconds": 29.206, "event": "search_progress", "label": "gpt2-wte:private-query", "total": 50257}
{"completed": 34304, "elapsed_seconds": 29.971, "event": "search_progress", "label": "gpt2-wte:private-query", "total": 50257}
{"completed": 34816, "elapsed_seconds": 30.315, "event": "search_progress", "label": "gpt2-wte:private-query", "total": 50257}
{"completed": 35328, "elapsed_seconds": 30.447, "event": "search_progress", "label": "gpt2-wte:private-query", "total": 50257}
{"completed": 35840, "elapsed_seconds": 30.577, "event": "search_progress", "label": "gpt2-wte:private-query", "total": 50257}
{"completed": 36352, "elapsed_seconds": 30.708, "event": "search_progress", "label": "gpt2-wte:private-query", "total": 50257}
{"completed": 36864, "elapsed_seconds": 31.172, "event": "search_progress", "label": "gpt2-wte:private-query", "total": 50257}
{"completed": 37376, "elapsed_seconds": 31.925, "event": "search_progress", "label": "gpt2-wte:private-query", "total": 50257}
{"completed": 37888, "elapsed_seconds": 32.705, "event": "search_progress", "label": "gpt2-wte:private-query", "total": 50257}
{"completed": 38400, "elapsed_seconds": 33.125, "event": "search_progress", "label": "gpt2-wte:private-query", "total": 50257}
{"completed": 38912, "elapsed_seconds": 33.255, "event": "search_progress", "label": "gpt2-wte:private-query", "total": 50257}
{"completed": 39424, "elapsed_seconds": 33.385, "event": "search_progress", "label": "gpt2-wte:private-query", "total": 50257}
{"completed": 39936, "elapsed_seconds": 33.518, "event": "search_progress", "label": "gpt2-wte:private-query", "total": 50257}
{"completed": 40448, "elapsed_seconds": 33.886, "event": "search_progress", "label": "gpt2-wte:private-query", "total": 50257}
{"completed": 40960, "elapsed_seconds": 34.601, "event": "search_progress", "label": "gpt2-wte:private-query", "total": 50257}
{"completed": 41472, "elapsed_seconds": 35.363, "event": "search_progress", "label": "gpt2-wte:private-query", "total": 50257}
{"completed": 41984, "elapsed_seconds": 35.946, "event": "search_progress", "label": "gpt2-wte:private-query", "total": 50257}
{"completed": 42496, "elapsed_seconds": 36.076, "event": "search_progress", "label": "gpt2-wte:private-query", "total": 50257}
{"completed": 43008, "elapsed_seconds": 36.207, "event": "search_progress", "label": "gpt2-wte:private-query", "total": 50257}
{"completed": 43520, "elapsed_seconds": 36.336, "event": "search_progress", "label": "gpt2-wte:private-query", "total": 50257}
{"completed": 44032, "elapsed_seconds": 36.633, "event": "search_progress", "label": "gpt2-wte:private-query", "total": 50257}
{"completed": 44544, "elapsed_seconds": 37.337, "event": "search_progress", "label": "gpt2-wte:private-query", "total": 50257}
{"completed": 45056, "elapsed_seconds": 38.052, "event": "search_progress", "label": "gpt2-wte:private-query", "total": 50257}
{"completed": 45568, "elapsed_seconds": 38.769, "event": "search_progress", "label": "gpt2-wte:private-query", "total": 50257}
{"completed": 46080, "elapsed_seconds": 38.911, "event": "search_progress", "label": "gpt2-wte:private-query", "total": 50257}
{"completed": 46592, "elapsed_seconds": 39.041, "event": "search_progress", "label": "gpt2-wte:private-query", "total": 50257}
{"completed": 47104, "elapsed_seconds": 39.17, "event": "search_progress", "label": "gpt2-wte:private-query", "total": 50257}
{"completed": 47616, "elapsed_seconds": 39.344, "event": "search_progress", "label": "gpt2-wte:private-query", "total": 50257}
{"completed": 48128, "elapsed_seconds": 40.026, "event": "search_progress", "label": "gpt2-wte:private-query", "total": 50257}
{"completed": 48640, "elapsed_seconds": 40.757, "event": "search_progress", "label": "gpt2-wte:private-query", "total": 50257}
{"completed": 49152, "elapsed_seconds": 41.507, "event": "search_progress", "label": "gpt2-wte:private-query", "total": 50257}
{"completed": 49664, "elapsed_seconds": 41.722, "event": "search_progress", "label": "gpt2-wte:private-query", "total": 50257}
{"completed": 50176, "elapsed_seconds": 41.865, "event": "search_progress", "label": "gpt2-wte:private-query", "total": 50257}
{"completed": 50257, "elapsed_seconds": 41.983, "event": "search_progress", "label": "gpt2-wte:private-query", "total": 50257}
{"base": "gpt2", "base_revision": "607a30d783dfa663caf39e06633721c8d4cfcd7e", "certificate": {"base_unique_fraction": 1.0, "base_zero_margin_rows": 0, "certified_fraction": 0.7355393278548262, "certified_rows": 36966, "condition": "L2(private_signature, public_signature) < public_nearest_neighbor_L2 / 2", "drift_to_half_margin_ratio": {"count": 50257, "max": 8.365790367126465, "median": 0.713646650314331, "min": 0.10757376253604889, "p01": 0.34357699751853943, "p10": 0.47642984986305237, "p90": 1.553076148033142, "p99": 3.817025899887085}, "public_separation_l2": {"count": 50257, "max": 0.1363564133644104, "median": 0.032278306782245636, "min": 0.0144352987408638, "p01": 0.025248343124985695, "p10": 0.02801985666155815, "p90": 0.03883601352572441, "p99": 0.04837653040885925}, "signature_drift_l2": {"count": 50257, "max": 0.15815187990665436, "median": 0.011383342556655407, "min": 0.0032754901330918074, "p01": 0.006291063968092203, "p10": 0.008155904710292816, "p90": 0.025139130651950836, "p99": 0.05979833006858826}, "uncertified_rows": 13291}, "controlled_partial_row_update": {"interpretation": "Selected rows use the measured full-fine-tune outcome; unselected rows remain at the public base. This is a controlled row-update ablation, not an independently trained checkpoint.", "phase": [{"max_semantic_top1": 1.0, "mean_semantic_top1": 1.0, "min_semantic_top1": 1.0, "std_semantic_top1": 0.0, "updated_fraction": 0.0, "updated_rows": 0}, {"max_semantic_top1": 0.9997214318403407, "mean_semantic_top1": 0.9996149790078995, "min_semantic_top1": 0.9994826591320612, "std_semantic_top1": 5.602367123108278e-05, "updated_fraction": 0.01, "updated_rows": 503}, {"max_semantic_top1": 0.9985275682989434, "mean_semantic_top1": 0.9982410410490079, "min_semantic_top1": 0.9977515569970352, "std_semantic_top1": 0.0001972184840856294, "updated_fraction": 0.05, "updated_rows": 2513}, {"max_semantic_top1": 0.9969357502437471, "mean_semantic_top1": 0.9964263684660845, "min_semantic_top1": 0.9959209662335595, "std_semantic_top1": 0.00023045311903083782, "updated_fraction": 0.1, "updated_rows": 5026}, {"max_semantic_top1": 0.9916031597588396, "mean_semantic_top1": 0.9911892870644886, "min_semantic_top1": 0.9903496030403725, "std_semantic_top1": 0.00035564088561233293, "updated_fraction": 0.25, "updated_rows": 12564}, {"max_semantic_top1": 0.9828481604552599, "mean_semantic_top1": 0.9820781184710589, "min_semantic_top1": 0.9812762401257537, "std_semantic_top1": 0.0004293069772177781, "updated_fraction": 0.5, "updated_rows": 25128}, {"max_semantic_top1": 0.973834490717711, "mean_semantic_top1": 0.9732962572377977, "min_semantic_top1": 0.9724615476451042, "std_semantic_top1": 0.0003521658553894874, "updated_fraction": 0.75, "updated_rows": 37693}, {"max_semantic_top1": 0.9643233778379131, "mean_semantic_top1": 0.9643233778379132, "min_semantic_top1": 0.9643233778379131, "std_semantic_top1": 1.1102230246251565e-16, "updated_fraction": 1.0, "updated_rows": 50257}]}, "controlled_vocabulary_overlap": {"interpretation": "Only aligned rows can receive a public semantic label. Unaligned rows count as semantic failures, while their repeated signatures remain pseudotoken-linkable.", "phase": [{"aligned_rows": 0, "aligned_vocabulary_fraction": 0.0, "mean_conditional_aligned_top1": 0.0, "mean_overall_semantic_top1": 0.0, "std_conditional_aligned_top1": 0.0, "std_overall_semantic_top1": 0.0}, {"aligned_rows": 503, "aligned_vocabulary_fraction": 0.01, "mean_conditional_aligned_top1": 0.9619284294234592, "mean_overall_semantic_top1": 0.009627514575084066, "std_conditional_aligned_top1": 0.008155335171359326, "std_overall_semantic_top1": 8.162312894111739e-05}, {"aligned_rows": 2513, "aligned_vocabulary_fraction": 0.05, "mean_conditional_aligned_top1": 0.9650815758058098, "mean_overall_semantic_top1": 0.04825695922956007, "std_conditional_aligned_top1": 0.002547611650223996, "std_overall_semantic_top1": 0.0001273881862628673}, {"aligned_rows": 5026, "aligned_vocabulary_fraction": 0.1, "mean_conditional_aligned_top1": 0.9636689216076402, "mean_overall_semantic_top1": 0.09637264460672144, "std_conditional_aligned_top1": 0.0024200276215291024, "std_overall_semantic_top1": 0.00024201720806664312}, {"aligned_rows": 12564, "aligned_vocabulary_fraction": 0.25, "mean_conditional_aligned_top1": 0.9648877745940784, "mean_overall_semantic_top1": 0.2412171438804545, "std_conditional_aligned_top1": 0.0011234318051657052, "std_overall_semantic_top1": 0.00028085236285694816}, {"aligned_rows": 25128, "aligned_vocabulary_fraction": 0.5, "mean_conditional_aligned_top1": 0.9638471028334925, "mean_overall_semantic_top1": 0.4819139622341167, "std_conditional_aligned_top1": 0.0007928820977347309, "std_overall_semantic_top1": 0.0003964331605921228}, {"aligned_rows": 37693, "aligned_vocabulary_fraction": 0.75, "mean_conditional_aligned_top1": 0.9643289204892154, "mean_overall_semantic_top1": 0.7232514873549954, "std_conditional_aligned_top1": 0.0004641236656404098, "std_overall_semantic_top1": 0.0003480950579816632}, {"aligned_rows": 50257, "aligned_vocabulary_fraction": 1.0, "mean_conditional_aligned_top1": 0.9643233778379132, "mean_overall_semantic_top1": 0.9643233778379132, "std_conditional_aligned_top1": 1.1102230246251565e-16, "std_overall_semantic_top1": 1.1102230246251565e-16}]}, "controls": {"private_signature_exact_collision_rows": 0, "private_signature_unique_rows": 50257, "pseudotoken_repeat_linkage": "exact for equal scale-permutation signatures; distinct semantic labels are not identifiable without public alignment or anchors", "token_id_reindexing_changed_result": false, "token_id_reindexing_top1": 0.9643233778379131}, "elapsed_seconds": 86.00358438491821, "empirical": {"errors": 1793, "observed_top1": 0.9643233778379131, "score_gap": {"count": 50257, "max": 0.009401082992553711, "median": 0.0004317164421081543, "min": -0.01182711124420166, "p01": -0.0012490940280258656, "p10": 0.00021049976930953562, "p90": 0.0006794929504394531, "p99": 0.001116311177611351}, "strict_margin_failures": 1801, "strict_margin_top1": 0.9641641960323935}, "event": "pair_complete", "index_kind": "faiss.IndexFlatIP", "shape": [50257, 768], "variant": "gpt2-wte", "victim": "lvwerra/gpt2-imdb", "victim_revision": "f1bfd819c6bee6c18fa5f95bfe88d9198839a435"}
Loading weights:   0%|          | 0/148 [00:00<?, ?it/s]Loading weights: 100%|██████████| 148/148 [00:00<00:00, 3189.03it/s]
Loading weights:   0%|          | 0/149 [00:00<?, ?it/s]Loading weights: 100%|██████████| 149/149 [00:00<00:00, 10043.73it/s]
{"completed": 512, "elapsed_seconds": 0.133, "event": "search_progress", "label": "gpt2-pos0:base-margin", "total": 50257}
{"completed": 1024, "elapsed_seconds": 0.262, "event": "search_progress", "label": "gpt2-pos0:base-margin", "total": 50257}
{"completed": 1536, "elapsed_seconds": 0.606, "event": "search_progress", "label": "gpt2-pos0:base-margin", "total": 50257}
{"completed": 2048, "elapsed_seconds": 1.196, "event": "search_progress", "label": "gpt2-pos0:base-margin", "total": 50257}
{"completed": 2560, "elapsed_seconds": 1.666, "event": "search_progress", "label": "gpt2-pos0:base-margin", "total": 50257}
{"completed": 3072, "elapsed_seconds": 2.385, "event": "search_progress", "label": "gpt2-pos0:base-margin", "total": 50257}
{"completed": 3584, "elapsed_seconds": 2.72, "event": "search_progress", "label": "gpt2-pos0:base-margin", "total": 50257}
{"completed": 4096, "elapsed_seconds": 2.848, "event": "search_progress", "label": "gpt2-pos0:base-margin", "total": 50257}
{"completed": 4608, "elapsed_seconds": 2.989, "event": "search_progress", "label": "gpt2-pos0:base-margin", "total": 50257}
{"completed": 5120, "elapsed_seconds": 3.117, "event": "search_progress", "label": "gpt2-pos0:base-margin", "total": 50257}
{"completed": 5632, "elapsed_seconds": 3.605, "event": "search_progress", "label": "gpt2-pos0:base-margin", "total": 50257}
{"completed": 6144, "elapsed_seconds": 4.072, "event": "search_progress", "label": "gpt2-pos0:base-margin", "total": 50257}
{"completed": 6656, "elapsed_seconds": 4.726, "event": "search_progress", "label": "gpt2-pos0:base-margin", "total": 50257}
{"completed": 7168, "elapsed_seconds": 5.504, "event": "search_progress", "label": "gpt2-pos0:base-margin", "total": 50257}
{"completed": 7680, "elapsed_seconds": 5.632, "event": "search_progress", "label": "gpt2-pos0:base-margin", "total": 50257}
{"completed": 8192, "elapsed_seconds": 5.76, "event": "search_progress", "label": "gpt2-pos0:base-margin", "total": 50257}
{"completed": 8704, "elapsed_seconds": 5.889, "event": "search_progress", "label": "gpt2-pos0:base-margin", "total": 50257}
{"completed": 9216, "elapsed_seconds": 6.05, "event": "search_progress", "label": "gpt2-pos0:base-margin", "total": 50257}
{"completed": 9728, "elapsed_seconds": 6.67, "event": "search_progress", "label": "gpt2-pos0:base-margin", "total": 50257}
{"completed": 10240, "elapsed_seconds": 7.299, "event": "search_progress", "label": "gpt2-pos0:base-margin", "total": 50257}
{"completed": 10752, "elapsed_seconds": 8.039, "event": "search_progress", "label": "gpt2-pos0:base-margin", "total": 50257}
{"completed": 11264, "elapsed_seconds": 8.458, "event": "search_progress", "label": "gpt2-pos0:base-margin", "total": 50257}
{"completed": 11776, "elapsed_seconds": 8.591, "event": "search_progress", "label": "gpt2-pos0:base-margin", "total": 50257}
{"completed": 12288, "elapsed_seconds": 8.724, "event": "search_progress", "label": "gpt2-pos0:base-margin", "total": 50257}
{"completed": 12800, "elapsed_seconds": 8.852, "event": "search_progress", "label": "gpt2-pos0:base-margin", "total": 50257}
{"completed": 13312, "elapsed_seconds": 9.364, "event": "search_progress", "label": "gpt2-pos0:base-margin", "total": 50257}
{"completed": 13824, "elapsed_seconds": 9.803, "event": "search_progress", "label": "gpt2-pos0:base-margin", "total": 50257}
{"completed": 14336, "elapsed_seconds": 10.398, "event": "search_progress", "label": "gpt2-pos0:base-margin", "total": 50257}
{"completed": 14848, "elapsed_seconds": 11.244, "event": "search_progress", "label": "gpt2-pos0:base-margin", "total": 50257}
{"completed": 15360, "elapsed_seconds": 11.373, "event": "search_progress", "label": "gpt2-pos0:base-margin", "total": 50257}
{"completed": 15872, "elapsed_seconds": 11.503, "event": "search_progress", "label": "gpt2-pos0:base-margin", "total": 50257}
{"completed": 16384, "elapsed_seconds": 11.631, "event": "search_progress", "label": "gpt2-pos0:base-margin", "total": 50257}
{"completed": 16896, "elapsed_seconds": 11.803, "event": "search_progress", "label": "gpt2-pos0:base-margin", "total": 50257}
{"completed": 17408, "elapsed_seconds": 12.502, "event": "search_progress", "label": "gpt2-pos0:base-margin", "total": 50257}
{"completed": 17920, "elapsed_seconds": 13.021, "event": "search_progress", "label": "gpt2-pos0:base-margin", "total": 50257}
{"completed": 18432, "elapsed_seconds": 13.788, "event": "search_progress", "label": "gpt2-pos0:base-margin", "total": 50257}
{"completed": 18944, "elapsed_seconds": 14.16, "event": "search_progress", "label": "gpt2-pos0:base-margin", "total": 50257}
{"completed": 19456, "elapsed_seconds": 14.289, "event": "search_progress", "label": "gpt2-pos0:base-margin", "total": 50257}
{"completed": 19968, "elapsed_seconds": 14.417, "event": "search_progress", "label": "gpt2-pos0:base-margin", "total": 50257}
{"completed": 20480, "elapsed_seconds": 14.548, "event": "search_progress", "label": "gpt2-pos0:base-margin", "total": 50257}
{"completed": 20992, "elapsed_seconds": 14.923, "event": "search_progress", "label": "gpt2-pos0:base-margin", "total": 50257}
{"completed": 21504, "elapsed_seconds": 15.478, "event": "search_progress", "label": "gpt2-pos0:base-margin", "total": 50257}
{"completed": 22016, "elapsed_seconds": 15.974, "event": "search_progress", "label": "gpt2-pos0:base-margin", "total": 50257}
{"completed": 22528, "elapsed_seconds": 16.649, "event": "search_progress", "label": "gpt2-pos0:base-margin", "total": 50257}
{"completed": 23040, "elapsed_seconds": 17.048, "event": "search_progress", "label": "gpt2-pos0:base-margin", "total": 50257}
{"completed": 23552, "elapsed_seconds": 17.177, "event": "search_progress", "label": "gpt2-pos0:base-margin", "total": 50257}
{"completed": 24064, "elapsed_seconds": 17.305, "event": "search_progress", "label": "gpt2-pos0:base-margin", "total": 50257}
{"completed": 24576, "elapsed_seconds": 17.434, "event": "search_progress", "label": "gpt2-pos0:base-margin", "total": 50257}
{"completed": 25088, "elapsed_seconds": 18.108, "event": "search_progress", "label": "gpt2-pos0:base-margin", "total": 50257}
{"completed": 25600, "elapsed_seconds": 18.344, "event": "search_progress", "label": "gpt2-pos0:base-margin", "total": 50257}
{"completed": 26112, "elapsed_seconds": 18.783, "event": "search_progress", "label": "gpt2-pos0:base-margin", "total": 50257}
{"completed": 26624, "elapsed_seconds": 19.58, "event": "search_progress", "label": "gpt2-pos0:base-margin", "total": 50257}
{"completed": 27136, "elapsed_seconds": 19.902, "event": "search_progress", "label": "gpt2-pos0:base-margin", "total": 50257}
{"completed": 27648, "elapsed_seconds": 20.043, "event": "search_progress", "label": "gpt2-pos0:base-margin", "total": 50257}
{"completed": 28160, "elapsed_seconds": 20.171, "event": "search_progress", "label": "gpt2-pos0:base-margin", "total": 50257}
{"completed": 28672, "elapsed_seconds": 20.482, "event": "search_progress", "label": "gpt2-pos0:base-margin", "total": 50257}
{"completed": 29184, "elapsed_seconds": 21.117, "event": "search_progress", "label": "gpt2-pos0:base-margin", "total": 50257}
{"completed": 29696, "elapsed_seconds": 21.321, "event": "search_progress", "label": "gpt2-pos0:base-margin", "total": 50257}
{"completed": 30208, "elapsed_seconds": 22.101, "event": "search_progress", "label": "gpt2-pos0:base-margin", "total": 50257}
{"completed": 30720, "elapsed_seconds": 22.721, "event": "search_progress", "label": "gpt2-pos0:base-margin", "total": 50257}
{"completed": 31232, "elapsed_seconds": 22.85, "event": "search_progress", "label": "gpt2-pos0:base-margin", "total": 50257}
{"completed": 31744, "elapsed_seconds": 22.991, "event": "search_progress", "label": "gpt2-pos0:base-margin", "total": 50257}
{"completed": 32256, "elapsed_seconds": 23.139, "event": "search_progress", "label": "gpt2-pos0:base-margin", "total": 50257}
{"completed": 32768, "elapsed_seconds": 23.851, "event": "search_progress", "label": "gpt2-pos0:base-margin", "total": 50257}
{"completed": 33280, "elapsed_seconds": 24.107, "event": "search_progress", "label": "gpt2-pos0:base-margin", "total": 50257}
{"completed": 33792, "elapsed_seconds": 24.789, "event": "search_progress", "label": "gpt2-pos0:base-margin", "total": 50257}
{"completed": 34304, "elapsed_seconds": 25.532, "event": "search_progress", "label": "gpt2-pos0:base-margin", "total": 50257}
{"completed": 34816, "elapsed_seconds": 25.661, "event": "search_progress", "label": "gpt2-pos0:base-margin", "total": 50257}
{"completed": 35328, "elapsed_seconds": 25.79, "event": "search_progress", "label": "gpt2-pos0:base-margin", "total": 50257}
{"completed": 35840, "elapsed_seconds": 25.932, "event": "search_progress", "label": "gpt2-pos0:base-margin", "total": 50257}
{"completed": 36352, "elapsed_seconds": 26.422, "event": "search_progress", "label": "gpt2-pos0:base-margin", "total": 50257}
{"completed": 36864, "elapsed_seconds": 26.866, "event": "search_progress", "label": "gpt2-pos0:base-margin", "total": 50257}
{"completed": 37376, "elapsed_seconds": 27.52, "event": "search_progress", "label": "gpt2-pos0:base-margin", "total": 50257}
{"completed": 37888, "elapsed_seconds": 28.244, "event": "search_progress", "label": "gpt2-pos0:base-margin", "total": 50257}
{"completed": 38400, "elapsed_seconds": 28.508, "event": "search_progress", "label": "gpt2-pos0:base-margin", "total": 50257}
{"completed": 38912, "elapsed_seconds": 28.639, "event": "search_progress", "label": "gpt2-pos0:base-margin", "total": 50257}
{"completed": 39424, "elapsed_seconds": 28.772, "event": "search_progress", "label": "gpt2-pos0:base-margin", "total": 50257}
{"completed": 39936, "elapsed_seconds": 29.257, "event": "search_progress", "label": "gpt2-pos0:base-margin", "total": 50257}
{"completed": 40448, "elapsed_seconds": 29.832, "event": "search_progress", "label": "gpt2-pos0:base-margin", "total": 50257}
{"completed": 40960, "elapsed_seconds": 30.604, "event": "search_progress", "label": "gpt2-pos0:base-margin", "total": 50257}
{"completed": 41472, "elapsed_seconds": 31.269, "event": "search_progress", "label": "gpt2-pos0:base-margin", "total": 50257}
{"completed": 41984, "elapsed_seconds": 31.398, "event": "search_progress", "label": "gpt2-pos0:base-margin", "total": 50257}
{"completed": 42496, "elapsed_seconds": 31.526, "event": "search_progress", "label": "gpt2-pos0:base-margin", "total": 50257}
{"completed": 43008, "elapsed_seconds": 31.654, "event": "search_progress", "label": "gpt2-pos0:base-margin", "total": 50257}
{"completed": 43520, "elapsed_seconds": 32.261, "event": "search_progress", "label": "gpt2-pos0:base-margin", "total": 50257}
{"completed": 44032, "elapsed_seconds": 32.575, "event": "search_progress", "label": "gpt2-pos0:base-margin", "total": 50257}
{"completed": 44544, "elapsed_seconds": 33.207, "event": "search_progress", "label": "gpt2-pos0:base-margin", "total": 50257}
{"completed": 45056, "elapsed_seconds": 33.994, "event": "search_progress", "label": "gpt2-pos0:base-margin", "total": 50257}
{"completed": 45568, "elapsed_seconds": 34.236, "event": "search_progress", "label": "gpt2-pos0:base-margin", "total": 50257}
{"completed": 46080, "elapsed_seconds": 34.365, "event": "search_progress", "label": "gpt2-pos0:base-margin", "total": 50257}
{"completed": 46592, "elapsed_seconds": 34.515, "event": "search_progress", "label": "gpt2-pos0:base-margin", "total": 50257}
{"completed": 47104, "elapsed_seconds": 35.414, "event": "search_progress", "label": "gpt2-pos0:base-margin", "total": 50257}
{"completed": 47616, "elapsed_seconds": 35.741, "event": "search_progress", "label": "gpt2-pos0:base-margin", "total": 50257}
{"completed": 48128, "elapsed_seconds": 36.424, "event": "search_progress", "label": "gpt2-pos0:base-margin", "total": 50257}
{"completed": 48640, "elapsed_seconds": 37.04, "event": "search_progress", "label": "gpt2-pos0:base-margin", "total": 50257}
{"completed": 49152, "elapsed_seconds": 37.168, "event": "search_progress", "label": "gpt2-pos0:base-margin", "total": 50257}
{"completed": 49664, "elapsed_seconds": 37.298, "event": "search_progress", "label": "gpt2-pos0:base-margin", "total": 50257}
{"completed": 50176, "elapsed_seconds": 37.663, "event": "search_progress", "label": "gpt2-pos0:base-margin", "total": 50257}
{"completed": 50257, "elapsed_seconds": 37.848, "event": "search_progress", "label": "gpt2-pos0:base-margin", "total": 50257}
{"completed": 512, "elapsed_seconds": 0.434, "event": "search_progress", "label": "gpt2-pos0:private-query", "total": 50257}
{"completed": 1024, "elapsed_seconds": 0.907, "event": "search_progress", "label": "gpt2-pos0:private-query", "total": 50257}
{"completed": 1536, "elapsed_seconds": 1.696, "event": "search_progress", "label": "gpt2-pos0:private-query", "total": 50257}
{"completed": 2048, "elapsed_seconds": 2.096, "event": "search_progress", "label": "gpt2-pos0:private-query", "total": 50257}
{"completed": 2560, "elapsed_seconds": 2.225, "event": "search_progress", "label": "gpt2-pos0:private-query", "total": 50257}
{"completed": 3072, "elapsed_seconds": 2.432, "event": "search_progress", "label": "gpt2-pos0:private-query", "total": 50257}
{"completed": 3584, "elapsed_seconds": 3.139, "event": "search_progress", "label": "gpt2-pos0:private-query", "total": 50257}
{"completed": 4096, "elapsed_seconds": 3.394, "event": "search_progress", "label": "gpt2-pos0:private-query", "total": 50257}
{"completed": 4608, "elapsed_seconds": 4.019, "event": "search_progress", "label": "gpt2-pos0:private-query", "total": 50257}
{"completed": 5120, "elapsed_seconds": 4.829, "event": "search_progress", "label": "gpt2-pos0:private-query", "total": 50257}
{"completed": 5632, "elapsed_seconds": 4.96, "event": "search_progress", "label": "gpt2-pos0:private-query", "total": 50257}
{"completed": 6144, "elapsed_seconds": 5.114, "event": "search_progress", "label": "gpt2-pos0:private-query", "total": 50257}
{"completed": 6656, "elapsed_seconds": 5.259, "event": "search_progress", "label": "gpt2-pos0:private-query", "total": 50257}
{"completed": 7168, "elapsed_seconds": 5.879, "event": "search_progress", "label": "gpt2-pos0:private-query", "total": 50257}
{"completed": 7680, "elapsed_seconds": 6.18, "event": "search_progress", "label": "gpt2-pos0:private-query", "total": 50257}
{"completed": 8192, "elapsed_seconds": 6.432, "event": "search_progress", "label": "gpt2-pos0:private-query", "total": 50257}
{"completed": 8704, "elapsed_seconds": 7.281, "event": "search_progress", "label": "gpt2-pos0:private-query", "total": 50257}
{"completed": 9216, "elapsed_seconds": 7.703, "event": "search_progress", "label": "gpt2-pos0:private-query", "total": 50257}
{"completed": 9728, "elapsed_seconds": 7.831, "event": "search_progress", "label": "gpt2-pos0:private-query", "total": 50257}
{"completed": 10240, "elapsed_seconds": 7.959, "event": "search_progress", "label": "gpt2-pos0:private-query", "total": 50257}
{"completed": 10752, "elapsed_seconds": 8.106, "event": "search_progress", "label": "gpt2-pos0:private-query", "total": 50257}
{"completed": 11264, "elapsed_seconds": 8.794, "event": "search_progress", "label": "gpt2-pos0:private-query", "total": 50257}
{"completed": 11776, "elapsed_seconds": 9.013, "event": "search_progress", "label": "gpt2-pos0:private-query", "total": 50257}
{"completed": 12288, "elapsed_seconds": 9.417, "event": "search_progress", "label": "gpt2-pos0:private-query", "total": 50257}
{"completed": 12800, "elapsed_seconds": 10.129, "event": "search_progress", "label": "gpt2-pos0:private-query", "total": 50257}
{"completed": 13312, "elapsed_seconds": 10.561, "event": "search_progress", "label": "gpt2-pos0:private-query", "total": 50257}
{"completed": 13824, "elapsed_seconds": 10.692, "event": "search_progress", "label": "gpt2-pos0:private-query", "total": 50257}
{"completed": 14336, "elapsed_seconds": 10.823, "event": "search_progress", "label": "gpt2-pos0:private-query", "total": 50257}
{"completed": 14848, "elapsed_seconds": 11.189, "event": "search_progress", "label": "gpt2-pos0:private-query", "total": 50257}
{"completed": 15360, "elapsed_seconds": 11.752, "event": "search_progress", "label": "gpt2-pos0:private-query", "total": 50257}
{"completed": 15872, "elapsed_seconds": 11.88, "event": "search_progress", "label": "gpt2-pos0:private-query", "total": 50257}
{"completed": 16384, "elapsed_seconds": 12.346, "event": "search_progress", "label": "gpt2-pos0:private-query", "total": 50257}
{"completed": 16896, "elapsed_seconds": 13.132, "event": "search_progress", "label": "gpt2-pos0:private-query", "total": 50257}
{"completed": 17408, "elapsed_seconds": 13.402, "event": "search_progress", "label": "gpt2-pos0:private-query", "total": 50257}
{"completed": 17920, "elapsed_seconds": 13.53, "event": "search_progress", "label": "gpt2-pos0:private-query", "total": 50257}
{"completed": 18432, "elapsed_seconds": 13.66, "event": "search_progress", "label": "gpt2-pos0:private-query", "total": 50257}
{"completed": 18944, "elapsed_seconds": 14.006, "event": "search_progress", "label": "gpt2-pos0:private-query", "total": 50257}
{"completed": 19456, "elapsed_seconds": 14.592, "event": "search_progress", "label": "gpt2-pos0:private-query", "total": 50257}
{"completed": 19968, "elapsed_seconds": 14.722, "event": "search_progress", "label": "gpt2-pos0:private-query", "total": 50257}
{"completed": 20480, "elapsed_seconds": 15.007, "event": "search_progress", "label": "gpt2-pos0:private-query", "total": 50257}
{"completed": 20992, "elapsed_seconds": 15.783, "event": "search_progress", "label": "gpt2-pos0:private-query", "total": 50257}
{"completed": 21504, "elapsed_seconds": 16.201, "event": "search_progress", "label": "gpt2-pos0:private-query", "total": 50257}
{"completed": 22016, "elapsed_seconds": 16.336, "event": "search_progress", "label": "gpt2-pos0:private-query", "total": 50257}
{"completed": 22528, "elapsed_seconds": 16.464, "event": "search_progress", "label": "gpt2-pos0:private-query", "total": 50257}
{"completed": 23040, "elapsed_seconds": 16.621, "event": "search_progress", "label": "gpt2-pos0:private-query", "total": 50257}
{"completed": 23552, "elapsed_seconds": 17.255, "event": "search_progress", "label": "gpt2-pos0:private-query", "total": 50257}
{"completed": 24064, "elapsed_seconds": 17.52, "event": "search_progress", "label": "gpt2-pos0:private-query", "total": 50257}
{"completed": 24576, "elapsed_seconds": 17.651, "event": "search_progress", "label": "gpt2-pos0:private-query", "total": 50257}
{"completed": 25088, "elapsed_seconds": 18.289, "event": "search_progress", "label": "gpt2-pos0:private-query", "total": 50257}
{"completed": 25600, "elapsed_seconds": 19.008, "event": "search_progress", "label": "gpt2-pos0:private-query", "total": 50257}
{"completed": 26112, "elapsed_seconds": 19.153, "event": "search_progress", "label": "gpt2-pos0:private-query", "total": 50257}
{"completed": 26624, "elapsed_seconds": 19.281, "event": "search_progress", "label": "gpt2-pos0:private-query", "total": 50257}
{"completed": 27136, "elapsed_seconds": 19.41, "event": "search_progress", "label": "gpt2-pos0:private-query", "total": 50257}
{"completed": 27648, "elapsed_seconds": 19.909, "event": "search_progress", "label": "gpt2-pos0:private-query", "total": 50257}
{"completed": 28160, "elapsed_seconds": 20.339, "event": "search_progress", "label": "gpt2-pos0:private-query", "total": 50257}
{"completed": 28672, "elapsed_seconds": 20.467, "event": "search_progress", "label": "gpt2-pos0:private-query", "total": 50257}
{"completed": 29184, "elapsed_seconds": 20.931, "event": "search_progress", "label": "gpt2-pos0:private-query", "total": 50257}
{"completed": 29696, "elapsed_seconds": 21.63, "event": "search_progress", "label": "gpt2-pos0:private-query", "total": 50257}
{"completed": 30208, "elapsed_seconds": 21.959, "event": "search_progress", "label": "gpt2-pos0:private-query", "total": 50257}
{"completed": 30720, "elapsed_seconds": 22.099, "event": "search_progress", "label": "gpt2-pos0:private-query", "total": 50257}
{"completed": 31232, "elapsed_seconds": 22.228, "event": "search_progress", "label": "gpt2-pos0:private-query", "total": 50257}
{"completed": 31744, "elapsed_seconds": 22.647, "event": "search_progress", "label": "gpt2-pos0:private-query", "total": 50257}
{"completed": 32256, "elapsed_seconds": 23.148, "event": "search_progress", "label": "gpt2-pos0:private-query", "total": 50257}
{"completed": 32768, "elapsed_seconds": 23.276, "event": "search_progress", "label": "gpt2-pos0:private-query", "total": 50257}
{"completed": 33280, "elapsed_seconds": 23.405, "event": "search_progress", "label": "gpt2-pos0:private-query", "total": 50257}
{"completed": 33792, "elapsed_seconds": 23.913, "event": "search_progress", "label": "gpt2-pos0:private-query", "total": 50257}
{"completed": 34304, "elapsed_seconds": 24.688, "event": "search_progress", "label": "gpt2-pos0:private-query", "total": 50257}
{"completed": 34816, "elapsed_seconds": 24.878, "event": "search_progress", "label": "gpt2-pos0:private-query", "total": 50257}
{"completed": 35328, "elapsed_seconds": 25.006, "event": "search_progress", "label": "gpt2-pos0:private-query", "total": 50257}
{"completed": 35840, "elapsed_seconds": 25.188, "event": "search_progress", "label": "gpt2-pos0:private-query", "total": 50257}
{"completed": 36352, "elapsed_seconds": 25.864, "event": "search_progress", "label": "gpt2-pos0:private-query", "total": 50257}
{"completed": 36864, "elapsed_seconds": 26.091, "event": "search_progress", "label": "gpt2-pos0:private-query", "total": 50257}
{"completed": 37376, "elapsed_seconds": 26.22, "event": "search_progress", "label": "gpt2-pos0:private-query", "total": 50257}
{"completed": 37888, "elapsed_seconds": 26.516, "event": "search_progress", "label": "gpt2-pos0:private-query", "total": 50257}
{"completed": 38400, "elapsed_seconds": 27.276, "event": "search_progress", "label": "gpt2-pos0:private-query", "total": 50257}
{"completed": 38912, "elapsed_seconds": 27.716, "event": "search_progress", "label": "gpt2-pos0:private-query", "total": 50257}
{"completed": 39424, "elapsed_seconds": 27.845, "event": "search_progress", "label": "gpt2-pos0:private-query", "total": 50257}
{"completed": 39936, "elapsed_seconds": 27.991, "event": "search_progress", "label": "gpt2-pos0:private-query", "total": 50257}
{"completed": 40448, "elapsed_seconds": 28.513, "event": "search_progress", "label": "gpt2-pos0:private-query", "total": 50257}
{"completed": 40960, "elapsed_seconds": 28.917, "event": "search_progress", "label": "gpt2-pos0:private-query", "total": 50257}
{"completed": 41472, "elapsed_seconds": 29.046, "event": "search_progress", "label": "gpt2-pos0:private-query", "total": 50257}
{"completed": 41984, "elapsed_seconds": 29.205, "event": "search_progress", "label": "gpt2-pos0:private-query", "total": 50257}
{"completed": 42496, "elapsed_seconds": 29.803, "event": "search_progress", "label": "gpt2-pos0:private-query", "total": 50257}
{"completed": 43008, "elapsed_seconds": 30.547, "event": "search_progress", "label": "gpt2-pos0:private-query", "total": 50257}
{"completed": 43520, "elapsed_seconds": 30.676, "event": "search_progress", "label": "gpt2-pos0:private-query", "total": 50257}
{"completed": 44032, "elapsed_seconds": 30.807, "event": "search_progress", "label": "gpt2-pos0:private-query", "total": 50257}
{"completed": 44544, "elapsed_seconds": 31.322, "event": "search_progress", "label": "gpt2-pos0:private-query", "total": 50257}
{"completed": 45056, "elapsed_seconds": 31.703, "event": "search_progress", "label": "gpt2-pos0:private-query", "total": 50257}
{"completed": 45568, "elapsed_seconds": 31.832, "event": "search_progress", "label": "gpt2-pos0:private-query", "total": 50257}
{"completed": 46080, "elapsed_seconds": 31.96, "event": "search_progress", "label": "gpt2-pos0:private-query", "total": 50257}
{"completed": 46592, "elapsed_seconds": 32.117, "event": "search_progress", "label": "gpt2-pos0:private-query", "total": 50257}
{"completed": 47104, "elapsed_seconds": 32.935, "event": "search_progress", "label": "gpt2-pos0:private-query", "total": 50257}
{"completed": 47616, "elapsed_seconds": 33.439, "event": "search_progress", "label": "gpt2-pos0:private-query", "total": 50257}
{"completed": 48128, "elapsed_seconds": 33.567, "event": "search_progress", "label": "gpt2-pos0:private-query", "total": 50257}
{"completed": 48640, "elapsed_seconds": 33.96, "event": "search_progress", "label": "gpt2-pos0:private-query", "total": 50257}
{"completed": 49152, "elapsed_seconds": 34.493, "event": "search_progress", "label": "gpt2-pos0:private-query", "total": 50257}
{"completed": 49664, "elapsed_seconds": 34.622, "event": "search_progress", "label": "gpt2-pos0:private-query", "total": 50257}
{"completed": 50176, "elapsed_seconds": 34.754, "event": "search_progress", "label": "gpt2-pos0:private-query", "total": 50257}
{"completed": 50257, "elapsed_seconds": 34.876, "event": "search_progress", "label": "gpt2-pos0:private-query", "total": 50257}
{"base": "gpt2", "base_revision": "607a30d783dfa663caf39e06633721c8d4cfcd7e", "certificate": {"base_unique_fraction": 1.0, "base_zero_margin_rows": 0, "certified_fraction": 0.9749686610820383, "certified_rows": 48999, "condition": "L2(private_signature, public_signature) < public_nearest_neighbor_L2 / 2", "drift_to_half_margin_ratio": {"count": 50257, "max": 1.9619107246398926, "median": 0.4238344430923462, "min": 0.055915724486112595, "p01": 0.2827358841896057, "p10": 0.3349887430667877, "p90": 0.7634990215301514, "p99": 1.133847713470459}, "public_separation_l2": {"count": 50257, "max": 0.2362607717514038, "median": 0.03149319440126419, "min": 0.006137600168585777, "p01": 0.02152160368859768, "p10": 0.027321942150592804, "p90": 0.03689093142747879, "p99": 0.04423251748085022}, "signature_drift_l2": {"count": 50257, "max": 0.026616927236318588, "median": 0.0064869774505496025, "min": 0.00461935717612505, "p01": 0.005144362337887287, "p10": 0.005524271633476019, "p90": 0.01194044854491949, "p99": 0.01656562089920044}, "uncertified_rows": 1258}, "controlled_partial_row_update": {"interpretation": "Selected rows use the measured full-fine-tune outcome; unselected rows remain at the public base. This is a controlled row-update ablation, not an independently trained checkpoint.", "phase": [{"max_semantic_top1": 1.0, "mean_semantic_top1": 1.0, "min_semantic_top1": 1.0, "std_semantic_top1": 0.0, "updated_fraction": 0.0, "updated_rows": 0}, {"max_semantic_top1": 1.0, "mean_semantic_top1": 1.0, "min_semantic_top1": 1.0, "std_semantic_top1": 0.0, "updated_fraction": 0.01, "updated_rows": 503}, {"max_semantic_top1": 1.0, "mean_semantic_top1": 1.0, "min_semantic_top1": 1.0, "std_semantic_top1": 0.0, "updated_fraction": 0.05, "updated_rows": 2513}, {"max_semantic_top1": 1.0, "mean_semantic_top1": 1.0, "min_semantic_top1": 1.0, "std_semantic_top1": 0.0, "updated_fraction": 0.1, "updated_rows": 5026}, {"max_semantic_top1": 1.0, "mean_semantic_top1": 1.0, "min_semantic_top1": 1.0, "std_semantic_top1": 0.0, "updated_fraction": 0.25, "updated_rows": 12564}, {"max_semantic_top1": 1.0, "mean_semantic_top1": 1.0, "min_semantic_top1": 1.0, "std_semantic_top1": 0.0, "updated_fraction": 0.5, "updated_rows": 25128}, {"max_semantic_top1": 1.0, "mean_semantic_top1": 1.0, "min_semantic_top1": 1.0, "std_semantic_top1": 0.0, "updated_fraction": 0.75, "updated_rows": 37693}, {"max_semantic_top1": 1.0, "mean_semantic_top1": 1.0, "min_semantic_top1": 1.0, "std_semantic_top1": 0.0, "updated_fraction": 1.0, "updated_rows": 50257}]}, "controlled_vocabulary_overlap": {"interpretation": "Only aligned rows can receive a public semantic label. Unaligned rows count as semantic failures, while their repeated signatures remain pseudotoken-linkable.", "phase": [{"aligned_rows": 0, "aligned_vocabulary_fraction": 0.0, "mean_conditional_aligned_top1": 0.0, "mean_overall_semantic_top1": 0.0, "std_conditional_aligned_top1": 0.0, "std_overall_semantic_top1": 0.0}, {"aligned_rows": 503, "aligned_vocabulary_fraction": 0.01, "mean_conditional_aligned_top1": 1.0, "mean_overall_semantic_top1": 0.010008556022046679, "std_conditional_aligned_top1": 0.0, "std_overall_semantic_top1": 1.734723475976807e-18}, {"aligned_rows": 2513, "aligned_vocabulary_fraction": 0.05, "mean_conditional_aligned_top1": 1.0, "mean_overall_semantic_top1": 0.050002984658853486, "std_conditional_aligned_top1": 0.0, "std_overall_semantic_top1": 6.938893903907228e-18}, {"aligned_rows": 5026, "aligned_vocabulary_fraction": 0.1, "mean_conditional_aligned_top1": 1.0, "mean_overall_semantic_top1": 0.10000596931770697, "std_conditional_aligned_top1": 0.0, "std_overall_semantic_top1": 1.3877787807814457e-17}, {"aligned_rows": 12564, "aligned_vocabulary_fraction": 0.25, "mean_conditional_aligned_top1": 1.0, "mean_overall_semantic_top1": 0.24999502556857753, "std_conditional_aligned_top1": 0.0, "std_overall_semantic_top1": 2.7755575615628914e-17}, {"aligned_rows": 25128, "aligned_vocabulary_fraction": 0.5, "mean_conditional_aligned_top1": 1.0, "mean_overall_semantic_top1": 0.49999005113715506, "std_conditional_aligned_top1": 0.0, "std_overall_semantic_top1": 5.551115123125783e-17}, {"aligned_rows": 37693, "aligned_vocabulary_fraction": 0.75, "mean_conditional_aligned_top1": 1.0, "mean_overall_semantic_top1": 0.7500049744314226, "std_conditional_aligned_top1": 0.0, "std_overall_semantic_top1": 1.1102230246251565e-16}, {"aligned_rows": 50257, "aligned_vocabulary_fraction": 1.0, "mean_conditional_aligned_top1": 1.0, "mean_overall_semantic_top1": 1.0, "std_conditional_aligned_top1": 0.0, "std_overall_semantic_top1": 0.0}]}, "controls": {"private_signature_exact_collision_rows": 0, "private_signature_unique_rows": 50257, "pseudotoken_repeat_linkage": "exact for equal scale-permutation signatures; distinct semantic labels are not identifiable without public alignment or anchors", "token_id_reindexing_changed_result": false, "token_id_reindexing_top1": 1.0}, "elapsed_seconds": 77.68371558189392, "empirical": {"errors": 0, "observed_top1": 1.0, "score_gap": {"count": 50257, "max": 0.02793741226196289, "median": 0.0004622340202331543, "min": 1.0728836059570312e-05, "p01": 0.00019925832748413086, "p10": 0.0003408193588256836, "p90": 0.0006445646286010742, "p99": 0.0009432032238692045}, "strict_margin_failures": 0, "strict_margin_top1": 1.0}, "event": "pair_complete", "index_kind": "faiss.IndexFlatIP", "shape": [50257, 768], "variant": "gpt2-pos0", "victim": "lvwerra/gpt2-imdb", "victim_revision": "f1bfd819c6bee6c18fa5f95bfe88d9198839a435"}
Loading weights:   0%|          | 0/199 [00:00<?, ?it/s]Loading weights: 100%|██████████| 199/199 [00:00<00:00, 4061.38it/s]
[1mBertModel LOAD REPORT[0m from: bert-base-uncased
Key                                        | Status     |  | 
-------------------------------------------+------------+--+-
cls.predictions.transform.LayerNorm.weight | UNEXPECTED |  | 
cls.predictions.bias                       | UNEXPECTED |  | 
cls.seq_relationship.bias                  | UNEXPECTED |  | 
cls.seq_relationship.weight                | UNEXPECTED |  | 
cls.predictions.transform.LayerNorm.bias   | UNEXPECTED |  | 
cls.predictions.transform.dense.bias       | UNEXPECTED |  | 
cls.predictions.transform.dense.weight     | UNEXPECTED |  | 

Notes:
- UNEXPECTED:	can be ignored when loading from different task/architecture; not ok if you expect identical arch.
Loading weights:   0%|          | 0/199 [00:00<?, ?it/s]Loading weights: 100%|██████████| 199/199 [00:00<00:00, 25736.69it/s]
[1mBertModel LOAD REPORT[0m from: textattack/bert-base-uncased-SST-2
Key               | Status     |  | 
------------------+------------+--+-
classifier.bias   | UNEXPECTED |  | 
classifier.weight | UNEXPECTED |  | 

Notes:
- UNEXPECTED:	can be ignored when loading from different task/architecture; not ok if you expect identical arch.
{"completed": 512, "elapsed_seconds": 0.301, "event": "search_progress", "label": "bert-wte:base-margin", "total": 30522}
{"completed": 1024, "elapsed_seconds": 0.382, "event": "search_progress", "label": "bert-wte:base-margin", "total": 30522}
{"completed": 1536, "elapsed_seconds": 0.465, "event": "search_progress", "label": "bert-wte:base-margin", "total": 30522}
{"completed": 2048, "elapsed_seconds": 0.545, "event": "search_progress", "label": "bert-wte:base-margin", "total": 30522}
{"completed": 2560, "elapsed_seconds": 0.674, "event": "search_progress", "label": "bert-wte:base-margin", "total": 30522}
{"completed": 3072, "elapsed_seconds": 1.073, "event": "search_progress", "label": "bert-wte:base-margin", "total": 30522}
{"completed": 3584, "elapsed_seconds": 1.434, "event": "search_progress", "label": "bert-wte:base-margin", "total": 30522}
{"completed": 4096, "elapsed_seconds": 1.513, "event": "search_progress", "label": "bert-wte:base-margin", "total": 30522}
{"completed": 4608, "elapsed_seconds": 1.593, "event": "search_progress", "label": "bert-wte:base-margin", "total": 30522}
{"completed": 5120, "elapsed_seconds": 1.724, "event": "search_progress", "label": "bert-wte:base-margin", "total": 30522}
{"completed": 5632, "elapsed_seconds": 1.804, "event": "search_progress", "label": "bert-wte:base-margin", "total": 30522}
{"completed": 6144, "elapsed_seconds": 2.132, "event": "search_progress", "label": "bert-wte:base-margin", "total": 30522}
{"completed": 6656, "elapsed_seconds": 2.571, "event": "search_progress", "label": "bert-wte:base-margin", "total": 30522}
{"completed": 7168, "elapsed_seconds": 3.052, "event": "search_progress", "label": "bert-wte:base-margin", "total": 30522}
{"completed": 7680, "elapsed_seconds": 3.186, "event": "search_progress", "label": "bert-wte:base-margin", "total": 30522}
{"completed": 8192, "elapsed_seconds": 3.266, "event": "search_progress", "label": "bert-wte:base-margin", "total": 30522}
{"completed": 8704, "elapsed_seconds": 3.346, "event": "search_progress", "label": "bert-wte:base-margin", "total": 30522}
{"completed": 9216, "elapsed_seconds": 3.442, "event": "search_progress", "label": "bert-wte:base-margin", "total": 30522}
{"completed": 9728, "elapsed_seconds": 3.814, "event": "search_progress", "label": "bert-wte:base-margin", "total": 30522}
{"completed": 10240, "elapsed_seconds": 4.17, "event": "search_progress", "label": "bert-wte:base-margin", "total": 30522}
{"completed": 10752, "elapsed_seconds": 4.335, "event": "search_progress", "label": "bert-wte:base-margin", "total": 30522}
{"completed": 11264, "elapsed_seconds": 4.414, "event": "search_progress", "label": "bert-wte:base-margin", "total": 30522}
{"completed": 11776, "elapsed_seconds": 4.499, "event": "search_progress", "label": "bert-wte:base-margin", "total": 30522}
{"completed": 12288, "elapsed_seconds": 4.578, "event": "search_progress", "label": "bert-wte:base-margin", "total": 30522}
{"completed": 12800, "elapsed_seconds": 4.682, "event": "search_progress", "label": "bert-wte:base-margin", "total": 30522}
{"completed": 13312, "elapsed_seconds": 5.087, "event": "search_progress", "label": "bert-wte:base-margin", "total": 30522}
{"completed": 13824, "elapsed_seconds": 5.576, "event": "search_progress", "label": "bert-wte:base-margin", "total": 30522}
{"completed": 14336, "elapsed_seconds": 5.959, "event": "search_progress", "label": "bert-wte:base-margin", "total": 30522}
{"completed": 14848, "elapsed_seconds": 6.038, "event": "search_progress", "label": "bert-wte:base-margin", "total": 30522}
{"completed": 15360, "elapsed_seconds": 6.117, "event": "search_progress", "label": "bert-wte:base-margin", "total": 30522}
{"completed": 15872, "elapsed_seconds": 6.196, "event": "search_progress", "label": "bert-wte:base-margin", "total": 30522}
{"completed": 16384, "elapsed_seconds": 6.289, "event": "search_progress", "label": "bert-wte:base-margin", "total": 30522}
{"completed": 16896, "elapsed_seconds": 6.653, "event": "search_progress", "label": "bert-wte:base-margin", "total": 30522}
{"completed": 17408, "elapsed_seconds": 7.111, "event": "search_progress", "label": "bert-wte:base-margin", "total": 30522}
{"completed": 17920, "elapsed_seconds": 7.191, "event": "search_progress", "label": "bert-wte:base-margin", "total": 30522}
{"completed": 18432, "elapsed_seconds": 7.27, "event": "search_progress", "label": "bert-wte:base-margin", "total": 30522}
{"completed": 18944, "elapsed_seconds": 7.349, "event": "search_progress", "label": "bert-wte:base-margin", "total": 30522}
{"completed": 19456, "elapsed_seconds": 7.428, "event": "search_progress", "label": "bert-wte:base-margin", "total": 30522}
{"completed": 19968, "elapsed_seconds": 7.555, "event": "search_progress", "label": "bert-wte:base-margin", "total": 30522}
{"completed": 20480, "elapsed_seconds": 7.972, "event": "search_progress", "label": "bert-wte:base-margin", "total": 30522}
{"completed": 20992, "elapsed_seconds": 8.435, "event": "search_progress", "label": "bert-wte:base-margin", "total": 30522}
{"completed": 21504, "elapsed_seconds": 8.805, "event": "search_progress", "label": "bert-wte:base-margin", "total": 30522}
{"completed": 22016, "elapsed_seconds": 8.884, "event": "search_progress", "label": "bert-wte:base-margin", "total": 30522}
{"completed": 22528, "elapsed_seconds": 8.963, "event": "search_progress", "label": "bert-wte:base-margin", "total": 30522}
{"completed": 23040, "elapsed_seconds": 9.043, "event": "search_progress", "label": "bert-wte:base-margin", "total": 30522}
{"completed": 23552, "elapsed_seconds": 9.14, "event": "search_progress", "label": "bert-wte:base-margin", "total": 30522}
{"completed": 24064, "elapsed_seconds": 9.49, "event": "search_progress", "label": "bert-wte:base-margin", "total": 30522}
{"completed": 24576, "elapsed_seconds": 9.863, "event": "search_progress", "label": "bert-wte:base-margin", "total": 30522}
{"completed": 25088, "elapsed_seconds": 10.024, "event": "search_progress", "label": "bert-wte:base-margin", "total": 30522}
{"completed": 25600, "elapsed_seconds": 10.103, "event": "search_progress", "label": "bert-wte:base-margin", "total": 30522}
{"completed": 26112, "elapsed_seconds": 10.185, "event": "search_progress", "label": "bert-wte:base-margin", "total": 30522}
{"completed": 26624, "elapsed_seconds": 10.265, "event": "search_progress", "label": "bert-wte:base-margin", "total": 30522}
{"completed": 27136, "elapsed_seconds": 10.363, "event": "search_progress", "label": "bert-wte:base-margin", "total": 30522}
{"completed": 27648, "elapsed_seconds": 10.766, "event": "search_progress", "label": "bert-wte:base-margin", "total": 30522}
{"completed": 28160, "elapsed_seconds": 11.249, "event": "search_progress", "label": "bert-wte:base-margin", "total": 30522}
{"completed": 28672, "elapsed_seconds": 11.656, "event": "search_progress", "label": "bert-wte:base-margin", "total": 30522}
{"completed": 29184, "elapsed_seconds": 11.784, "event": "search_progress", "label": "bert-wte:base-margin", "total": 30522}
{"completed": 29696, "elapsed_seconds": 11.864, "event": "search_progress", "label": "bert-wte:base-margin", "total": 30522}
{"completed": 30208, "elapsed_seconds": 11.945, "event": "search_progress", "label": "bert-wte:base-margin", "total": 30522}
{"completed": 30522, "elapsed_seconds": 12.128, "event": "search_progress", "label": "bert-wte:base-margin", "total": 30522}
{"completed": 512, "elapsed_seconds": 0.434, "event": "search_progress", "label": "bert-wte:private-query", "total": 30522}
{"completed": 1024, "elapsed_seconds": 0.694, "event": "search_progress", "label": "bert-wte:private-query", "total": 30522}
{"completed": 1536, "elapsed_seconds": 0.773, "event": "search_progress", "label": "bert-wte:private-query", "total": 30522}
{"completed": 2048, "elapsed_seconds": 0.853, "event": "search_progress", "label": "bert-wte:private-query", "total": 30522}
{"completed": 2560, "elapsed_seconds": 0.931, "event": "search_progress", "label": "bert-wte:private-query", "total": 30522}
{"completed": 3072, "elapsed_seconds": 1.01, "event": "search_progress", "label": "bert-wte:private-query", "total": 30522}
{"completed": 3584, "elapsed_seconds": 1.241, "event": "search_progress", "label": "bert-wte:private-query", "total": 30522}
{"completed": 4096, "elapsed_seconds": 1.695, "event": "search_progress", "label": "bert-wte:private-query", "total": 30522}
{"completed": 4608, "elapsed_seconds": 2.121, "event": "search_progress", "label": "bert-wte:private-query", "total": 30522}
{"completed": 5120, "elapsed_seconds": 2.393, "event": "search_progress", "label": "bert-wte:private-query", "total": 30522}
{"completed": 5632, "elapsed_seconds": 2.472, "event": "search_progress", "label": "bert-wte:private-query", "total": 30522}
{"completed": 6144, "elapsed_seconds": 2.563, "event": "search_progress", "label": "bert-wte:private-query", "total": 30522}
{"completed": 6656, "elapsed_seconds": 2.644, "event": "search_progress", "label": "bert-wte:private-query", "total": 30522}
{"completed": 7168, "elapsed_seconds": 2.885, "event": "search_progress", "label": "bert-wte:private-query", "total": 30522}
{"completed": 7680, "elapsed_seconds": 3.28, "event": "search_progress", "label": "bert-wte:private-query", "total": 30522}
{"completed": 8192, "elapsed_seconds": 3.579, "event": "search_progress", "label": "bert-wte:private-query", "total": 30522}
{"completed": 8704, "elapsed_seconds": 3.658, "event": "search_progress", "label": "bert-wte:private-query", "total": 30522}
{"completed": 9216, "elapsed_seconds": 3.737, "event": "search_progress", "label": "bert-wte:private-query", "total": 30522}
{"completed": 9728, "elapsed_seconds": 3.816, "event": "search_progress", "label": "bert-wte:private-query", "total": 30522}
{"completed": 10240, "elapsed_seconds": 3.918, "event": "search_progress", "label": "bert-wte:private-query", "total": 30522}
{"completed": 10752, "elapsed_seconds": 4.334, "event": "search_progress", "label": "bert-wte:private-query", "total": 30522}
{"completed": 11264, "elapsed_seconds": 4.795, "event": "search_progress", "label": "bert-wte:private-query", "total": 30522}
{"completed": 11776, "elapsed_seconds": 5.22, "event": "search_progress", "label": "bert-wte:private-query", "total": 30522}
{"completed": 12288, "elapsed_seconds": 5.301, "event": "search_progress", "label": "bert-wte:private-query", "total": 30522}
{"completed": 12800, "elapsed_seconds": 5.379, "event": "search_progress", "label": "bert-wte:private-query", "total": 30522}
{"completed": 13312, "elapsed_seconds": 5.457, "event": "search_progress", "label": "bert-wte:private-query", "total": 30522}
{"completed": 13824, "elapsed_seconds": 5.559, "event": "search_progress", "label": "bert-wte:private-query", "total": 30522}
{"completed": 14336, "elapsed_seconds": 5.877, "event": "search_progress", "label": "bert-wte:private-query", "total": 30522}
{"completed": 14848, "elapsed_seconds": 6.302, "event": "search_progress", "label": "bert-wte:private-query", "total": 30522}
{"completed": 15360, "elapsed_seconds": 6.456, "event": "search_progress", "label": "bert-wte:private-query", "total": 30522}
{"completed": 15872, "elapsed_seconds": 6.547, "event": "search_progress", "label": "bert-wte:private-query", "total": 30522}
{"completed": 16384, "elapsed_seconds": 6.626, "event": "search_progress", "label": "bert-wte:private-query", "total": 30522}
{"completed": 16896, "elapsed_seconds": 6.704, "event": "search_progress", "label": "bert-wte:private-query", "total": 30522}
{"completed": 17408, "elapsed_seconds": 6.836, "event": "search_progress", "label": "bert-wte:private-query", "total": 30522}
{"completed": 17920, "elapsed_seconds": 7.283, "event": "search_progress", "label": "bert-wte:private-query", "total": 30522}
{"completed": 18432, "elapsed_seconds": 7.701, "event": "search_progress", "label": "bert-wte:private-query", "total": 30522}
{"completed": 18944, "elapsed_seconds": 8.195, "event": "search_progress", "label": "bert-wte:private-query", "total": 30522}
{"completed": 19456, "elapsed_seconds": 8.553, "event": "search_progress", "label": "bert-wte:private-query", "total": 30522}
{"completed": 19968, "elapsed_seconds": 8.946, "event": "search_progress", "label": "bert-wte:private-query", "total": 30522}
{"completed": 20480, "elapsed_seconds": 9.302, "event": "search_progress", "label": "bert-wte:private-query", "total": 30522}
{"completed": 20992, "elapsed_seconds": 9.381, "event": "search_progress", "label": "bert-wte:private-query", "total": 30522}
{"completed": 21504, "elapsed_seconds": 9.459, "event": "search_progress", "label": "bert-wte:private-query", "total": 30522}
{"completed": 22016, "elapsed_seconds": 9.573, "event": "search_progress", "label": "bert-wte:private-query", "total": 30522}
{"completed": 22528, "elapsed_seconds": 9.78, "event": "search_progress", "label": "bert-wte:private-query", "total": 30522}
{"completed": 23040, "elapsed_seconds": 10.176, "event": "search_progress", "label": "bert-wte:private-query", "total": 30522}
{"completed": 23552, "elapsed_seconds": 10.637, "event": "search_progress", "label": "bert-wte:private-query", "total": 30522}
{"completed": 24064, "elapsed_seconds": 10.956, "event": "search_progress", "label": "bert-wte:private-query", "total": 30522}
{"completed": 24576, "elapsed_seconds": 11.034, "event": "search_progress", "label": "bert-wte:private-query", "total": 30522}
{"completed": 25088, "elapsed_seconds": 11.114, "event": "search_progress", "label": "bert-wte:private-query", "total": 30522}
{"completed": 25600, "elapsed_seconds": 11.193, "event": "search_progress", "label": "bert-wte:private-query", "total": 30522}
{"completed": 26112, "elapsed_seconds": 11.271, "event": "search_progress", "label": "bert-wte:private-query", "total": 30522}
{"completed": 26624, "elapsed_seconds": 11.42, "event": "search_progress", "label": "bert-wte:private-query", "total": 30522}
{"completed": 27136, "elapsed_seconds": 11.85, "event": "search_progress", "label": "bert-wte:private-query", "total": 30522}
{"completed": 27648, "elapsed_seconds": 12.197, "event": "search_progress", "label": "bert-wte:private-query", "total": 30522}
{"completed": 28160, "elapsed_seconds": 12.278, "event": "search_progress", "label": "bert-wte:private-query", "total": 30522}
{"completed": 28672, "elapsed_seconds": 12.361, "event": "search_progress", "label": "bert-wte:private-query", "total": 30522}
{"completed": 29184, "elapsed_seconds": 12.44, "event": "search_progress", "label": "bert-wte:private-query", "total": 30522}
{"completed": 29696, "elapsed_seconds": 12.748, "event": "search_progress", "label": "bert-wte:private-query", "total": 30522}
{"completed": 30208, "elapsed_seconds": 13.254, "event": "search_progress", "label": "bert-wte:private-query", "total": 30522}
{"completed": 30522, "elapsed_seconds": 13.645, "event": "search_progress", "label": "bert-wte:private-query", "total": 30522}
{"base": "bert-base-uncased", "base_revision": "86b5e0934494bd15c9632b12f734a8a67f723594", "certificate": {"base_unique_fraction": 1.0, "base_zero_margin_rows": 0, "certified_fraction": 0.9991153921761352, "certified_rows": 30495, "condition": "L2(private_signature, public_signature) < public_nearest_neighbor_L2 / 2", "drift_to_half_margin_ratio": {"count": 30522, "max": 68.82597351074219, "median": 0.0253438800573349, "min": 0.0, "p01": 0.0, "p10": 0.0, "p90": 0.48888662457466125, "p99": 0.6643869876861572}, "public_separation_l2": {"count": 30522, "max": 0.40846967697143555, "median": 0.0318806916475296, "min": 0.01696733385324478, "p01": 0.020601214841008186, "p10": 0.0264709684997797, "p90": 0.040987856686115265, "p99": 0.05250601842999458}, "signature_drift_l2": {"count": 30522, "max": 1.1785632371902466, "median": 0.00048828125, "min": 0.0, "p01": 0.0, "p10": 0.0, "p90": 0.0077589103020727634, "p99": 0.010024641640484333}, "uncertified_rows": 27}, "controlled_partial_row_update": {"interpretation": "Selected rows use the measured full-fine-tune outcome; unselected rows remain at the public base. This is a controlled row-update ablation, not an independently trained checkpoint.", "phase": [{"max_semantic_top1": 1.0, "mean_semantic_top1": 1.0, "min_semantic_top1": 1.0, "std_semantic_top1": 0.0, "updated_fraction": 0.0, "updated_rows": 0}, {"max_semantic_top1": 1.0, "mean_semantic_top1": 0.9999967236747264, "min_semantic_top1": 0.9999672367472643, "std_semantic_top1": 9.828975820713738e-06, "updated_fraction": 0.01, "updated_rows": 305}, {"max_semantic_top1": 1.0, "mean_semantic_top1": 0.9999557696088068, "min_semantic_top1": 0.999868946989057, "std_semantic_top1": 3.321069217729884e-05, "updated_fraction": 0.05, "updated_rows": 1526}, {"max_semantic_top1": 0.9999672367472643, "mean_semantic_top1": 0.9999148155428872, "min_semantic_top1": 0.9998034204835856, "std_semantic_top1": 4.679528489971611e-05, "updated_fraction": 0.1, "updated_rows": 3052}, {"max_semantic_top1": 0.9999344734945286, "mean_semantic_top1": 0.9997854006945808, "min_semantic_top1": 0.9996723674726427, "std_semantic_top1": 6.672371356534005e-05, "updated_fraction": 0.25, "updated_rows": 7630}, {"max_semantic_top1": 0.9997051307253784, "mean_semantic_top1": 0.9995544197627939, "min_semantic_top1": 0.9994430247034926, "std_semantic_top1": 8.249576247961126e-05, "updated_fraction": 0.5, "updated_rows": 15261}, {"max_semantic_top1": 0.999508551208964, "mean_semantic_top1": 0.9993791363606578, "min_semantic_top1": 0.9992136819343425, "std_semantic_top1": 8.18917485744658e-05, "updated_fraction": 0.75, "updated_rows": 22892}, {"max_semantic_top1": 0.999148155428871, "mean_semantic_top1": 0.9991481554288708, "min_semantic_top1": 0.999148155428871, "std_semantic_top1": 2.220446049250313e-16, "updated_fraction": 1.0, "updated_rows": 30522}]}, "controlled_vocabulary_overlap": {"interpretation": "Only aligned rows can receive a public semantic label. Unaligned rows count as semantic failures, while their repeated signatures remain pseudotoken-linkable.", "phase": [{"aligned_rows": 0, "aligned_vocabulary_fraction": 0.0, "mean_conditional_aligned_top1": 0.0, "mean_overall_semantic_top1": 0.0, "std_conditional_aligned_top1": 0.0, "std_overall_semantic_top1": 0.0}, {"aligned_rows": 305, "aligned_vocabulary_fraction": 0.01, "mean_conditional_aligned_top1": 0.9995081967213114, "mean_overall_semantic_top1": 0.009987877596487778, "std_conditional_aligned_top1": 0.0011707259718922562, "std_overall_semantic_top1": 1.1698821224924996e-05}, {"aligned_rows": 1526, "aligned_vocabulary_fraction": 0.05, "mean_conditional_aligned_top1": 0.9991808650065531, "mean_overall_semantic_top1": 0.049955769608806766, "std_conditional_aligned_top1": 0.0006173474338603248, "std_overall_semantic_top1": 3.0865349062015834e-05}, {"aligned_rows": 3052, "aligned_vocabulary_fraction": 0.1, "mean_conditional_aligned_top1": 0.9991153342070772, "mean_overall_semantic_top1": 0.09990498656706638, "std_conditional_aligned_top1": 0.0004026279727209938, "std_overall_semantic_top1": 4.0260158991693716e-05}, {"aligned_rows": 7630, "aligned_vocabulary_fraction": 0.25, "mean_conditional_aligned_top1": 0.9992660550458716, "mean_overall_semantic_top1": 0.24980014415831198, "std_conditional_aligned_top1": 0.0002465909268967957, "std_overall_semantic_top1": 6.164369216377498e-05}, {"aligned_rows": 15261, "aligned_vocabulary_fraction": 0.5, "mean_conditional_aligned_top1": 0.9991186685014087, "mean_overall_semantic_top1": 0.49955933425070437, "std_conditional_aligned_top1": 0.00020458021447807996, "std_overall_semantic_top1": 0.00010229010723903998}, {"aligned_rows": 22892, "aligned_vocabulary_fraction": 0.75, "mean_conditional_aligned_top1": 0.9991547265420235, "mean_overall_semantic_top1": 0.7493824126859315, "std_conditional_aligned_top1": 0.00010362725986613873, "std_overall_semantic_top1": 7.772214248265085e-05}, {"aligned_rows": 30522, "aligned_vocabulary_fraction": 1.0, "mean_conditional_aligned_top1": 0.9991481554288708, "mean_overall_semantic_top1": 0.9991481554288708, "std_conditional_aligned_top1": 2.220446049250313e-16, "std_overall_semantic_top1": 2.220446049250313e-16}]}, "controls": {"private_signature_exact_collision_rows": 0, "private_signature_unique_rows": 30522, "pseudotoken_repeat_linkage": "exact for equal scale-permutation signatures; distinct semantic labels are not identifiable without public alignment or anchors", "token_id_reindexing_changed_result": false, "token_id_reindexing_top1": 0.999148155428871}, "elapsed_seconds": 28.980988264083862, "empirical": {"errors": 26, "observed_top1": 0.999148155428871, "score_gap": {"count": 30522, "max": 0.08353286981582642, "median": 0.0004981756210327148, "min": -0.6939472556114197, "p01": 0.00020995258819311857, "p10": 0.00034052133560180664, "p90": 0.000831889919936657, "p99": 0.001365358242765069}, "strict_margin_failures": 26, "strict_margin_top1": 0.999148155428871}, "event": "pair_complete", "index_kind": "faiss.IndexFlatIP", "shape": [30522, 768], "variant": "bert-wte", "victim": "textattack/bert-base-uncased-SST-2", "victim_revision": "95f0f6f859b35c8ff0863ae3cd4e2dbc702c0ae2"}
Loading weights:   0%|          | 0/199 [00:00<?, ?it/s]Loading weights: 100%|██████████| 199/199 [00:00<00:00, 3450.12it/s]
[1mBertModel LOAD REPORT[0m from: bert-base-uncased
Key                                        | Status     |  | 
-------------------------------------------+------------+--+-
cls.predictions.transform.LayerNorm.weight | UNEXPECTED |  | 
cls.predictions.bias                       | UNEXPECTED |  | 
cls.seq_relationship.bias                  | UNEXPECTED |  | 
cls.seq_relationship.weight                | UNEXPECTED |  | 
cls.predictions.transform.LayerNorm.bias   | UNEXPECTED |  | 
cls.predictions.transform.dense.bias       | UNEXPECTED |  | 
cls.predictions.transform.dense.weight     | UNEXPECTED |  | 

Notes:
- UNEXPECTED:	can be ignored when loading from different task/architecture; not ok if you expect identical arch.
Loading weights:   0%|          | 0/199 [00:00<?, ?it/s]Loading weights: 100%|██████████| 199/199 [00:00<00:00, 20701.05it/s]
[1mBertModel LOAD REPORT[0m from: textattack/bert-base-uncased-SST-2
Key               | Status     |  | 
------------------+------------+--+-
classifier.bias   | UNEXPECTED |  | 
classifier.weight | UNEXPECTED |  | 

Notes:
- UNEXPECTED:	can be ignored when loading from different task/architecture; not ok if you expect identical arch.
{"completed": 512, "elapsed_seconds": 0.469, "event": "search_progress", "label": "bert-pos0:base-margin", "total": 30522}
{"completed": 1024, "elapsed_seconds": 0.704, "event": "search_progress", "label": "bert-pos0:base-margin", "total": 30522}
{"completed": 1536, "elapsed_seconds": 0.784, "event": "search_progress", "label": "bert-pos0:base-margin", "total": 30522}
{"completed": 2048, "elapsed_seconds": 0.863, "event": "search_progress", "label": "bert-pos0:base-margin", "total": 30522}
{"completed": 2560, "elapsed_seconds": 1.001, "event": "search_progress", "label": "bert-pos0:base-margin", "total": 30522}
{"completed": 3072, "elapsed_seconds": 1.471, "event": "search_progress", "label": "bert-pos0:base-margin", "total": 30522}
{"completed": 3584, "elapsed_seconds": 1.939, "event": "search_progress", "label": "bert-pos0:base-margin", "total": 30522}
{"completed": 4096, "elapsed_seconds": 2.311, "event": "search_progress", "label": "bert-pos0:base-margin", "total": 30522}
{"completed": 4608, "elapsed_seconds": 2.393, "event": "search_progress", "label": "bert-pos0:base-margin", "total": 30522}
{"completed": 5120, "elapsed_seconds": 2.473, "event": "search_progress", "label": "bert-pos0:base-margin", "total": 30522}
{"completed": 5632, "elapsed_seconds": 2.552, "event": "search_progress", "label": "bert-pos0:base-margin", "total": 30522}
{"completed": 6144, "elapsed_seconds": 2.673, "event": "search_progress", "label": "bert-pos0:base-margin", "total": 30522}
{"completed": 6656, "elapsed_seconds": 3.083, "event": "search_progress", "label": "bert-pos0:base-margin", "total": 30522}
{"completed": 7168, "elapsed_seconds": 3.492, "event": "search_progress", "label": "bert-pos0:base-margin", "total": 30522}
{"completed": 7680, "elapsed_seconds": 3.572, "event": "search_progress", "label": "bert-pos0:base-margin", "total": 30522}
{"completed": 8192, "elapsed_seconds": 3.663, "event": "search_progress", "label": "bert-pos0:base-margin", "total": 30522}
{"completed": 8704, "elapsed_seconds": 3.773, "event": "search_progress", "label": "bert-pos0:base-margin", "total": 30522}
{"completed": 9216, "elapsed_seconds": 4.194, "event": "search_progress", "label": "bert-pos0:base-margin", "total": 30522}
{"completed": 9728, "elapsed_seconds": 4.639, "event": "search_progress", "label": "bert-pos0:base-margin", "total": 30522}
{"completed": 10240, "elapsed_seconds": 5.04, "event": "search_progress", "label": "bert-pos0:base-margin", "total": 30522}
{"completed": 10752, "elapsed_seconds": 5.213, "event": "search_progress", "label": "bert-pos0:base-margin", "total": 30522}
{"completed": 11264, "elapsed_seconds": 5.292, "event": "search_progress", "label": "bert-pos0:base-margin", "total": 30522}
{"completed": 11776, "elapsed_seconds": 5.374, "event": "search_progress", "label": "bert-pos0:base-margin", "total": 30522}
{"completed": 12288, "elapsed_seconds": 5.458, "event": "search_progress", "label": "bert-pos0:base-margin", "total": 30522}
{"completed": 12800, "elapsed_seconds": 5.655, "event": "search_progress", "label": "bert-pos0:base-margin", "total": 30522}
{"completed": 13312, "elapsed_seconds": 6.06, "event": "search_progress", "label": "bert-pos0:base-margin", "total": 30522}
{"completed": 13824, "elapsed_seconds": 6.431, "event": "search_progress", "label": "bert-pos0:base-margin", "total": 30522}
{"completed": 14336, "elapsed_seconds": 6.509, "event": "search_progress", "label": "bert-pos0:base-margin", "total": 30522}
{"completed": 14848, "elapsed_seconds": 6.589, "event": "search_progress", "label": "bert-pos0:base-margin", "total": 30522}
{"completed": 15360, "elapsed_seconds": 6.865, "event": "search_progress", "label": "bert-pos0:base-margin", "total": 30522}
{"completed": 15872, "elapsed_seconds": 7.295, "event": "search_progress", "label": "bert-pos0:base-margin", "total": 30522}
{"completed": 16384, "elapsed_seconds": 7.763, "event": "search_progress", "label": "bert-pos0:base-margin", "total": 30522}
{"completed": 16896, "elapsed_seconds": 8.024, "event": "search_progress", "label": "bert-pos0:base-margin", "total": 30522}
{"completed": 17408, "elapsed_seconds": 8.103, "event": "search_progress", "label": "bert-pos0:base-margin", "total": 30522}
{"completed": 17920, "elapsed_seconds": 8.183, "event": "search_progress", "label": "bert-pos0:base-margin", "total": 30522}
{"completed": 18432, "elapsed_seconds": 8.263, "event": "search_progress", "label": "bert-pos0:base-margin", "total": 30522}
{"completed": 18944, "elapsed_seconds": 8.342, "event": "search_progress", "label": "bert-pos0:base-margin", "total": 30522}
{"completed": 19456, "elapsed_seconds": 8.436, "event": "search_progress", "label": "bert-pos0:base-margin", "total": 30522}
{"completed": 19968, "elapsed_seconds": 8.773, "event": "search_progress", "label": "bert-pos0:base-margin", "total": 30522}
{"completed": 20480, "elapsed_seconds": 9.205, "event": "search_progress", "label": "bert-pos0:base-margin", "total": 30522}
{"completed": 20992, "elapsed_seconds": 9.318, "event": "search_progress", "label": "bert-pos0:base-margin", "total": 30522}
{"completed": 21504, "elapsed_seconds": 9.398, "event": "search_progress", "label": "bert-pos0:base-margin", "total": 30522}
{"completed": 22016, "elapsed_seconds": 9.499, "event": "search_progress", "label": "bert-pos0:base-margin", "total": 30522}
{"completed": 22528, "elapsed_seconds": 9.952, "event": "search_progress", "label": "bert-pos0:base-margin", "total": 30522}
{"completed": 23040, "elapsed_seconds": 10.461, "event": "search_progress", "label": "bert-pos0:base-margin", "total": 30522}
{"completed": 23552, "elapsed_seconds": 10.847, "event": "search_progress", "label": "bert-pos0:base-margin", "total": 30522}
{"completed": 24064, "elapsed_seconds": 10.926, "event": "search_progress", "label": "bert-pos0:base-margin", "total": 30522}
{"completed": 24576, "elapsed_seconds": 11.005, "event": "search_progress", "label": "bert-pos0:base-margin", "total": 30522}
{"completed": 25088, "elapsed_seconds": 11.084, "event": "search_progress", "label": "bert-pos0:base-margin", "total": 30522}
{"completed": 25600, "elapsed_seconds": 11.163, "event": "search_progress", "label": "bert-pos0:base-margin", "total": 30522}
{"completed": 26112, "elapsed_seconds": 11.243, "event": "search_progress", "label": "bert-pos0:base-margin", "total": 30522}
{"completed": 26624, "elapsed_seconds": 11.622, "event": "search_progress", "label": "bert-pos0:base-margin", "total": 30522}
{"completed": 27136, "elapsed_seconds": 12.066, "event": "search_progress", "label": "bert-pos0:base-margin", "total": 30522}
{"completed": 27648, "elapsed_seconds": 12.182, "event": "search_progress", "label": "bert-pos0:base-margin", "total": 30522}
{"completed": 28160, "elapsed_seconds": 12.261, "event": "search_progress", "label": "bert-pos0:base-margin", "total": 30522}
{"completed": 28672, "elapsed_seconds": 12.358, "event": "search_progress", "label": "bert-pos0:base-margin", "total": 30522}
{"completed": 29184, "elapsed_seconds": 12.715, "event": "search_progress", "label": "bert-pos0:base-margin", "total": 30522}
{"completed": 29696, "elapsed_seconds": 13.258, "event": "search_progress", "label": "bert-pos0:base-margin", "total": 30522}
{"completed": 30208, "elapsed_seconds": 13.715, "event": "search_progress", "label": "bert-pos0:base-margin", "total": 30522}
{"completed": 30522, "elapsed_seconds": 13.77, "event": "search_progress", "label": "bert-pos0:base-margin", "total": 30522}
{"completed": 512, "elapsed_seconds": 0.079, "event": "search_progress", "label": "bert-pos0:private-query", "total": 30522}
{"completed": 1024, "elapsed_seconds": 0.158, "event": "search_progress", "label": "bert-pos0:private-query", "total": 30522}
{"completed": 1536, "elapsed_seconds": 0.239, "event": "search_progress", "label": "bert-pos0:private-query", "total": 30522}
{"completed": 2048, "elapsed_seconds": 0.331, "event": "search_progress", "label": "bert-pos0:private-query", "total": 30522}
{"completed": 2560, "elapsed_seconds": 0.6, "event": "search_progress", "label": "bert-pos0:private-query", "total": 30522}
{"completed": 3072, "elapsed_seconds": 1.078, "event": "search_progress", "label": "bert-pos0:private-query", "total": 30522}
{"completed": 3584, "elapsed_seconds": 1.264, "event": "search_progress", "label": "bert-pos0:private-query", "total": 30522}
{"completed": 4096, "elapsed_seconds": 1.343, "event": "search_progress", "label": "bert-pos0:private-query", "total": 30522}
{"completed": 4608, "elapsed_seconds": 1.424, "event": "search_progress", "label": "bert-pos0:private-query", "total": 30522}
{"completed": 5120, "elapsed_seconds": 1.617, "event": "search_progress", "label": "bert-pos0:private-query", "total": 30522}
{"completed": 5632, "elapsed_seconds": 2.111, "event": "search_progress", "label": "bert-pos0:private-query", "total": 30522}
{"completed": 6144, "elapsed_seconds": 2.589, "event": "search_progress", "label": "bert-pos0:private-query", "total": 30522}
{"completed": 6656, "elapsed_seconds": 2.838, "event": "search_progress", "label": "bert-pos0:private-query", "total": 30522}
{"completed": 7168, "elapsed_seconds": 2.93, "event": "search_progress", "label": "bert-pos0:private-query", "total": 30522}
{"completed": 7680, "elapsed_seconds": 3.009, "event": "search_progress", "label": "bert-pos0:private-query", "total": 30522}
{"completed": 8192, "elapsed_seconds": 3.088, "event": "search_progress", "label": "bert-pos0:private-query", "total": 30522}
{"completed": 8704, "elapsed_seconds": 3.167, "event": "search_progress", "label": "bert-pos0:private-query", "total": 30522}
{"completed": 9216, "elapsed_seconds": 3.356, "event": "search_progress", "label": "bert-pos0:private-query", "total": 30522}
{"completed": 9728, "elapsed_seconds": 3.764, "event": "search_progress", "label": "bert-pos0:private-query", "total": 30522}
{"completed": 10240, "elapsed_seconds": 4.083, "event": "search_progress", "label": "bert-pos0:private-query", "total": 30522}
{"completed": 10752, "elapsed_seconds": 4.162, "event": "search_progress", "label": "bert-pos0:private-query", "total": 30522}
{"completed": 11264, "elapsed_seconds": 4.241, "event": "search_progress", "label": "bert-pos0:private-query", "total": 30522}
{"completed": 11776, "elapsed_seconds": 4.335, "event": "search_progress", "label": "bert-pos0:private-query", "total": 30522}
{"completed": 12288, "elapsed_seconds": 4.591, "event": "search_progress", "label": "bert-pos0:private-query", "total": 30522}
{"completed": 12800, "elapsed_seconds": 5.121, "event": "search_progress", "label": "bert-pos0:private-query", "total": 30522}
{"completed": 13312, "elapsed_seconds": 5.526, "event": "search_progress", "label": "bert-pos0:private-query", "total": 30522}
{"completed": 13824, "elapsed_seconds": 5.698, "event": "search_progress", "label": "bert-pos0:private-query", "total": 30522}
{"completed": 14336, "elapsed_seconds": 5.777, "event": "search_progress", "label": "bert-pos0:private-query", "total": 30522}
{"completed": 14848, "elapsed_seconds": 5.856, "event": "search_progress", "label": "bert-pos0:private-query", "total": 30522}
{"completed": 15360, "elapsed_seconds": 5.95, "event": "search_progress", "label": "bert-pos0:private-query", "total": 30522}
{"completed": 15872, "elapsed_seconds": 6.029, "event": "search_progress", "label": "bert-pos0:private-query", "total": 30522}
{"completed": 16384, "elapsed_seconds": 6.266, "event": "search_progress", "label": "bert-pos0:private-query", "total": 30522}
{"completed": 16896, "elapsed_seconds": 6.742, "event": "search_progress", "label": "bert-pos0:private-query", "total": 30522}
{"completed": 17408, "elapsed_seconds": 6.939, "event": "search_progress", "label": "bert-pos0:private-query", "total": 30522}
{"completed": 17920, "elapsed_seconds": 7.018, "event": "search_progress", "label": "bert-pos0:private-query", "total": 30522}
{"completed": 18432, "elapsed_seconds": 7.098, "event": "search_progress", "label": "bert-pos0:private-query", "total": 30522}
{"completed": 18944, "elapsed_seconds": 7.183, "event": "search_progress", "label": "bert-pos0:private-query", "total": 30522}
{"completed": 19456, "elapsed_seconds": 7.452, "event": "search_progress", "label": "bert-pos0:private-query", "total": 30522}
{"completed": 19968, "elapsed_seconds": 7.868, "event": "search_progress", "label": "bert-pos0:private-query", "total": 30522}
{"completed": 20480, "elapsed_seconds": 8.365, "event": "search_progress", "label": "bert-pos0:private-query", "total": 30522}
{"completed": 20992, "elapsed_seconds": 8.53, "event": "search_progress", "label": "bert-pos0:private-query", "total": 30522}
{"completed": 21504, "elapsed_seconds": 8.61, "event": "search_progress", "label": "bert-pos0:private-query", "total": 30522}
{"completed": 22016, "elapsed_seconds": 8.691, "event": "search_progress", "label": "bert-pos0:private-query", "total": 30522}
{"completed": 22528, "elapsed_seconds": 8.771, "event": "search_progress", "label": "bert-pos0:private-query", "total": 30522}
{"completed": 23040, "elapsed_seconds": 8.85, "event": "search_progress", "label": "bert-pos0:private-query", "total": 30522}
{"completed": 23552, "elapsed_seconds": 9.334, "event": "search_progress", "label": "bert-pos0:private-query", "total": 30522}
{"completed": 24064, "elapsed_seconds": 9.718, "event": "search_progress", "label": "bert-pos0:private-query", "total": 30522}
{"completed": 24576, "elapsed_seconds": 9.798, "event": "search_progress", "label": "bert-pos0:private-query", "total": 30522}
{"completed": 25088, "elapsed_seconds": 9.914, "event": "search_progress", "label": "bert-pos0:private-query", "total": 30522}
{"completed": 25600, "elapsed_seconds": 9.994, "event": "search_progress", "label": "bert-pos0:private-query", "total": 30522}
{"completed": 26112, "elapsed_seconds": 10.089, "event": "search_progress", "label": "bert-pos0:private-query", "total": 30522}
{"completed": 26624, "elapsed_seconds": 10.447, "event": "search_progress", "label": "bert-pos0:private-query", "total": 30522}
{"completed": 27136, "elapsed_seconds": 10.953, "event": "search_progress", "label": "bert-pos0:private-query", "total": 30522}
{"completed": 27648, "elapsed_seconds": 11.27, "event": "search_progress", "label": "bert-pos0:private-query", "total": 30522}
{"completed": 28160, "elapsed_seconds": 11.434, "event": "search_progress", "label": "bert-pos0:private-query", "total": 30522}
{"completed": 28672, "elapsed_seconds": 11.513, "event": "search_progress", "label": "bert-pos0:private-query", "total": 30522}
{"completed": 29184, "elapsed_seconds": 11.595, "event": "search_progress", "label": "bert-pos0:private-query", "total": 30522}
{"completed": 29696, "elapsed_seconds": 11.678, "event": "search_progress", "label": "bert-pos0:private-query", "total": 30522}
{"completed": 30208, "elapsed_seconds": 11.888, "event": "search_progress", "label": "bert-pos0:private-query", "total": 30522}
{"completed": 30522, "elapsed_seconds": 12.292, "event": "search_progress", "label": "bert-pos0:private-query", "total": 30522}
{"base": "bert-base-uncased", "base_revision": "86b5e0934494bd15c9632b12f734a8a67f723594", "certificate": {"base_unique_fraction": 1.0, "base_zero_margin_rows": 0, "certified_fraction": 0.999868946989057, "certified_rows": 30518, "condition": "L2(private_signature, public_signature) < public_nearest_neighbor_L2 / 2", "drift_to_half_margin_ratio": {"count": 30522, "max": 1.0496466159820557, "median": 0.42984539270401, "min": 0.061360858380794525, "p01": 0.3065214157104492, "p10": 0.358340322971344, "p90": 0.5302843451499939, "p99": 0.8642172813415527}, "public_separation_l2": {"count": 30522, "max": 0.16269220411777496, "median": 0.03461979329586029, "min": 0.014664704911410809, "p01": 0.0168941430747509, "p10": 0.029936857521533966, "p90": 0.040285274386405945, "p99": 0.046592868864536285}, "signature_drift_l2": {"count": 30522, "max": 0.012629411183297634, "median": 0.00732421875, "min": 0.004991466645151377, "p01": 0.00645935395732522, "p10": 0.006800970993936062, "p90": 0.008485423400998116, "p99": 0.009667475707828999}, "uncertified_rows": 4}, "controlled_partial_row_update": {"interpretation": "Selected rows use the measured full-fine-tune outcome; unselected rows remain at the public base. This is a controlled row-update ablation, not an independently trained checkpoint.", "phase": [{"max_semantic_top1": 1.0, "mean_semantic_top1": 1.0, "min_semantic_top1": 1.0, "std_semantic_top1": 0.0, "updated_fraction": 0.0, "updated_rows": 0}, {"max_semantic_top1": 1.0, "mean_semantic_top1": 1.0, "min_semantic_top1": 1.0, "std_semantic_top1": 0.0, "updated_fraction": 0.01, "updated_rows": 305}, {"max_semantic_top1": 1.0, "mean_semantic_top1": 1.0, "min_semantic_top1": 1.0, "std_semantic_top1": 0.0, "updated_fraction": 0.05, "updated_rows": 1526}, {"max_semantic_top1": 1.0, "mean_semantic_top1": 1.0, "min_semantic_top1": 1.0, "std_semantic_top1": 0.0, "updated_fraction": 0.1, "updated_rows": 3052}, {"max_semantic_top1": 1.0, "mean_semantic_top1": 1.0, "min_semantic_top1": 1.0, "std_semantic_top1": 0.0, "updated_fraction": 0.25, "updated_rows": 7630}, {"max_semantic_top1": 1.0, "mean_semantic_top1": 1.0, "min_semantic_top1": 1.0, "std_semantic_top1": 0.0, "updated_fraction": 0.5, "updated_rows": 15261}, {"max_semantic_top1": 1.0, "mean_semantic_top1": 1.0, "min_semantic_top1": 1.0, "std_semantic_top1": 0.0, "updated_fraction": 0.75, "updated_rows": 22892}, {"max_semantic_top1": 1.0, "mean_semantic_top1": 1.0, "min_semantic_top1": 1.0, "std_semantic_top1": 0.0, "updated_fraction": 1.0, "updated_rows": 30522}]}, "controlled_vocabulary_overlap": {"interpretation": "Only aligned rows can receive a public semantic label. Unaligned rows count as semantic failures, while their repeated signatures remain pseudotoken-linkable.", "phase": [{"aligned_rows": 0, "aligned_vocabulary_fraction": 0.0, "mean_conditional_aligned_top1": 0.0, "mean_overall_semantic_top1": 0.0, "std_conditional_aligned_top1": 0.0, "std_overall_semantic_top1": 0.0}, {"aligned_rows": 305, "aligned_vocabulary_fraction": 0.01, "mean_conditional_aligned_top1": 1.0, "mean_overall_semantic_top1": 0.009992792084398138, "std_conditional_aligned_top1": 0.0, "std_overall_semantic_top1": 1.734723475976807e-18}, {"aligned_rows": 1526, "aligned_vocabulary_fraction": 0.05, "mean_conditional_aligned_top1": 1.0, "mean_overall_semantic_top1": 0.04999672367472642, "std_conditional_aligned_top1": 0.0, "std_overall_semantic_top1": 6.938893903907228e-18}, {"aligned_rows": 3052, "aligned_vocabulary_fraction": 0.1, "mean_conditional_aligned_top1": 1.0, "mean_overall_semantic_top1": 0.09999344734945284, "std_conditional_aligned_top1": 0.0, "std_overall_semantic_top1": 1.3877787807814457e-17}, {"aligned_rows": 7630, "aligned_vocabulary_fraction": 0.25, "mean_conditional_aligned_top1": 1.0, "mean_overall_semantic_top1": 0.24998361837363206, "std_conditional_aligned_top1": 0.0, "std_overall_semantic_top1": 8.326672684688674e-17}, {"aligned_rows": 15261, "aligned_vocabulary_fraction": 0.5, "mean_conditional_aligned_top1": 1.0, "mean_overall_semantic_top1": 0.5, "std_conditional_aligned_top1": 0.0, "std_overall_semantic_top1": 0.0}, {"aligned_rows": 22892, "aligned_vocabulary_fraction": 0.75, "mean_conditional_aligned_top1": 1.0, "mean_overall_semantic_top1": 0.750016381626368, "std_conditional_aligned_top1": 0.0, "std_overall_semantic_top1": 1.1102230246251565e-16}, {"aligned_rows": 30522, "aligned_vocabulary_fraction": 1.0, "mean_conditional_aligned_top1": 1.0, "mean_overall_semantic_top1": 1.0, "std_conditional_aligned_top1": 0.0, "std_overall_semantic_top1": 0.0}]}, "controls": {"private_signature_exact_collision_rows": 0, "private_signature_unique_rows": 30522, "pseudotoken_repeat_linkage": "exact for equal scale-permutation signatures; distinct semantic labels are not identifiable without public alignment or anchors", "token_id_reindexing_changed_result": false, "token_id_reindexing_top1": 1.0}, "elapsed_seconds": 29.32981586456299, "empirical": {"errors": 0, "observed_top1": 1.0, "score_gap": {"count": 30522, "max": 0.013255894184112549, "median": 0.0005708932876586914, "min": 7.778406143188477e-05, "p01": 0.00011874496703967452, "p10": 0.00041819215402938426, "p90": 0.0007843971252441406, "p99": 0.001056671142578125}, "strict_margin_failures": 0, "strict_margin_top1": 1.0}, "event": "pair_complete", "index_kind": "faiss.IndexFlatIP", "shape": [30522, 768], "variant": "bert-pos0", "victim": "textattack/bert-base-uncased-SST-2", "victim_revision": "95f0f6f859b35c8ff0863ae3cd4e2dbc702c0ae2"}
{"elapsed_seconds": 222.04219770431519, "event": "complete", "output": "../results/stip_margin_phase_exact_rows_20260802.json", "pairs": 4}
