======================================================================
JOTA: R56 KD + R20 scrambled control, 100 epochs, 10 seeds
  query budgets: [2000, 5000]
  HERE=/workspace
  OUTPUT_DIR=/output
======================================================================
[preflight] all required files present; runtime is offline-safe

### Step 1: R56 KD ablation ###
======================================================================
[run] KD R56 q=2000 ep=100 seeds=10
      /opt/conda/bin/python -u /workspace/scripts/18_kd_spectral_priors_cifar.py --architecture resnet56 --teacher-path /workspace/models/resnet56_seed0.pt --teacher-logits-source quantized --data-root /workspace/data --subset-mode random --subset-seed 0 --batch-size 128 --student-epochs 100 --student-lr 0.05 --momentum 0.9 --weight-decay 1e-4 --temperature 4.0 --reg-lambda 5.0 --distill-seeds 10 --precision 256 --prior-scope all --ablation-modes baseline,first,colnorm,full --query-budget 2000 --output-path /output/kd_r56_q2000_e100_s10.json
=== CIFAR-10 logit stealing with spectral priors ===
device=cuda
{
  "teacher_path": "resnet56_seed0.pt",
  "teacher_logits_source": "quantized",
  "data_root": "data",
  "query_budget": 2000,
  "subset_mode": "random",
  "subset_seed": 0,
  "batch_size": 128,
  "student_epochs": 100,
  "student_lr": 0.05,
  "momentum": 0.9,
  "weight_decay": 0.0001,
  "temperature": 4.0,
  "reg_lambda": 5.0,
  "distill_seeds": 10,
  "precision": 256,
  "prior_scope": "all",
  "ablation_modes": "baseline,first,colnorm,full",
  "architecture": "resnet56",
  "output_path": "kd_r56_q2000_e100_s10.json"
}
[data] using pre-permuted CIFAR subset at /workspace/data/cifar_subset.npz.xz (train=5000, test=10000)
[teacher] loaded resnet56_seed0.pt (logits=quantized): test_acc=82.47%
[queries] cached exact teacher logits for 2000 unlabeled images
[ablation] modes=['baseline', 'first', 'colnorm', 'full']
[attack_layer] verified on conv1: max_err=0, shortcut valid
[spectra/all] using 57 conv layers
  conv1                shape=(16, 27) std=0.3646 mean_col_norm=1.3822
  layer1.0.conv1       shape=(16, 144) std=0.1726 mean_col_norm=0.6784
  layer1.0.conv2       shape=(16, 144) std=0.1381 mean_col_norm=0.5346
[attack_layer] verified on conv1: max_err=0, shortcut valid
[spectra/first] using 1 conv layers
  conv1                shape=(16, 27) std=0.3646 mean_col_norm=1.3822
[baseline] seed=0 epoch 01/100: kd=9.0783, reg=0.000000, test_acc=10.00%
[baseline] seed=0 epoch 02/100: kd=7.5813, reg=0.000000, test_acc=9.98%
[baseline] seed=0 epoch 03/100: kd=7.2740, reg=0.000000, test_acc=15.61%
[baseline] seed=0 epoch 04/100: kd=6.9878, reg=0.000000, test_acc=20.42%
[baseline] seed=0 epoch 05/100: kd=6.6969, reg=0.000000, test_acc=26.52%
[baseline] seed=0 epoch 06/100: kd=6.3456, reg=0.000000, test_acc=27.22%
[baseline] seed=0 epoch 07/100: kd=6.0952, reg=0.000000, test_acc=23.44%
[baseline] seed=0 epoch 08/100: kd=5.6954, reg=0.000000, test_acc=27.41%
[baseline] seed=0 epoch 09/100: kd=5.5493, reg=0.000000, test_acc=28.88%
[baseline] seed=0 epoch 10/100: kd=5.3415, reg=0.000000, test_acc=31.35%
[baseline] seed=0 epoch 11/100: kd=4.9446, reg=0.000000, test_acc=34.17%
[baseline] seed=0 epoch 12/100: kd=4.9996, reg=0.000000, test_acc=30.57%
[baseline] seed=0 epoch 13/100: kd=4.7561, reg=0.000000, test_acc=34.83%
[baseline] seed=0 epoch 14/100: kd=4.3937, reg=0.000000, test_acc=34.31%
[baseline] seed=0 epoch 15/100: kd=4.1835, reg=0.000000, test_acc=39.27%
[baseline] seed=0 epoch 16/100: kd=3.9841, reg=0.000000, test_acc=36.55%
[baseline] seed=0 epoch 17/100: kd=3.8736, reg=0.000000, test_acc=41.18%
[baseline] seed=0 epoch 18/100: kd=3.7735, reg=0.000000, test_acc=41.02%
[baseline] seed=0 epoch 19/100: kd=3.4936, reg=0.000000, test_acc=39.79%
[baseline] seed=0 epoch 20/100: kd=3.3817, reg=0.000000, test_acc=39.03%
[baseline] seed=0 epoch 21/100: kd=3.1399, reg=0.000000, test_acc=42.76%
[baseline] seed=0 epoch 22/100: kd=2.8854, reg=0.000000, test_acc=41.90%
[baseline] seed=0 epoch 23/100: kd=2.7111, reg=0.000000, test_acc=41.70%
[baseline] seed=0 epoch 24/100: kd=2.6513, reg=0.000000, test_acc=44.56%
[baseline] seed=0 epoch 25/100: kd=2.4132, reg=0.000000, test_acc=44.89%
[baseline] seed=0 epoch 26/100: kd=2.2457, reg=0.000000, test_acc=44.80%
[baseline] seed=0 epoch 27/100: kd=2.0063, reg=0.000000, test_acc=44.56%
[baseline] seed=0 epoch 28/100: kd=1.8723, reg=0.000000, test_acc=45.23%
[baseline] seed=0 epoch 29/100: kd=1.6684, reg=0.000000, test_acc=44.30%
[baseline] seed=0 epoch 30/100: kd=1.6308, reg=0.000000, test_acc=48.02%
[baseline] seed=0 epoch 31/100: kd=1.5695, reg=0.000000, test_acc=47.52%
[baseline] seed=0 epoch 32/100: kd=1.4193, reg=0.000000, test_acc=47.34%
[baseline] seed=0 epoch 33/100: kd=1.2808, reg=0.000000, test_acc=48.45%
[baseline] seed=0 epoch 34/100: kd=1.1839, reg=0.000000, test_acc=46.86%
[baseline] seed=0 epoch 35/100: kd=1.1511, reg=0.000000, test_acc=45.84%
[baseline] seed=0 epoch 36/100: kd=0.9961, reg=0.000000, test_acc=49.18%
[baseline] seed=0 epoch 37/100: kd=0.8883, reg=0.000000, test_acc=50.52%
[baseline] seed=0 epoch 38/100: kd=0.7999, reg=0.000000, test_acc=47.86%
[baseline] seed=0 epoch 39/100: kd=0.7893, reg=0.000000, test_acc=49.74%
[baseline] seed=0 epoch 40/100: kd=0.7344, reg=0.000000, test_acc=47.87%
[baseline] seed=0 epoch 41/100: kd=0.7161, reg=0.000000, test_acc=49.21%
[baseline] seed=0 epoch 42/100: kd=0.7116, reg=0.000000, test_acc=48.90%
[baseline] seed=0 epoch 43/100: kd=0.5898, reg=0.000000, test_acc=50.20%
[baseline] seed=0 epoch 44/100: kd=0.5963, reg=0.000000, test_acc=48.84%
[baseline] seed=0 epoch 45/100: kd=0.5817, reg=0.000000, test_acc=47.21%
[baseline] seed=0 epoch 46/100: kd=0.5431, reg=0.000000, test_acc=50.44%
[baseline] seed=0 epoch 47/100: kd=0.4674, reg=0.000000, test_acc=49.54%
[baseline] seed=0 epoch 48/100: kd=0.4695, reg=0.000000, test_acc=50.31%
[baseline] seed=0 epoch 49/100: kd=0.4274, reg=0.000000, test_acc=50.84%
[baseline] seed=0 epoch 50/100: kd=0.4426, reg=0.000000, test_acc=50.60%
[baseline] seed=0 epoch 51/100: kd=0.4605, reg=0.000000, test_acc=50.62%
[baseline] seed=0 epoch 52/100: kd=0.4270, reg=0.000000, test_acc=51.11%
[baseline] seed=0 epoch 53/100: kd=0.3526, reg=0.000000, test_acc=50.67%
[baseline] seed=0 epoch 54/100: kd=0.3300, reg=0.000000, test_acc=51.87%
[baseline] seed=0 epoch 55/100: kd=0.2915, reg=0.000000, test_acc=50.83%
[baseline] seed=0 epoch 56/100: kd=0.2963, reg=0.000000, test_acc=51.67%
[baseline] seed=0 epoch 57/100: kd=0.3114, reg=0.000000, test_acc=51.22%
[baseline] seed=0 epoch 58/100: kd=0.2737, reg=0.000000, test_acc=50.86%
[baseline] seed=0 epoch 59/100: kd=0.3045, reg=0.000000, test_acc=51.96%
[baseline] seed=0 epoch 60/100: kd=0.2642, reg=0.000000, test_acc=51.50%
[baseline] seed=0 epoch 61/100: kd=0.3025, reg=0.000000, test_acc=51.69%
[baseline] seed=0 epoch 62/100: kd=0.3088, reg=0.000000, test_acc=51.60%
[baseline] seed=0 epoch 63/100: kd=0.2637, reg=0.000000, test_acc=51.51%
[baseline] seed=0 epoch 64/100: kd=0.2528, reg=0.000000, test_acc=51.59%
[baseline] seed=0 epoch 65/100: kd=0.2703, reg=0.000000, test_acc=51.92%
[baseline] seed=0 epoch 66/100: kd=0.2505, reg=0.000000, test_acc=51.46%
[baseline] seed=0 epoch 67/100: kd=0.2578, reg=0.000000, test_acc=51.20%
[baseline] seed=0 epoch 68/100: kd=0.2441, reg=0.000000, test_acc=51.96%
[baseline] seed=0 epoch 69/100: kd=0.2299, reg=0.000000, test_acc=51.33%
[baseline] seed=0 epoch 70/100: kd=0.2525, reg=0.000000, test_acc=51.41%
[baseline] seed=0 epoch 71/100: kd=0.1969, reg=0.000000, test_acc=51.71%
[baseline] seed=0 epoch 72/100: kd=0.2028, reg=0.000000, test_acc=52.24%
[baseline] seed=0 epoch 73/100: kd=0.2277, reg=0.000000, test_acc=50.96%
[baseline] seed=0 epoch 74/100: kd=0.1940, reg=0.000000, test_acc=52.22%
[baseline] seed=0 epoch 75/100: kd=0.1756, reg=0.000000, test_acc=52.35%
[baseline] seed=0 epoch 76/100: kd=0.1798, reg=0.000000, test_acc=51.99%
[baseline] seed=0 epoch 77/100: kd=0.2107, reg=0.000000, test_acc=52.36%
[baseline] seed=0 epoch 78/100: kd=0.1931, reg=0.000000, test_acc=52.14%
[baseline] seed=0 epoch 79/100: kd=0.1937, reg=0.000000, test_acc=52.10%
[baseline] seed=0 epoch 80/100: kd=0.1925, reg=0.000000, test_acc=52.33%
[baseline] seed=0 epoch 81/100: kd=0.1836, reg=0.000000, test_acc=52.21%
[baseline] seed=0 epoch 82/100: kd=0.1730, reg=0.000000, test_acc=52.06%
[baseline] seed=0 epoch 83/100: kd=0.1713, reg=0.000000, test_acc=52.21%
[baseline] seed=0 epoch 84/100: kd=0.1810, reg=0.000000, test_acc=52.36%
[baseline] seed=0 epoch 85/100: kd=0.1462, reg=0.000000, test_acc=52.42%
[baseline] seed=0 epoch 86/100: kd=0.1809, reg=0.000000, test_acc=52.13%
[baseline] seed=0 epoch 87/100: kd=0.1434, reg=0.000000, test_acc=52.24%
[baseline] seed=0 epoch 88/100: kd=0.1512, reg=0.000000, test_acc=52.15%
[baseline] seed=0 epoch 89/100: kd=0.1458, reg=0.000000, test_acc=52.30%
[baseline] seed=0 epoch 90/100: kd=0.1449, reg=0.000000, test_acc=52.28%
[baseline] seed=0 epoch 91/100: kd=0.1617, reg=0.000000, test_acc=52.37%
[baseline] seed=0 epoch 92/100: kd=0.1649, reg=0.000000, test_acc=52.17%
[baseline] seed=0 epoch 93/100: kd=0.1967, reg=0.000000, test_acc=52.46%
[baseline] seed=0 epoch 94/100: kd=0.1694, reg=0.000000, test_acc=52.13%
[baseline] seed=0 epoch 95/100: kd=0.1483, reg=0.000000, test_acc=52.05%
[baseline] seed=0 epoch 96/100: kd=0.1521, reg=0.000000, test_acc=52.37%
[baseline] seed=0 epoch 97/100: kd=0.1727, reg=0.000000, test_acc=52.37%
[baseline] seed=0 epoch 98/100: kd=0.1470, reg=0.000000, test_acc=52.18%
[baseline] seed=0 epoch 99/100: kd=0.1498, reg=0.000000, test_acc=52.27%
[baseline] seed=0 epoch 100/100: kd=0.1707, reg=0.000000, test_acc=52.21%
[baseline] seed=1 epoch 01/100: kd=9.4684, reg=0.000000, test_acc=10.00%
[baseline] seed=1 epoch 02/100: kd=7.7244, reg=0.000000, test_acc=11.15%
[baseline] seed=1 epoch 03/100: kd=7.3405, reg=0.000000, test_acc=19.18%
[baseline] seed=1 epoch 04/100: kd=6.9554, reg=0.000000, test_acc=23.66%
[baseline] seed=1 epoch 05/100: kd=6.7748, reg=0.000000, test_acc=24.31%
[baseline] seed=1 epoch 06/100: kd=6.2251, reg=0.000000, test_acc=29.89%
[baseline] seed=1 epoch 07/100: kd=5.9285, reg=0.000000, test_acc=29.91%
[baseline] seed=1 epoch 08/100: kd=5.7231, reg=0.000000, test_acc=31.38%
[baseline] seed=1 epoch 09/100: kd=5.4540, reg=0.000000, test_acc=30.54%
[baseline] seed=1 epoch 10/100: kd=5.1430, reg=0.000000, test_acc=31.31%
[baseline] seed=1 epoch 11/100: kd=5.0006, reg=0.000000, test_acc=32.10%
[baseline] seed=1 epoch 12/100: kd=4.8013, reg=0.000000, test_acc=36.69%
[baseline] seed=1 epoch 13/100: kd=4.5751, reg=0.000000, test_acc=37.30%
[baseline] seed=1 epoch 14/100: kd=4.4455, reg=0.000000, test_acc=32.82%
[baseline] seed=1 epoch 15/100: kd=4.3518, reg=0.000000, test_acc=37.69%
[baseline] seed=1 epoch 16/100: kd=4.1869, reg=0.000000, test_acc=36.95%
[baseline] seed=1 epoch 17/100: kd=3.8718, reg=0.000000, test_acc=28.08%
[baseline] seed=1 epoch 18/100: kd=3.7071, reg=0.000000, test_acc=36.60%
[baseline] seed=1 epoch 19/100: kd=3.5798, reg=0.000000, test_acc=38.23%
[baseline] seed=1 epoch 20/100: kd=3.3697, reg=0.000000, test_acc=41.84%
[baseline] seed=1 epoch 21/100: kd=3.1697, reg=0.000000, test_acc=43.19%
[baseline] seed=1 epoch 22/100: kd=3.2129, reg=0.000000, test_acc=41.97%
[baseline] seed=1 epoch 23/100: kd=2.8502, reg=0.000000, test_acc=43.91%
[baseline] seed=1 epoch 24/100: kd=2.5882, reg=0.000000, test_acc=44.32%
[baseline] seed=1 epoch 25/100: kd=2.3924, reg=0.000000, test_acc=43.39%
[baseline] seed=1 epoch 26/100: kd=2.1971, reg=0.000000, test_acc=43.98%
[baseline] seed=1 epoch 27/100: kd=2.1366, reg=0.000000, test_acc=45.12%
[baseline] seed=1 epoch 28/100: kd=2.1116, reg=0.000000, test_acc=44.29%
[baseline] seed=1 epoch 29/100: kd=2.1481, reg=0.000000, test_acc=44.12%
[baseline] seed=1 epoch 30/100: kd=1.9307, reg=0.000000, test_acc=45.29%
[baseline] seed=1 epoch 31/100: kd=1.6992, reg=0.000000, test_acc=45.87%
[baseline] seed=1 epoch 32/100: kd=1.5194, reg=0.000000, test_acc=46.73%
[baseline] seed=1 epoch 33/100: kd=1.4974, reg=0.000000, test_acc=46.83%
[baseline] seed=1 epoch 34/100: kd=1.3613, reg=0.000000, test_acc=46.26%
[baseline] seed=1 epoch 35/100: kd=1.2410, reg=0.000000, test_acc=47.61%
[baseline] seed=1 epoch 36/100: kd=1.2318, reg=0.000000, test_acc=46.92%
[baseline] seed=1 epoch 37/100: kd=1.1471, reg=0.000000, test_acc=46.00%
[baseline] seed=1 epoch 38/100: kd=1.0717, reg=0.000000, test_acc=48.09%
[baseline] seed=1 epoch 39/100: kd=1.1006, reg=0.000000, test_acc=48.54%
[baseline] seed=1 epoch 40/100: kd=0.9682, reg=0.000000, test_acc=49.33%
[baseline] seed=1 epoch 41/100: kd=0.8601, reg=0.000000, test_acc=48.25%
[baseline] seed=1 epoch 42/100: kd=0.8151, reg=0.000000, test_acc=47.15%
[baseline] seed=1 epoch 43/100: kd=0.7496, reg=0.000000, test_acc=48.71%
[baseline] seed=1 epoch 44/100: kd=0.7204, reg=0.000000, test_acc=48.51%
[baseline] seed=1 epoch 45/100: kd=0.7159, reg=0.000000, test_acc=48.49%
[baseline] seed=1 epoch 46/100: kd=0.7066, reg=0.000000, test_acc=48.04%
[baseline] seed=1 epoch 47/100: kd=0.6305, reg=0.000000, test_acc=49.79%
[baseline] seed=1 epoch 48/100: kd=0.6389, reg=0.000000, test_acc=49.78%
[baseline] seed=1 epoch 49/100: kd=0.6298, reg=0.000000, test_acc=48.31%
[baseline] seed=1 epoch 50/100: kd=0.5733, reg=0.000000, test_acc=49.48%
[baseline] seed=1 epoch 51/100: kd=0.4820, reg=0.000000, test_acc=50.23%
[baseline] seed=1 epoch 52/100: kd=0.5450, reg=0.000000, test_acc=49.63%
[baseline] seed=1 epoch 53/100: kd=0.4874, reg=0.000000, test_acc=49.38%
[baseline] seed=1 epoch 54/100: kd=0.4479, reg=0.000000, test_acc=50.77%
[baseline] seed=1 epoch 55/100: kd=0.4077, reg=0.000000, test_acc=50.25%
[baseline] seed=1 epoch 56/100: kd=0.4476, reg=0.000000, test_acc=50.54%
[baseline] seed=1 epoch 57/100: kd=0.4490, reg=0.000000, test_acc=49.91%
[baseline] seed=1 epoch 58/100: kd=0.3742, reg=0.000000, test_acc=50.81%
[baseline] seed=1 epoch 59/100: kd=0.3414, reg=0.000000, test_acc=50.71%
[baseline] seed=1 epoch 60/100: kd=0.3882, reg=0.000000, test_acc=50.46%
[baseline] seed=1 epoch 61/100: kd=0.4041, reg=0.000000, test_acc=49.53%
[baseline] seed=1 epoch 62/100: kd=0.3780, reg=0.000000, test_acc=50.92%
[baseline] seed=1 epoch 63/100: kd=0.3586, reg=0.000000, test_acc=50.98%
[baseline] seed=1 epoch 64/100: kd=0.3905, reg=0.000000, test_acc=49.12%
[baseline] seed=1 epoch 65/100: kd=0.3118, reg=0.000000, test_acc=50.53%
[baseline] seed=1 epoch 66/100: kd=0.3465, reg=0.000000, test_acc=50.51%
[baseline] seed=1 epoch 67/100: kd=0.2857, reg=0.000000, test_acc=51.09%
[baseline] seed=1 epoch 68/100: kd=0.2659, reg=0.000000, test_acc=50.59%
[baseline] seed=1 epoch 69/100: kd=0.2636, reg=0.000000, test_acc=50.52%
[baseline] seed=1 epoch 70/100: kd=0.3067, reg=0.000000, test_acc=50.29%
[baseline] seed=1 epoch 71/100: kd=0.2821, reg=0.000000, test_acc=51.26%
[baseline] seed=1 epoch 72/100: kd=0.2895, reg=0.000000, test_acc=50.88%
[baseline] seed=1 epoch 73/100: kd=0.2539, reg=0.000000, test_acc=50.96%
[baseline] seed=1 epoch 74/100: kd=0.2653, reg=0.000000, test_acc=50.65%
[baseline] seed=1 epoch 75/100: kd=0.2371, reg=0.000000, test_acc=51.25%
[baseline] seed=1 epoch 76/100: kd=0.2409, reg=0.000000, test_acc=50.92%
[baseline] seed=1 epoch 77/100: kd=0.2243, reg=0.000000, test_acc=50.94%
[baseline] seed=1 epoch 78/100: kd=0.2271, reg=0.000000, test_acc=50.72%
[baseline] seed=1 epoch 79/100: kd=0.2360, reg=0.000000, test_acc=50.63%
[baseline] seed=1 epoch 80/100: kd=0.2284, reg=0.000000, test_acc=50.93%
[baseline] seed=1 epoch 81/100: kd=0.2252, reg=0.000000, test_acc=50.98%
[baseline] seed=1 epoch 82/100: kd=0.2189, reg=0.000000, test_acc=50.77%
[baseline] seed=1 epoch 83/100: kd=0.2229, reg=0.000000, test_acc=50.93%
[baseline] seed=1 epoch 84/100: kd=0.2193, reg=0.000000, test_acc=50.89%
[baseline] seed=1 epoch 85/100: kd=0.2280, reg=0.000000, test_acc=50.72%
[baseline] seed=1 epoch 86/100: kd=0.1994, reg=0.000000, test_acc=50.81%
[baseline] seed=1 epoch 87/100: kd=0.2051, reg=0.000000, test_acc=50.66%
[baseline] seed=1 epoch 88/100: kd=0.2225, reg=0.000000, test_acc=50.84%
[baseline] seed=1 epoch 89/100: kd=0.2094, reg=0.000000, test_acc=50.85%
[baseline] seed=1 epoch 90/100: kd=0.1927, reg=0.000000, test_acc=50.97%
[baseline] seed=1 epoch 91/100: kd=0.2288, reg=0.000000, test_acc=50.89%
[baseline] seed=1 epoch 92/100: kd=0.1942, reg=0.000000, test_acc=50.90%
[baseline] seed=1 epoch 93/100: kd=0.2164, reg=0.000000, test_acc=50.88%
[baseline] seed=1 epoch 94/100: kd=0.2067, reg=0.000000, test_acc=50.85%
[baseline] seed=1 epoch 95/100: kd=0.2007, reg=0.000000, test_acc=50.82%
[baseline] seed=1 epoch 96/100: kd=0.1912, reg=0.000000, test_acc=50.92%
[baseline] seed=1 epoch 97/100: kd=0.2035, reg=0.000000, test_acc=50.96%
[baseline] seed=1 epoch 98/100: kd=0.2055, reg=0.000000, test_acc=50.88%
[baseline] seed=1 epoch 99/100: kd=0.2096, reg=0.000000, test_acc=50.93%
[baseline] seed=1 epoch 100/100: kd=0.2207, reg=0.000000, test_acc=50.88%
[baseline] seed=2 epoch 01/100: kd=9.8163, reg=0.000000, test_acc=10.03%
[baseline] seed=2 epoch 02/100: kd=7.8736, reg=0.000000, test_acc=19.17%
[baseline] seed=2 epoch 03/100: kd=7.1114, reg=0.000000, test_acc=23.30%
[baseline] seed=2 epoch 04/100: kd=6.9176, reg=0.000000, test_acc=24.82%
[baseline] seed=2 epoch 05/100: kd=6.6673, reg=0.000000, test_acc=25.86%
[baseline] seed=2 epoch 06/100: kd=6.1394, reg=0.000000, test_acc=23.74%
[baseline] seed=2 epoch 07/100: kd=5.8618, reg=0.000000, test_acc=32.56%
[baseline] seed=2 epoch 08/100: kd=5.5905, reg=0.000000, test_acc=34.22%
[baseline] seed=2 epoch 09/100: kd=5.5390, reg=0.000000, test_acc=28.96%
[baseline] seed=2 epoch 10/100: kd=5.2527, reg=0.000000, test_acc=32.96%
[baseline] seed=2 epoch 11/100: kd=4.9855, reg=0.000000, test_acc=33.08%
[baseline] seed=2 epoch 12/100: kd=4.8343, reg=0.000000, test_acc=34.34%
[baseline] seed=2 epoch 13/100: kd=4.7646, reg=0.000000, test_acc=34.64%
[baseline] seed=2 epoch 14/100: kd=4.4294, reg=0.000000, test_acc=38.25%
[baseline] seed=2 epoch 15/100: kd=4.2115, reg=0.000000, test_acc=40.31%
[baseline] seed=2 epoch 16/100: kd=4.0988, reg=0.000000, test_acc=39.29%
[baseline] seed=2 epoch 17/100: kd=3.8838, reg=0.000000, test_acc=40.75%
[baseline] seed=2 epoch 18/100: kd=3.5374, reg=0.000000, test_acc=43.45%
[baseline] seed=2 epoch 19/100: kd=3.1038, reg=0.000000, test_acc=39.83%
[baseline] seed=2 epoch 20/100: kd=2.9573, reg=0.000000, test_acc=42.74%
[baseline] seed=2 epoch 21/100: kd=2.7665, reg=0.000000, test_acc=43.12%
[baseline] seed=2 epoch 22/100: kd=2.7056, reg=0.000000, test_acc=43.53%
[baseline] seed=2 epoch 23/100: kd=2.5055, reg=0.000000, test_acc=41.50%
[baseline] seed=2 epoch 24/100: kd=2.3439, reg=0.000000, test_acc=46.05%
[baseline] seed=2 epoch 25/100: kd=2.1922, reg=0.000000, test_acc=46.20%
[baseline] seed=2 epoch 26/100: kd=1.8697, reg=0.000000, test_acc=46.07%
[baseline] seed=2 epoch 27/100: kd=1.7884, reg=0.000000, test_acc=47.80%
[baseline] seed=2 epoch 28/100: kd=1.6848, reg=0.000000, test_acc=46.19%
[baseline] seed=2 epoch 29/100: kd=1.4703, reg=0.000000, test_acc=49.28%
[baseline] seed=2 epoch 30/100: kd=1.3975, reg=0.000000, test_acc=48.56%
[baseline] seed=2 epoch 31/100: kd=1.2250, reg=0.000000, test_acc=48.93%
[baseline] seed=2 epoch 32/100: kd=1.0917, reg=0.000000, test_acc=51.01%
[baseline] seed=2 epoch 33/100: kd=0.9738, reg=0.000000, test_acc=50.46%
[baseline] seed=2 epoch 34/100: kd=0.8789, reg=0.000000, test_acc=51.78%
[baseline] seed=2 epoch 35/100: kd=0.8531, reg=0.000000, test_acc=51.08%
[baseline] seed=2 epoch 36/100: kd=0.8300, reg=0.000000, test_acc=52.09%
[baseline] seed=2 epoch 37/100: kd=0.7750, reg=0.000000, test_acc=51.05%
[baseline] seed=2 epoch 38/100: kd=0.6665, reg=0.000000, test_acc=51.43%
[baseline] seed=2 epoch 39/100: kd=0.6224, reg=0.000000, test_acc=51.30%
[baseline] seed=2 epoch 40/100: kd=0.6716, reg=0.000000, test_acc=49.66%
[baseline] seed=2 epoch 41/100: kd=0.6044, reg=0.000000, test_acc=52.60%
[baseline] seed=2 epoch 42/100: kd=0.5609, reg=0.000000, test_acc=51.74%
[baseline] seed=2 epoch 43/100: kd=0.5380, reg=0.000000, test_acc=51.71%
[baseline] seed=2 epoch 44/100: kd=0.5270, reg=0.000000, test_acc=51.41%
[baseline] seed=2 epoch 45/100: kd=0.5067, reg=0.000000, test_acc=52.76%
[baseline] seed=2 epoch 46/100: kd=0.4820, reg=0.000000, test_acc=53.31%
[baseline] seed=2 epoch 47/100: kd=0.4169, reg=0.000000, test_acc=52.88%
[baseline] seed=2 epoch 48/100: kd=0.4274, reg=0.000000, test_acc=52.77%
[baseline] seed=2 epoch 49/100: kd=0.4016, reg=0.000000, test_acc=52.72%
[baseline] seed=2 epoch 50/100: kd=0.3957, reg=0.000000, test_acc=52.67%
[baseline] seed=2 epoch 51/100: kd=0.3638, reg=0.000000, test_acc=52.87%
[baseline] seed=2 epoch 52/100: kd=0.3490, reg=0.000000, test_acc=52.54%
[baseline] seed=2 epoch 53/100: kd=0.3633, reg=0.000000, test_acc=52.81%
[baseline] seed=2 epoch 54/100: kd=0.3784, reg=0.000000, test_acc=53.88%
[baseline] seed=2 epoch 55/100: kd=0.3154, reg=0.000000, test_acc=53.66%
[baseline] seed=2 epoch 56/100: kd=0.3092, reg=0.000000, test_acc=53.70%
[baseline] seed=2 epoch 57/100: kd=0.2738, reg=0.000000, test_acc=53.19%
[baseline] seed=2 epoch 58/100: kd=0.2862, reg=0.000000, test_acc=53.11%
[baseline] seed=2 epoch 59/100: kd=0.2641, reg=0.000000, test_acc=53.51%
[baseline] seed=2 epoch 60/100: kd=0.2399, reg=0.000000, test_acc=54.15%
[baseline] seed=2 epoch 61/100: kd=0.2972, reg=0.000000, test_acc=53.41%
[baseline] seed=2 epoch 62/100: kd=0.2786, reg=0.000000, test_acc=53.25%
[baseline] seed=2 epoch 63/100: kd=0.2812, reg=0.000000, test_acc=51.85%
[baseline] seed=2 epoch 64/100: kd=0.2436, reg=0.000000, test_acc=53.73%
[baseline] seed=2 epoch 65/100: kd=0.2552, reg=0.000000, test_acc=52.67%
[baseline] seed=2 epoch 66/100: kd=0.2420, reg=0.000000, test_acc=54.32%
[baseline] seed=2 epoch 67/100: kd=0.2438, reg=0.000000, test_acc=54.21%
[baseline] seed=2 epoch 68/100: kd=0.2165, reg=0.000000, test_acc=54.02%
[baseline] seed=2 epoch 69/100: kd=0.2386, reg=0.000000, test_acc=53.21%
[baseline] seed=2 epoch 70/100: kd=0.2157, reg=0.000000, test_acc=54.23%
[baseline] seed=2 epoch 71/100: kd=0.2028, reg=0.000000, test_acc=53.92%
[baseline] seed=2 epoch 72/100: kd=0.2047, reg=0.000000, test_acc=54.13%
[baseline] seed=2 epoch 73/100: kd=0.2019, reg=0.000000, test_acc=54.12%
[baseline] seed=2 epoch 74/100: kd=0.1907, reg=0.000000, test_acc=54.40%
[baseline] seed=2 epoch 75/100: kd=0.1808, reg=0.000000, test_acc=54.34%
[baseline] seed=2 epoch 76/100: kd=0.2029, reg=0.000000, test_acc=54.48%
[baseline] seed=2 epoch 77/100: kd=0.1742, reg=0.000000, test_acc=54.45%
[baseline] seed=2 epoch 78/100: kd=0.1703, reg=0.000000, test_acc=54.21%
[baseline] seed=2 epoch 79/100: kd=0.1604, reg=0.000000, test_acc=54.27%
[baseline] seed=2 epoch 80/100: kd=0.2161, reg=0.000000, test_acc=54.37%
[baseline] seed=2 epoch 81/100: kd=0.1751, reg=0.000000, test_acc=54.47%
[baseline] seed=2 epoch 82/100: kd=0.1881, reg=0.000000, test_acc=54.35%
[baseline] seed=2 epoch 83/100: kd=0.1721, reg=0.000000, test_acc=54.20%
[baseline] seed=2 epoch 84/100: kd=0.1474, reg=0.000000, test_acc=54.38%
[baseline] seed=2 epoch 85/100: kd=0.1535, reg=0.000000, test_acc=54.27%
[baseline] seed=2 epoch 86/100: kd=0.1875, reg=0.000000, test_acc=54.48%
[baseline] seed=2 epoch 87/100: kd=0.1579, reg=0.000000, test_acc=54.50%
[baseline] seed=2 epoch 88/100: kd=0.1566, reg=0.000000, test_acc=54.69%
[baseline] seed=2 epoch 89/100: kd=0.1485, reg=0.000000, test_acc=54.37%
[baseline] seed=2 epoch 90/100: kd=0.1732, reg=0.000000, test_acc=54.50%
[baseline] seed=2 epoch 91/100: kd=0.1334, reg=0.000000, test_acc=54.36%
[baseline] seed=2 epoch 92/100: kd=0.1629, reg=0.000000, test_acc=54.28%
[baseline] seed=2 epoch 93/100: kd=0.1628, reg=0.000000, test_acc=54.55%
[baseline] seed=2 epoch 94/100: kd=0.1495, reg=0.000000, test_acc=54.57%
[baseline] seed=2 epoch 95/100: kd=0.1602, reg=0.000000, test_acc=54.46%
[baseline] seed=2 epoch 96/100: kd=0.1459, reg=0.000000, test_acc=54.52%
[baseline] seed=2 epoch 97/100: kd=0.1447, reg=0.000000, test_acc=54.61%
[baseline] seed=2 epoch 98/100: kd=0.1466, reg=0.000000, test_acc=54.60%
[baseline] seed=2 epoch 99/100: kd=0.1478, reg=0.000000, test_acc=54.59%
[baseline] seed=2 epoch 100/100: kd=0.1424, reg=0.000000, test_acc=54.54%
[baseline] seed=3 epoch 01/100: kd=9.3508, reg=0.000000, test_acc=10.02%
[baseline] seed=3 epoch 02/100: kd=7.8267, reg=0.000000, test_acc=17.87%
[baseline] seed=3 epoch 03/100: kd=6.8815, reg=0.000000, test_acc=22.96%
[baseline] seed=3 epoch 04/100: kd=6.6269, reg=0.000000, test_acc=22.84%
[baseline] seed=3 epoch 05/100: kd=6.4582, reg=0.000000, test_acc=23.69%
[baseline] seed=3 epoch 06/100: kd=5.8885, reg=0.000000, test_acc=31.06%
[baseline] seed=3 epoch 07/100: kd=5.5033, reg=0.000000, test_acc=30.73%
[baseline] seed=3 epoch 08/100: kd=5.3280, reg=0.000000, test_acc=29.64%
[baseline] seed=3 epoch 09/100: kd=5.1959, reg=0.000000, test_acc=31.84%
[baseline] seed=3 epoch 10/100: kd=4.9904, reg=0.000000, test_acc=32.48%
[baseline] seed=3 epoch 11/100: kd=4.5601, reg=0.000000, test_acc=31.27%
[baseline] seed=3 epoch 12/100: kd=4.4627, reg=0.000000, test_acc=32.26%
[baseline] seed=3 epoch 13/100: kd=4.1957, reg=0.000000, test_acc=41.64%
[baseline] seed=3 epoch 14/100: kd=3.7940, reg=0.000000, test_acc=39.53%
[baseline] seed=3 epoch 15/100: kd=3.5840, reg=0.000000, test_acc=38.21%
[baseline] seed=3 epoch 16/100: kd=3.3473, reg=0.000000, test_acc=39.52%
[baseline] seed=3 epoch 17/100: kd=3.1670, reg=0.000000, test_acc=40.51%
[baseline] seed=3 epoch 18/100: kd=2.9186, reg=0.000000, test_acc=35.63%
[baseline] seed=3 epoch 19/100: kd=2.7444, reg=0.000000, test_acc=44.75%
[baseline] seed=3 epoch 20/100: kd=2.6493, reg=0.000000, test_acc=45.79%
[baseline] seed=3 epoch 21/100: kd=2.2699, reg=0.000000, test_acc=42.11%
[baseline] seed=3 epoch 22/100: kd=2.1417, reg=0.000000, test_acc=46.19%
[baseline] seed=3 epoch 23/100: kd=1.8885, reg=0.000000, test_acc=44.53%
[baseline] seed=3 epoch 24/100: kd=1.9199, reg=0.000000, test_acc=46.66%
[baseline] seed=3 epoch 25/100: kd=1.7011, reg=0.000000, test_acc=43.23%
[baseline] seed=3 epoch 26/100: kd=1.5724, reg=0.000000, test_acc=47.44%
[baseline] seed=3 epoch 27/100: kd=1.3053, reg=0.000000, test_acc=47.87%
[baseline] seed=3 epoch 28/100: kd=1.1730, reg=0.000000, test_acc=48.40%
[baseline] seed=3 epoch 29/100: kd=1.1914, reg=0.000000, test_acc=48.24%
[baseline] seed=3 epoch 30/100: kd=1.1016, reg=0.000000, test_acc=47.34%
[baseline] seed=3 epoch 31/100: kd=0.9489, reg=0.000000, test_acc=50.84%
[baseline] seed=3 epoch 32/100: kd=0.9429, reg=0.000000, test_acc=47.81%
[baseline] seed=3 epoch 33/100: kd=0.8519, reg=0.000000, test_acc=49.47%
[baseline] seed=3 epoch 34/100: kd=0.7877, reg=0.000000, test_acc=50.44%
[baseline] seed=3 epoch 35/100: kd=0.6915, reg=0.000000, test_acc=50.46%
[baseline] seed=3 epoch 36/100: kd=0.6246, reg=0.000000, test_acc=52.44%
[baseline] seed=3 epoch 37/100: kd=0.5908, reg=0.000000, test_acc=50.30%
[baseline] seed=3 epoch 38/100: kd=0.6129, reg=0.000000, test_acc=49.04%
[baseline] seed=3 epoch 39/100: kd=0.5540, reg=0.000000, test_acc=51.98%
[baseline] seed=3 epoch 40/100: kd=0.5310, reg=0.000000, test_acc=51.05%
[baseline] seed=3 epoch 41/100: kd=0.5073, reg=0.000000, test_acc=51.81%
[baseline] seed=3 epoch 42/100: kd=0.4724, reg=0.000000, test_acc=51.43%
[baseline] seed=3 epoch 43/100: kd=0.4509, reg=0.000000, test_acc=52.41%
[baseline] seed=3 epoch 44/100: kd=0.4671, reg=0.000000, test_acc=51.48%
[baseline] seed=3 epoch 45/100: kd=0.4477, reg=0.000000, test_acc=52.43%
[baseline] seed=3 epoch 46/100: kd=0.4475, reg=0.000000, test_acc=50.34%
[baseline] seed=3 epoch 47/100: kd=0.4231, reg=0.000000, test_acc=52.37%
[baseline] seed=3 epoch 48/100: kd=0.3781, reg=0.000000, test_acc=51.43%
[baseline] seed=3 epoch 49/100: kd=0.4124, reg=0.000000, test_acc=52.43%
[baseline] seed=3 epoch 50/100: kd=0.4012, reg=0.000000, test_acc=52.27%
[baseline] seed=3 epoch 51/100: kd=0.3787, reg=0.000000, test_acc=51.94%
[baseline] seed=3 epoch 52/100: kd=0.3851, reg=0.000000, test_acc=50.68%
[baseline] seed=3 epoch 53/100: kd=0.3492, reg=0.000000, test_acc=52.54%
[baseline] seed=3 epoch 54/100: kd=0.3619, reg=0.000000, test_acc=51.14%
[baseline] seed=3 epoch 55/100: kd=0.3003, reg=0.000000, test_acc=53.06%
[baseline] seed=3 epoch 56/100: kd=0.2925, reg=0.000000, test_acc=52.81%
[baseline] seed=3 epoch 57/100: kd=0.2820, reg=0.000000, test_acc=52.07%
[baseline] seed=3 epoch 58/100: kd=0.2734, reg=0.000000, test_acc=52.23%
[baseline] seed=3 epoch 59/100: kd=0.2860, reg=0.000000, test_acc=52.41%
[baseline] seed=3 epoch 60/100: kd=0.2514, reg=0.000000, test_acc=52.69%
[baseline] seed=3 epoch 61/100: kd=0.2520, reg=0.000000, test_acc=53.00%
[baseline] seed=3 epoch 62/100: kd=0.2229, reg=0.000000, test_acc=52.44%
[baseline] seed=3 epoch 63/100: kd=0.2606, reg=0.000000, test_acc=52.49%
[baseline] seed=3 epoch 64/100: kd=0.2293, reg=0.000000, test_acc=53.15%
[baseline] seed=3 epoch 65/100: kd=0.2298, reg=0.000000, test_acc=52.03%
[baseline] seed=3 epoch 66/100: kd=0.2366, reg=0.000000, test_acc=52.87%
[baseline] seed=3 epoch 67/100: kd=0.1954, reg=0.000000, test_acc=53.04%
[baseline] seed=3 epoch 68/100: kd=0.2014, reg=0.000000, test_acc=52.87%
[baseline] seed=3 epoch 69/100: kd=0.2199, reg=0.000000, test_acc=52.94%
[baseline] seed=3 epoch 70/100: kd=0.1954, reg=0.000000, test_acc=51.93%
[baseline] seed=3 epoch 71/100: kd=0.1885, reg=0.000000, test_acc=52.96%
[baseline] seed=3 epoch 72/100: kd=0.1795, reg=0.000000, test_acc=53.22%
[baseline] seed=3 epoch 73/100: kd=0.2190, reg=0.000000, test_acc=52.90%
[baseline] seed=3 epoch 74/100: kd=0.2084, reg=0.000000, test_acc=53.13%
[baseline] seed=3 epoch 75/100: kd=0.1862, reg=0.000000, test_acc=52.79%
[baseline] seed=3 epoch 76/100: kd=0.1927, reg=0.000000, test_acc=53.28%
[baseline] seed=3 epoch 77/100: kd=0.1548, reg=0.000000, test_acc=53.05%
[baseline] seed=3 epoch 78/100: kd=0.1486, reg=0.000000, test_acc=53.26%
[baseline] seed=3 epoch 79/100: kd=0.1688, reg=0.000000, test_acc=53.19%
[baseline] seed=3 epoch 80/100: kd=0.1554, reg=0.000000, test_acc=53.04%
[baseline] seed=3 epoch 81/100: kd=0.1694, reg=0.000000, test_acc=53.19%
[baseline] seed=3 epoch 82/100: kd=0.1686, reg=0.000000, test_acc=53.17%
[baseline] seed=3 epoch 83/100: kd=0.1503, reg=0.000000, test_acc=53.27%
[baseline] seed=3 epoch 84/100: kd=0.1630, reg=0.000000, test_acc=53.26%
[baseline] seed=3 epoch 85/100: kd=0.1632, reg=0.000000, test_acc=53.11%
[baseline] seed=3 epoch 86/100: kd=0.1444, reg=0.000000, test_acc=53.20%
[baseline] seed=3 epoch 87/100: kd=0.1604, reg=0.000000, test_acc=53.05%
[baseline] seed=3 epoch 88/100: kd=0.1544, reg=0.000000, test_acc=53.26%
[baseline] seed=3 epoch 89/100: kd=0.1422, reg=0.000000, test_acc=53.20%
[baseline] seed=3 epoch 90/100: kd=0.1745, reg=0.000000, test_acc=53.29%
[baseline] seed=3 epoch 91/100: kd=0.1621, reg=0.000000, test_acc=53.31%
[baseline] seed=3 epoch 92/100: kd=0.1388, reg=0.000000, test_acc=53.40%
[baseline] seed=3 epoch 93/100: kd=0.1430, reg=0.000000, test_acc=53.43%
[baseline] seed=3 epoch 94/100: kd=0.1508, reg=0.000000, test_acc=53.21%
[baseline] seed=3 epoch 95/100: kd=0.1530, reg=0.000000, test_acc=53.18%
[baseline] seed=3 epoch 96/100: kd=0.1377, reg=0.000000, test_acc=53.31%
[baseline] seed=3 epoch 97/100: kd=0.1578, reg=0.000000, test_acc=53.12%
[baseline] seed=3 epoch 98/100: kd=0.1448, reg=0.000000, test_acc=53.16%
[baseline] seed=3 epoch 99/100: kd=0.1369, reg=0.000000, test_acc=53.10%
[baseline] seed=3 epoch 100/100: kd=0.1483, reg=0.000000, test_acc=53.30%
[baseline] seed=4 epoch 01/100: kd=9.9917, reg=0.000000, test_acc=10.01%
[baseline] seed=4 epoch 02/100: kd=7.7472, reg=0.000000, test_acc=10.22%
[baseline] seed=4 epoch 03/100: kd=7.0345, reg=0.000000, test_acc=19.99%
[baseline] seed=4 epoch 04/100: kd=6.5391, reg=0.000000, test_acc=24.33%
[baseline] seed=4 epoch 05/100: kd=6.3824, reg=0.000000, test_acc=27.37%
[baseline] seed=4 epoch 06/100: kd=6.0672, reg=0.000000, test_acc=31.15%
[baseline] seed=4 epoch 07/100: kd=5.7205, reg=0.000000, test_acc=29.73%
[baseline] seed=4 epoch 08/100: kd=5.4499, reg=0.000000, test_acc=31.42%
[baseline] seed=4 epoch 09/100: kd=5.1772, reg=0.000000, test_acc=34.12%
[baseline] seed=4 epoch 10/100: kd=4.9078, reg=0.000000, test_acc=35.92%
[baseline] seed=4 epoch 11/100: kd=4.5629, reg=0.000000, test_acc=35.03%
[baseline] seed=4 epoch 12/100: kd=4.4317, reg=0.000000, test_acc=35.36%
[baseline] seed=4 epoch 13/100: kd=4.3087, reg=0.000000, test_acc=29.56%
[baseline] seed=4 epoch 14/100: kd=4.1499, reg=0.000000, test_acc=40.06%
[baseline] seed=4 epoch 15/100: kd=3.9614, reg=0.000000, test_acc=41.92%
[baseline] seed=4 epoch 16/100: kd=3.6324, reg=0.000000, test_acc=38.23%
[baseline] seed=4 epoch 17/100: kd=3.3166, reg=0.000000, test_acc=38.20%
[baseline] seed=4 epoch 18/100: kd=2.9979, reg=0.000000, test_acc=41.43%
[baseline] seed=4 epoch 19/100: kd=2.9614, reg=0.000000, test_acc=39.00%
[baseline] seed=4 epoch 20/100: kd=3.0342, reg=0.000000, test_acc=39.70%
[baseline] seed=4 epoch 21/100: kd=2.9003, reg=0.000000, test_acc=38.46%
[baseline] seed=4 epoch 22/100: kd=2.6895, reg=0.000000, test_acc=42.02%
[baseline] seed=4 epoch 23/100: kd=2.4388, reg=0.000000, test_acc=44.98%
[baseline] seed=4 epoch 24/100: kd=2.1560, reg=0.000000, test_acc=46.17%
[baseline] seed=4 epoch 25/100: kd=2.1498, reg=0.000000, test_acc=44.38%
[baseline] seed=4 epoch 26/100: kd=2.0753, reg=0.000000, test_acc=43.98%
[baseline] seed=4 epoch 27/100: kd=1.8025, reg=0.000000, test_acc=47.44%
[baseline] seed=4 epoch 28/100: kd=1.7171, reg=0.000000, test_acc=45.79%
[baseline] seed=4 epoch 29/100: kd=1.7719, reg=0.000000, test_acc=47.47%
[baseline] seed=4 epoch 30/100: kd=1.5136, reg=0.000000, test_acc=44.55%
[baseline] seed=4 epoch 31/100: kd=1.4234, reg=0.000000, test_acc=45.35%
[baseline] seed=4 epoch 32/100: kd=1.2470, reg=0.000000, test_acc=45.62%
[baseline] seed=4 epoch 33/100: kd=1.2272, reg=0.000000, test_acc=46.05%
[baseline] seed=4 epoch 34/100: kd=1.1518, reg=0.000000, test_acc=48.12%
[baseline] seed=4 epoch 35/100: kd=1.0304, reg=0.000000, test_acc=46.84%
[baseline] seed=4 epoch 36/100: kd=1.0152, reg=0.000000, test_acc=48.59%
[baseline] seed=4 epoch 37/100: kd=0.9959, reg=0.000000, test_acc=49.31%
[baseline] seed=4 epoch 38/100: kd=0.8407, reg=0.000000, test_acc=47.11%
[baseline] seed=4 epoch 39/100: kd=0.9539, reg=0.000000, test_acc=48.50%
[baseline] seed=4 epoch 40/100: kd=0.8336, reg=0.000000, test_acc=48.18%
[baseline] seed=4 epoch 41/100: kd=0.7553, reg=0.000000, test_acc=44.98%
[baseline] seed=4 epoch 42/100: kd=0.7428, reg=0.000000, test_acc=47.65%
[baseline] seed=4 epoch 43/100: kd=0.7054, reg=0.000000, test_acc=49.14%
[baseline] seed=4 epoch 44/100: kd=0.6292, reg=0.000000, test_acc=49.74%
[baseline] seed=4 epoch 45/100: kd=0.6165, reg=0.000000, test_acc=49.61%
[baseline] seed=4 epoch 46/100: kd=0.6429, reg=0.000000, test_acc=50.02%
[baseline] seed=4 epoch 47/100: kd=0.5614, reg=0.000000, test_acc=50.24%
[baseline] seed=4 epoch 48/100: kd=0.5724, reg=0.000000, test_acc=48.78%
[baseline] seed=4 epoch 49/100: kd=0.5960, reg=0.000000, test_acc=48.89%
[baseline] seed=4 epoch 50/100: kd=0.4954, reg=0.000000, test_acc=50.91%
[baseline] seed=4 epoch 51/100: kd=0.4811, reg=0.000000, test_acc=50.49%
[baseline] seed=4 epoch 52/100: kd=0.4886, reg=0.000000, test_acc=50.09%
[baseline] seed=4 epoch 53/100: kd=0.4526, reg=0.000000, test_acc=50.95%
[baseline] seed=4 epoch 54/100: kd=0.4244, reg=0.000000, test_acc=49.68%
[baseline] seed=4 epoch 55/100: kd=0.4653, reg=0.000000, test_acc=50.38%
[baseline] seed=4 epoch 56/100: kd=0.4465, reg=0.000000, test_acc=50.33%
[baseline] seed=4 epoch 57/100: kd=0.4110, reg=0.000000, test_acc=50.97%
[baseline] seed=4 epoch 58/100: kd=0.3577, reg=0.000000, test_acc=51.04%
[baseline] seed=4 epoch 59/100: kd=0.3778, reg=0.000000, test_acc=50.64%
[baseline] seed=4 epoch 60/100: kd=0.3624, reg=0.000000, test_acc=50.70%
[baseline] seed=4 epoch 61/100: kd=0.3850, reg=0.000000, test_acc=50.65%
[baseline] seed=4 epoch 62/100: kd=0.3596, reg=0.000000, test_acc=51.14%
[baseline] seed=4 epoch 63/100: kd=0.3510, reg=0.000000, test_acc=51.03%
[baseline] seed=4 epoch 64/100: kd=0.3547, reg=0.000000, test_acc=50.47%
[baseline] seed=4 epoch 65/100: kd=0.3545, reg=0.000000, test_acc=51.28%
[baseline] seed=4 epoch 66/100: kd=0.3239, reg=0.000000, test_acc=50.04%
[baseline] seed=4 epoch 67/100: kd=0.3216, reg=0.000000, test_acc=51.19%
[baseline] seed=4 epoch 68/100: kd=0.3103, reg=0.000000, test_acc=51.35%
[baseline] seed=4 epoch 69/100: kd=0.3034, reg=0.000000, test_acc=51.32%
[baseline] seed=4 epoch 70/100: kd=0.3393, reg=0.000000, test_acc=50.57%
[baseline] seed=4 epoch 71/100: kd=0.3216, reg=0.000000, test_acc=51.87%
[baseline] seed=4 epoch 72/100: kd=0.2873, reg=0.000000, test_acc=51.47%
[baseline] seed=4 epoch 73/100: kd=0.2863, reg=0.000000, test_acc=51.31%
[baseline] seed=4 epoch 74/100: kd=0.2971, reg=0.000000, test_acc=51.49%
[baseline] seed=4 epoch 75/100: kd=0.2651, reg=0.000000, test_acc=51.21%
[baseline] seed=4 epoch 76/100: kd=0.2886, reg=0.000000, test_acc=51.82%
[baseline] seed=4 epoch 77/100: kd=0.2635, reg=0.000000, test_acc=51.64%
[baseline] seed=4 epoch 78/100: kd=0.2577, reg=0.000000, test_acc=51.55%
[baseline] seed=4 epoch 79/100: kd=0.2844, reg=0.000000, test_acc=51.48%
[baseline] seed=4 epoch 80/100: kd=0.2483, reg=0.000000, test_acc=51.80%
[baseline] seed=4 epoch 81/100: kd=0.2679, reg=0.000000, test_acc=51.70%
[baseline] seed=4 epoch 82/100: kd=0.2443, reg=0.000000, test_acc=51.77%
[baseline] seed=4 epoch 83/100: kd=0.2399, reg=0.000000, test_acc=51.66%
[baseline] seed=4 epoch 84/100: kd=0.2394, reg=0.000000, test_acc=51.81%
[baseline] seed=4 epoch 85/100: kd=0.2316, reg=0.000000, test_acc=51.75%
[baseline] seed=4 epoch 86/100: kd=0.2317, reg=0.000000, test_acc=51.65%
[baseline] seed=4 epoch 87/100: kd=0.2191, reg=0.000000, test_acc=51.68%
[baseline] seed=4 epoch 88/100: kd=0.2471, reg=0.000000, test_acc=51.78%
[baseline] seed=4 epoch 89/100: kd=0.2343, reg=0.000000, test_acc=51.58%
[baseline] seed=4 epoch 90/100: kd=0.2374, reg=0.000000, test_acc=51.71%
[baseline] seed=4 epoch 91/100: kd=0.2540, reg=0.000000, test_acc=51.78%
[baseline] seed=4 epoch 92/100: kd=0.2161, reg=0.000000, test_acc=51.70%
[baseline] seed=4 epoch 93/100: kd=0.2036, reg=0.000000, test_acc=51.78%
[baseline] seed=4 epoch 94/100: kd=0.2252, reg=0.000000, test_acc=51.72%
[baseline] seed=4 epoch 95/100: kd=0.2126, reg=0.000000, test_acc=51.69%
[baseline] seed=4 epoch 96/100: kd=0.2227, reg=0.000000, test_acc=51.78%
[baseline] seed=4 epoch 97/100: kd=0.2222, reg=0.000000, test_acc=51.80%
[baseline] seed=4 epoch 98/100: kd=0.2126, reg=0.000000, test_acc=51.75%
[baseline] seed=4 epoch 99/100: kd=0.2201, reg=0.000000, test_acc=51.71%
[baseline] seed=4 epoch 100/100: kd=0.2226, reg=0.000000, test_acc=51.79%
[baseline] seed=5 epoch 01/100: kd=9.4468, reg=0.000000, test_acc=11.83%
[baseline] seed=5 epoch 02/100: kd=7.4010, reg=0.000000, test_acc=11.15%
[baseline] seed=5 epoch 03/100: kd=6.4453, reg=0.000000, test_acc=26.29%
[baseline] seed=5 epoch 04/100: kd=6.2049, reg=0.000000, test_acc=25.08%
[baseline] seed=5 epoch 05/100: kd=5.9380, reg=0.000000, test_acc=30.94%
[baseline] seed=5 epoch 06/100: kd=5.5141, reg=0.000000, test_acc=31.21%
[baseline] seed=5 epoch 07/100: kd=5.1922, reg=0.000000, test_acc=34.47%
[baseline] seed=5 epoch 08/100: kd=5.1494, reg=0.000000, test_acc=33.07%
[baseline] seed=5 epoch 09/100: kd=4.8581, reg=0.000000, test_acc=33.03%
[baseline] seed=5 epoch 10/100: kd=4.8644, reg=0.000000, test_acc=33.65%
[baseline] seed=5 epoch 11/100: kd=4.4689, reg=0.000000, test_acc=33.46%
[baseline] seed=5 epoch 12/100: kd=4.3486, reg=0.000000, test_acc=37.80%
[baseline] seed=5 epoch 13/100: kd=4.2369, reg=0.000000, test_acc=25.94%
[baseline] seed=5 epoch 14/100: kd=4.2544, reg=0.000000, test_acc=38.44%
[baseline] seed=5 epoch 15/100: kd=3.7266, reg=0.000000, test_acc=36.25%
[baseline] seed=5 epoch 16/100: kd=3.5494, reg=0.000000, test_acc=41.22%
[baseline] seed=5 epoch 17/100: kd=3.4331, reg=0.000000, test_acc=35.82%
[baseline] seed=5 epoch 18/100: kd=3.2761, reg=0.000000, test_acc=44.16%
[baseline] seed=5 epoch 19/100: kd=3.1080, reg=0.000000, test_acc=42.63%
[baseline] seed=5 epoch 20/100: kd=2.8046, reg=0.000000, test_acc=44.43%
[baseline] seed=5 epoch 21/100: kd=2.7452, reg=0.000000, test_acc=42.49%
[baseline] seed=5 epoch 22/100: kd=2.4436, reg=0.000000, test_acc=40.65%
[baseline] seed=5 epoch 23/100: kd=2.3338, reg=0.000000, test_acc=44.39%
[baseline] seed=5 epoch 24/100: kd=2.1495, reg=0.000000, test_acc=42.88%
[baseline] seed=5 epoch 25/100: kd=2.1706, reg=0.000000, test_acc=42.39%
[baseline] seed=5 epoch 26/100: kd=2.1605, reg=0.000000, test_acc=38.15%
[baseline] seed=5 epoch 27/100: kd=2.0040, reg=0.000000, test_acc=46.58%
[baseline] seed=5 epoch 28/100: kd=1.8130, reg=0.000000, test_acc=48.45%
[baseline] seed=5 epoch 29/100: kd=1.6174, reg=0.000000, test_acc=47.33%
[baseline] seed=5 epoch 30/100: kd=1.5478, reg=0.000000, test_acc=42.26%
[baseline] seed=5 epoch 31/100: kd=1.5817, reg=0.000000, test_acc=47.19%
[baseline] seed=5 epoch 32/100: kd=1.2854, reg=0.000000, test_acc=49.70%
[baseline] seed=5 epoch 33/100: kd=1.1094, reg=0.000000, test_acc=48.18%
[baseline] seed=5 epoch 34/100: kd=1.0446, reg=0.000000, test_acc=49.95%
[baseline] seed=5 epoch 35/100: kd=0.9638, reg=0.000000, test_acc=48.10%
[baseline] seed=5 epoch 36/100: kd=0.9177, reg=0.000000, test_acc=48.28%
[baseline] seed=5 epoch 37/100: kd=0.8733, reg=0.000000, test_acc=49.25%
[baseline] seed=5 epoch 38/100: kd=0.7444, reg=0.000000, test_acc=51.02%
[baseline] seed=5 epoch 39/100: kd=0.7120, reg=0.000000, test_acc=51.23%
[baseline] seed=5 epoch 40/100: kd=0.6959, reg=0.000000, test_acc=50.75%
[baseline] seed=5 epoch 41/100: kd=0.6376, reg=0.000000, test_acc=51.12%
[baseline] seed=5 epoch 42/100: kd=0.6063, reg=0.000000, test_acc=51.26%
[baseline] seed=5 epoch 43/100: kd=0.5349, reg=0.000000, test_acc=51.50%
[baseline] seed=5 epoch 44/100: kd=0.5216, reg=0.000000, test_acc=50.97%
[baseline] seed=5 epoch 45/100: kd=0.4983, reg=0.000000, test_acc=51.59%
[baseline] seed=5 epoch 46/100: kd=0.5334, reg=0.000000, test_acc=51.48%
[baseline] seed=5 epoch 47/100: kd=0.4776, reg=0.000000, test_acc=50.26%
[baseline] seed=5 epoch 48/100: kd=0.5059, reg=0.000000, test_acc=52.38%
[baseline] seed=5 epoch 49/100: kd=0.4401, reg=0.000000, test_acc=51.59%
[baseline] seed=5 epoch 50/100: kd=0.4558, reg=0.000000, test_acc=51.29%
[baseline] seed=5 epoch 51/100: kd=0.4613, reg=0.000000, test_acc=51.42%
[baseline] seed=5 epoch 52/100: kd=0.4435, reg=0.000000, test_acc=51.06%
[baseline] seed=5 epoch 53/100: kd=0.4091, reg=0.000000, test_acc=50.80%
[baseline] seed=5 epoch 54/100: kd=0.4115, reg=0.000000, test_acc=52.12%
[baseline] seed=5 epoch 55/100: kd=0.4678, reg=0.000000, test_acc=51.24%
[baseline] seed=5 epoch 56/100: kd=0.4030, reg=0.000000, test_acc=52.01%
[baseline] seed=5 epoch 57/100: kd=0.3767, reg=0.000000, test_acc=51.48%
[baseline] seed=5 epoch 58/100: kd=0.3436, reg=0.000000, test_acc=51.91%
[baseline] seed=5 epoch 59/100: kd=0.3565, reg=0.000000, test_acc=53.24%
[baseline] seed=5 epoch 60/100: kd=0.3442, reg=0.000000, test_acc=52.06%
[baseline] seed=5 epoch 61/100: kd=0.2858, reg=0.000000, test_acc=52.69%
[baseline] seed=5 epoch 62/100: kd=0.2778, reg=0.000000, test_acc=52.67%
[baseline] seed=5 epoch 63/100: kd=0.2945, reg=0.000000, test_acc=51.94%
[baseline] seed=5 epoch 64/100: kd=0.3133, reg=0.000000, test_acc=52.55%
[baseline] seed=5 epoch 65/100: kd=0.2923, reg=0.000000, test_acc=52.87%
[baseline] seed=5 epoch 66/100: kd=0.2491, reg=0.000000, test_acc=52.43%
[baseline] seed=5 epoch 67/100: kd=0.2666, reg=0.000000, test_acc=52.66%
[baseline] seed=5 epoch 68/100: kd=0.2548, reg=0.000000, test_acc=52.65%
[baseline] seed=5 epoch 69/100: kd=0.2798, reg=0.000000, test_acc=51.91%
[baseline] seed=5 epoch 70/100: kd=0.2550, reg=0.000000, test_acc=52.79%
[baseline] seed=5 epoch 71/100: kd=0.2687, reg=0.000000, test_acc=51.98%
[baseline] seed=5 epoch 72/100: kd=0.2262, reg=0.000000, test_acc=52.64%
[baseline] seed=5 epoch 73/100: kd=0.2352, reg=0.000000, test_acc=52.77%
[baseline] seed=5 epoch 74/100: kd=0.2064, reg=0.000000, test_acc=52.89%
[baseline] seed=5 epoch 75/100: kd=0.2085, reg=0.000000, test_acc=52.47%
[baseline] seed=5 epoch 76/100: kd=0.2321, reg=0.000000, test_acc=52.79%
[baseline] seed=5 epoch 77/100: kd=0.2062, reg=0.000000, test_acc=52.86%
[baseline] seed=5 epoch 78/100: kd=0.2103, reg=0.000000, test_acc=52.71%
[baseline] seed=5 epoch 79/100: kd=0.2281, reg=0.000000, test_acc=52.53%
[baseline] seed=5 epoch 80/100: kd=0.2049, reg=0.000000, test_acc=52.70%
[baseline] seed=5 epoch 81/100: kd=0.2171, reg=0.000000, test_acc=52.81%
[baseline] seed=5 epoch 82/100: kd=0.1993, reg=0.000000, test_acc=52.80%
[baseline] seed=5 epoch 83/100: kd=0.1912, reg=0.000000, test_acc=52.83%
[baseline] seed=5 epoch 84/100: kd=0.1969, reg=0.000000, test_acc=52.73%
[baseline] seed=5 epoch 85/100: kd=0.1932, reg=0.000000, test_acc=52.53%
[baseline] seed=5 epoch 86/100: kd=0.1768, reg=0.000000, test_acc=52.73%
[baseline] seed=5 epoch 87/100: kd=0.1864, reg=0.000000, test_acc=52.88%
[baseline] seed=5 epoch 88/100: kd=0.1884, reg=0.000000, test_acc=52.85%
[baseline] seed=5 epoch 89/100: kd=0.1833, reg=0.000000, test_acc=52.89%
[baseline] seed=5 epoch 90/100: kd=0.1795, reg=0.000000, test_acc=52.83%
[baseline] seed=5 epoch 91/100: kd=0.1826, reg=0.000000, test_acc=52.76%
[baseline] seed=5 epoch 92/100: kd=0.1959, reg=0.000000, test_acc=52.86%
[baseline] seed=5 epoch 93/100: kd=0.1935, reg=0.000000, test_acc=52.87%
[baseline] seed=5 epoch 94/100: kd=0.1854, reg=0.000000, test_acc=52.85%
[baseline] seed=5 epoch 95/100: kd=0.1797, reg=0.000000, test_acc=52.74%
[baseline] seed=5 epoch 96/100: kd=0.1640, reg=0.000000, test_acc=52.80%
[baseline] seed=5 epoch 97/100: kd=0.1865, reg=0.000000, test_acc=52.77%
[baseline] seed=5 epoch 98/100: kd=0.1766, reg=0.000000, test_acc=52.66%
[baseline] seed=5 epoch 99/100: kd=0.1567, reg=0.000000, test_acc=52.80%
[baseline] seed=5 epoch 100/100: kd=0.1974, reg=0.000000, test_acc=52.71%
[baseline] seed=6 epoch 01/100: kd=9.9238, reg=0.000000, test_acc=10.00%
[baseline] seed=6 epoch 02/100: kd=7.5588, reg=0.000000, test_acc=14.59%
[baseline] seed=6 epoch 03/100: kd=6.9173, reg=0.000000, test_acc=19.91%
[baseline] seed=6 epoch 04/100: kd=6.4793, reg=0.000000, test_acc=25.31%
[baseline] seed=6 epoch 05/100: kd=6.0997, reg=0.000000, test_acc=26.95%
[baseline] seed=6 epoch 06/100: kd=5.9043, reg=0.000000, test_acc=27.36%
[baseline] seed=6 epoch 07/100: kd=5.6669, reg=0.000000, test_acc=32.90%
[baseline] seed=6 epoch 08/100: kd=5.3653, reg=0.000000, test_acc=28.12%
[baseline] seed=6 epoch 09/100: kd=5.2486, reg=0.000000, test_acc=34.75%
[baseline] seed=6 epoch 10/100: kd=5.1014, reg=0.000000, test_acc=32.41%
[baseline] seed=6 epoch 11/100: kd=4.7801, reg=0.000000, test_acc=34.00%
[baseline] seed=6 epoch 12/100: kd=4.5379, reg=0.000000, test_acc=38.27%
[baseline] seed=6 epoch 13/100: kd=4.5401, reg=0.000000, test_acc=38.91%
[baseline] seed=6 epoch 14/100: kd=4.2773, reg=0.000000, test_acc=35.44%
[baseline] seed=6 epoch 15/100: kd=4.0810, reg=0.000000, test_acc=35.14%
[baseline] seed=6 epoch 16/100: kd=4.1143, reg=0.000000, test_acc=39.46%
[baseline] seed=6 epoch 17/100: kd=3.8599, reg=0.000000, test_acc=36.96%
[baseline] seed=6 epoch 18/100: kd=3.8160, reg=0.000000, test_acc=41.29%
[baseline] seed=6 epoch 19/100: kd=3.5923, reg=0.000000, test_acc=41.91%
[baseline] seed=6 epoch 20/100: kd=3.2515, reg=0.000000, test_acc=42.26%
[baseline] seed=6 epoch 21/100: kd=2.9609, reg=0.000000, test_acc=46.02%
[baseline] seed=6 epoch 22/100: kd=2.8094, reg=0.000000, test_acc=43.86%
[baseline] seed=6 epoch 23/100: kd=2.7205, reg=0.000000, test_acc=42.59%
[baseline] seed=6 epoch 24/100: kd=2.5158, reg=0.000000, test_acc=46.11%
[baseline] seed=6 epoch 25/100: kd=2.3718, reg=0.000000, test_acc=47.42%
[baseline] seed=6 epoch 26/100: kd=2.3495, reg=0.000000, test_acc=43.93%
[baseline] seed=6 epoch 27/100: kd=2.3501, reg=0.000000, test_acc=44.59%
[baseline] seed=6 epoch 28/100: kd=1.9936, reg=0.000000, test_acc=47.85%
[baseline] seed=6 epoch 29/100: kd=1.8700, reg=0.000000, test_acc=48.31%
[baseline] seed=6 epoch 30/100: kd=1.8226, reg=0.000000, test_acc=46.34%
[baseline] seed=6 epoch 31/100: kd=1.7591, reg=0.000000, test_acc=46.26%
[baseline] seed=6 epoch 32/100: kd=1.5575, reg=0.000000, test_acc=48.05%
[baseline] seed=6 epoch 33/100: kd=1.4953, reg=0.000000, test_acc=49.01%
[baseline] seed=6 epoch 34/100: kd=1.4061, reg=0.000000, test_acc=46.11%
[baseline] seed=6 epoch 35/100: kd=1.2864, reg=0.000000, test_acc=48.33%
[baseline] seed=6 epoch 36/100: kd=1.2347, reg=0.000000, test_acc=48.03%
[baseline] seed=6 epoch 37/100: kd=1.0467, reg=0.000000, test_acc=49.59%
[baseline] seed=6 epoch 38/100: kd=0.9760, reg=0.000000, test_acc=47.16%
[baseline] seed=6 epoch 39/100: kd=1.0165, reg=0.000000, test_acc=49.55%
[baseline] seed=6 epoch 40/100: kd=0.8915, reg=0.000000, test_acc=50.45%
[baseline] seed=6 epoch 41/100: kd=0.7789, reg=0.000000, test_acc=50.23%
[baseline] seed=6 epoch 42/100: kd=0.7337, reg=0.000000, test_acc=50.91%
[baseline] seed=6 epoch 43/100: kd=0.7062, reg=0.000000, test_acc=49.88%
[baseline] seed=6 epoch 44/100: kd=0.6850, reg=0.000000, test_acc=51.11%
[baseline] seed=6 epoch 45/100: kd=0.6300, reg=0.000000, test_acc=49.81%
[baseline] seed=6 epoch 46/100: kd=0.6499, reg=0.000000, test_acc=51.88%
[baseline] seed=6 epoch 47/100: kd=0.6363, reg=0.000000, test_acc=49.86%
[baseline] seed=6 epoch 48/100: kd=0.6076, reg=0.000000, test_acc=51.16%
[baseline] seed=6 epoch 49/100: kd=0.5553, reg=0.000000, test_acc=51.65%
[baseline] seed=6 epoch 50/100: kd=0.5067, reg=0.000000, test_acc=51.62%
[baseline] seed=6 epoch 51/100: kd=0.4929, reg=0.000000, test_acc=51.93%
[baseline] seed=6 epoch 52/100: kd=0.4928, reg=0.000000, test_acc=51.86%
[baseline] seed=6 epoch 53/100: kd=0.4475, reg=0.000000, test_acc=51.44%
[baseline] seed=6 epoch 54/100: kd=0.4548, reg=0.000000, test_acc=51.29%
[baseline] seed=6 epoch 55/100: kd=0.4791, reg=0.000000, test_acc=51.39%
[baseline] seed=6 epoch 56/100: kd=0.4187, reg=0.000000, test_acc=51.97%
[baseline] seed=6 epoch 57/100: kd=0.4035, reg=0.000000, test_acc=51.76%
[baseline] seed=6 epoch 58/100: kd=0.3773, reg=0.000000, test_acc=51.84%
[baseline] seed=6 epoch 59/100: kd=0.3911, reg=0.000000, test_acc=51.45%
[baseline] seed=6 epoch 60/100: kd=0.3413, reg=0.000000, test_acc=51.86%
[baseline] seed=6 epoch 61/100: kd=0.3579, reg=0.000000, test_acc=52.17%
[baseline] seed=6 epoch 62/100: kd=0.3597, reg=0.000000, test_acc=52.96%
[baseline] seed=6 epoch 63/100: kd=0.3145, reg=0.000000, test_acc=52.10%
[baseline] seed=6 epoch 64/100: kd=0.3304, reg=0.000000, test_acc=51.85%
[baseline] seed=6 epoch 65/100: kd=0.3193, reg=0.000000, test_acc=52.95%
[baseline] seed=6 epoch 66/100: kd=0.3014, reg=0.000000, test_acc=52.37%
[baseline] seed=6 epoch 67/100: kd=0.2873, reg=0.000000, test_acc=51.91%
[baseline] seed=6 epoch 68/100: kd=0.2817, reg=0.000000, test_acc=52.96%
[baseline] seed=6 epoch 69/100: kd=0.2645, reg=0.000000, test_acc=52.33%
[baseline] seed=6 epoch 70/100: kd=0.2599, reg=0.000000, test_acc=52.62%
[baseline] seed=6 epoch 71/100: kd=0.2640, reg=0.000000, test_acc=51.88%
[baseline] seed=6 epoch 72/100: kd=0.2573, reg=0.000000, test_acc=52.87%
[baseline] seed=6 epoch 73/100: kd=0.2456, reg=0.000000, test_acc=52.71%
[baseline] seed=6 epoch 74/100: kd=0.2421, reg=0.000000, test_acc=52.74%
[baseline] seed=6 epoch 75/100: kd=0.2268, reg=0.000000, test_acc=52.33%
[baseline] seed=6 epoch 76/100: kd=0.2560, reg=0.000000, test_acc=52.88%
[baseline] seed=6 epoch 77/100: kd=0.2221, reg=0.000000, test_acc=52.30%
[baseline] seed=6 epoch 78/100: kd=0.2223, reg=0.000000, test_acc=52.83%
[baseline] seed=6 epoch 79/100: kd=0.2022, reg=0.000000, test_acc=52.84%
[baseline] seed=6 epoch 80/100: kd=0.2212, reg=0.000000, test_acc=52.93%
[baseline] seed=6 epoch 81/100: kd=0.2400, reg=0.000000, test_acc=52.70%
[baseline] seed=6 epoch 82/100: kd=0.2142, reg=0.000000, test_acc=52.79%
[baseline] seed=6 epoch 83/100: kd=0.2111, reg=0.000000, test_acc=53.02%
[baseline] seed=6 epoch 84/100: kd=0.1973, reg=0.000000, test_acc=52.75%
[baseline] seed=6 epoch 85/100: kd=0.2026, reg=0.000000, test_acc=52.61%
[baseline] seed=6 epoch 86/100: kd=0.1981, reg=0.000000, test_acc=52.84%
[baseline] seed=6 epoch 87/100: kd=0.2072, reg=0.000000, test_acc=52.86%
[baseline] seed=6 epoch 88/100: kd=0.2111, reg=0.000000, test_acc=52.74%
[baseline] seed=6 epoch 89/100: kd=0.1931, reg=0.000000, test_acc=52.92%
[baseline] seed=6 epoch 90/100: kd=0.1981, reg=0.000000, test_acc=52.88%
[baseline] seed=6 epoch 91/100: kd=0.2031, reg=0.000000, test_acc=52.78%
[baseline] seed=6 epoch 92/100: kd=0.2089, reg=0.000000, test_acc=53.08%
[baseline] seed=6 epoch 93/100: kd=0.1813, reg=0.000000, test_acc=52.94%
[baseline] seed=6 epoch 94/100: kd=0.2026, reg=0.000000, test_acc=52.83%
[baseline] seed=6 epoch 95/100: kd=0.1857, reg=0.000000, test_acc=52.78%
[baseline] seed=6 epoch 96/100: kd=0.1848, reg=0.000000, test_acc=52.98%
[baseline] seed=6 epoch 97/100: kd=0.2133, reg=0.000000, test_acc=52.79%
[baseline] seed=6 epoch 98/100: kd=0.1926, reg=0.000000, test_acc=52.89%
[baseline] seed=6 epoch 99/100: kd=0.1905, reg=0.000000, test_acc=52.74%
[baseline] seed=6 epoch 100/100: kd=0.1795, reg=0.000000, test_acc=52.94%
[baseline] seed=7 epoch 01/100: kd=10.3111, reg=0.000000, test_acc=10.00%
[baseline] seed=7 epoch 02/100: kd=8.3439, reg=0.000000, test_acc=13.24%
[baseline] seed=7 epoch 03/100: kd=7.7898, reg=0.000000, test_acc=12.79%
[baseline] seed=7 epoch 04/100: kd=7.4855, reg=0.000000, test_acc=24.26%
[baseline] seed=7 epoch 05/100: kd=6.7123, reg=0.000000, test_acc=22.14%
[baseline] seed=7 epoch 06/100: kd=6.2776, reg=0.000000, test_acc=28.22%
[baseline] seed=7 epoch 07/100: kd=5.9970, reg=0.000000, test_acc=30.21%
[baseline] seed=7 epoch 08/100: kd=5.8167, reg=0.000000, test_acc=29.84%
[baseline] seed=7 epoch 09/100: kd=5.4806, reg=0.000000, test_acc=21.91%
[baseline] seed=7 epoch 10/100: kd=5.2043, reg=0.000000, test_acc=30.57%
[baseline] seed=7 epoch 11/100: kd=4.9367, reg=0.000000, test_acc=31.57%
[baseline] seed=7 epoch 12/100: kd=4.6049, reg=0.000000, test_acc=38.64%
[baseline] seed=7 epoch 13/100: kd=4.4743, reg=0.000000, test_acc=36.91%
[baseline] seed=7 epoch 14/100: kd=4.1839, reg=0.000000, test_acc=38.40%
[baseline] seed=7 epoch 15/100: kd=4.0186, reg=0.000000, test_acc=39.57%
[baseline] seed=7 epoch 16/100: kd=3.7239, reg=0.000000, test_acc=38.17%
[baseline] seed=7 epoch 17/100: kd=3.4034, reg=0.000000, test_acc=43.84%
[baseline] seed=7 epoch 18/100: kd=3.3029, reg=0.000000, test_acc=43.26%
[baseline] seed=7 epoch 19/100: kd=3.0937, reg=0.000000, test_acc=37.96%
[baseline] seed=7 epoch 20/100: kd=2.9704, reg=0.000000, test_acc=46.18%
[baseline] seed=7 epoch 21/100: kd=2.5977, reg=0.000000, test_acc=45.64%
[baseline] seed=7 epoch 22/100: kd=2.4159, reg=0.000000, test_acc=46.51%
[baseline] seed=7 epoch 23/100: kd=2.1076, reg=0.000000, test_acc=50.50%
[baseline] seed=7 epoch 24/100: kd=1.9345, reg=0.000000, test_acc=46.18%
[baseline] seed=7 epoch 25/100: kd=1.8133, reg=0.000000, test_acc=49.61%
[baseline] seed=7 epoch 26/100: kd=1.7272, reg=0.000000, test_acc=48.23%
[baseline] seed=7 epoch 27/100: kd=1.5555, reg=0.000000, test_acc=49.94%
[baseline] seed=7 epoch 28/100: kd=1.3925, reg=0.000000, test_acc=50.82%
[baseline] seed=7 epoch 29/100: kd=1.2902, reg=0.000000, test_acc=50.79%
[baseline] seed=7 epoch 30/100: kd=1.1960, reg=0.000000, test_acc=51.18%
[baseline] seed=7 epoch 31/100: kd=1.1621, reg=0.000000, test_acc=49.91%
[baseline] seed=7 epoch 32/100: kd=0.9686, reg=0.000000, test_acc=53.62%
[baseline] seed=7 epoch 33/100: kd=0.9830, reg=0.000000, test_acc=53.61%
[baseline] seed=7 epoch 34/100: kd=0.8280, reg=0.000000, test_acc=53.21%
[baseline] seed=7 epoch 35/100: kd=0.8276, reg=0.000000, test_acc=48.70%
[baseline] seed=7 epoch 36/100: kd=0.7352, reg=0.000000, test_acc=52.49%
[baseline] seed=7 epoch 37/100: kd=0.6547, reg=0.000000, test_acc=52.20%
[baseline] seed=7 epoch 38/100: kd=0.6751, reg=0.000000, test_acc=53.79%
[baseline] seed=7 epoch 39/100: kd=0.6894, reg=0.000000, test_acc=53.69%
[baseline] seed=7 epoch 40/100: kd=0.6318, reg=0.000000, test_acc=53.73%
[baseline] seed=7 epoch 41/100: kd=0.5246, reg=0.000000, test_acc=55.07%
[baseline] seed=7 epoch 42/100: kd=0.4823, reg=0.000000, test_acc=54.26%
[baseline] seed=7 epoch 43/100: kd=0.5101, reg=0.000000, test_acc=55.50%
[baseline] seed=7 epoch 44/100: kd=0.5163, reg=0.000000, test_acc=55.31%
[baseline] seed=7 epoch 45/100: kd=0.4789, reg=0.000000, test_acc=54.31%
[baseline] seed=7 epoch 46/100: kd=0.4105, reg=0.000000, test_acc=55.40%
[baseline] seed=7 epoch 47/100: kd=0.4420, reg=0.000000, test_acc=54.83%
[baseline] seed=7 epoch 48/100: kd=0.4367, reg=0.000000, test_acc=54.98%
[baseline] seed=7 epoch 49/100: kd=0.4282, reg=0.000000, test_acc=55.42%
[baseline] seed=7 epoch 50/100: kd=0.3909, reg=0.000000, test_acc=55.35%
[baseline] seed=7 epoch 51/100: kd=0.3774, reg=0.000000, test_acc=55.08%
[baseline] seed=7 epoch 52/100: kd=0.3886, reg=0.000000, test_acc=54.86%
[baseline] seed=7 epoch 53/100: kd=0.3453, reg=0.000000, test_acc=56.39%
[baseline] seed=7 epoch 54/100: kd=0.3030, reg=0.000000, test_acc=55.06%
[baseline] seed=7 epoch 55/100: kd=0.3233, reg=0.000000, test_acc=55.89%
[baseline] seed=7 epoch 56/100: kd=0.3214, reg=0.000000, test_acc=55.37%
[baseline] seed=7 epoch 57/100: kd=0.2920, reg=0.000000, test_acc=55.46%
[baseline] seed=7 epoch 58/100: kd=0.2810, reg=0.000000, test_acc=56.57%
[baseline] seed=7 epoch 59/100: kd=0.2724, reg=0.000000, test_acc=55.74%
[baseline] seed=7 epoch 60/100: kd=0.2948, reg=0.000000, test_acc=56.43%
[baseline] seed=7 epoch 61/100: kd=0.2803, reg=0.000000, test_acc=56.58%
[baseline] seed=7 epoch 62/100: kd=0.2413, reg=0.000000, test_acc=56.41%
[baseline] seed=7 epoch 63/100: kd=0.2629, reg=0.000000, test_acc=56.54%
[baseline] seed=7 epoch 64/100: kd=0.2762, reg=0.000000, test_acc=56.25%
[baseline] seed=7 epoch 65/100: kd=0.2459, reg=0.000000, test_acc=56.76%
[baseline] seed=7 epoch 66/100: kd=0.2891, reg=0.000000, test_acc=55.85%
[baseline] seed=7 epoch 67/100: kd=0.2640, reg=0.000000, test_acc=55.48%
[baseline] seed=7 epoch 68/100: kd=0.2819, reg=0.000000, test_acc=56.76%
[baseline] seed=7 epoch 69/100: kd=0.2264, reg=0.000000, test_acc=57.02%
[baseline] seed=7 epoch 70/100: kd=0.2347, reg=0.000000, test_acc=57.09%
[baseline] seed=7 epoch 71/100: kd=0.1892, reg=0.000000, test_acc=56.91%
[baseline] seed=7 epoch 72/100: kd=0.2288, reg=0.000000, test_acc=56.88%
[baseline] seed=7 epoch 73/100: kd=0.2113, reg=0.000000, test_acc=57.02%
[baseline] seed=7 epoch 74/100: kd=0.1971, reg=0.000000, test_acc=56.95%
[baseline] seed=7 epoch 75/100: kd=0.1991, reg=0.000000, test_acc=56.90%
[baseline] seed=7 epoch 76/100: kd=0.2013, reg=0.000000, test_acc=56.91%
[baseline] seed=7 epoch 77/100: kd=0.1905, reg=0.000000, test_acc=57.21%
[baseline] seed=7 epoch 78/100: kd=0.1813, reg=0.000000, test_acc=57.08%
[baseline] seed=7 epoch 79/100: kd=0.2025, reg=0.000000, test_acc=57.22%
[baseline] seed=7 epoch 80/100: kd=0.1650, reg=0.000000, test_acc=57.25%
[baseline] seed=7 epoch 81/100: kd=0.1617, reg=0.000000, test_acc=56.97%
[baseline] seed=7 epoch 82/100: kd=0.1844, reg=0.000000, test_acc=57.26%
[baseline] seed=7 epoch 83/100: kd=0.1759, reg=0.000000, test_acc=57.13%
[baseline] seed=7 epoch 84/100: kd=0.1871, reg=0.000000, test_acc=57.22%
[baseline] seed=7 epoch 85/100: kd=0.1515, reg=0.000000, test_acc=57.32%
[baseline] seed=7 epoch 86/100: kd=0.1751, reg=0.000000, test_acc=57.35%
[baseline] seed=7 epoch 87/100: kd=0.1867, reg=0.000000, test_acc=57.14%
[baseline] seed=7 epoch 88/100: kd=0.1712, reg=0.000000, test_acc=57.31%
[baseline] seed=7 epoch 89/100: kd=0.1898, reg=0.000000, test_acc=57.19%
[baseline] seed=7 epoch 90/100: kd=0.1454, reg=0.000000, test_acc=57.35%
[baseline] seed=7 epoch 91/100: kd=0.1659, reg=0.000000, test_acc=57.36%
[baseline] seed=7 epoch 92/100: kd=0.1440, reg=0.000000, test_acc=57.14%
[baseline] seed=7 epoch 93/100: kd=0.1428, reg=0.000000, test_acc=57.15%
[baseline] seed=7 epoch 94/100: kd=0.1807, reg=0.000000, test_acc=57.22%
[baseline] seed=7 epoch 95/100: kd=0.1980, reg=0.000000, test_acc=57.11%
[baseline] seed=7 epoch 96/100: kd=0.1760, reg=0.000000, test_acc=57.19%
[baseline] seed=7 epoch 97/100: kd=0.1862, reg=0.000000, test_acc=57.16%
[baseline] seed=7 epoch 98/100: kd=0.1780, reg=0.000000, test_acc=57.08%
[baseline] seed=7 epoch 99/100: kd=0.1540, reg=0.000000, test_acc=57.07%
[baseline] seed=7 epoch 100/100: kd=0.1662, reg=0.000000, test_acc=57.29%
[baseline] seed=8 epoch 01/100: kd=10.0671, reg=0.000000, test_acc=10.00%
[baseline] seed=8 epoch 02/100: kd=8.0125, reg=0.000000, test_acc=13.70%
[baseline] seed=8 epoch 03/100: kd=7.2731, reg=0.000000, test_acc=22.77%
[baseline] seed=8 epoch 04/100: kd=7.0614, reg=0.000000, test_acc=22.24%
[baseline] seed=8 epoch 05/100: kd=6.5649, reg=0.000000, test_acc=23.74%
[baseline] seed=8 epoch 06/100: kd=6.1701, reg=0.000000, test_acc=24.73%
[baseline] seed=8 epoch 07/100: kd=6.2406, reg=0.000000, test_acc=28.78%
[baseline] seed=8 epoch 08/100: kd=5.8760, reg=0.000000, test_acc=24.91%
[baseline] seed=8 epoch 09/100: kd=6.0247, reg=0.000000, test_acc=29.82%
[baseline] seed=8 epoch 10/100: kd=5.6016, reg=0.000000, test_acc=31.42%
[baseline] seed=8 epoch 11/100: kd=5.5061, reg=0.000000, test_acc=35.16%
[baseline] seed=8 epoch 12/100: kd=5.3243, reg=0.000000, test_acc=35.26%
[baseline] seed=8 epoch 13/100: kd=5.0434, reg=0.000000, test_acc=32.87%
[baseline] seed=8 epoch 14/100: kd=4.7570, reg=0.000000, test_acc=34.80%
[baseline] seed=8 epoch 15/100: kd=4.8682, reg=0.000000, test_acc=37.86%
[baseline] seed=8 epoch 16/100: kd=4.8498, reg=0.000000, test_acc=34.02%
[baseline] seed=8 epoch 17/100: kd=4.7047, reg=0.000000, test_acc=39.12%
[baseline] seed=8 epoch 18/100: kd=4.5396, reg=0.000000, test_acc=39.92%
[baseline] seed=8 epoch 19/100: kd=4.1402, reg=0.000000, test_acc=38.65%
[baseline] seed=8 epoch 20/100: kd=4.0203, reg=0.000000, test_acc=39.10%
[baseline] seed=8 epoch 21/100: kd=3.9674, reg=0.000000, test_acc=39.53%
[baseline] seed=8 epoch 22/100: kd=3.6602, reg=0.000000, test_acc=42.38%
[baseline] seed=8 epoch 23/100: kd=3.5958, reg=0.000000, test_acc=42.28%
[baseline] seed=8 epoch 24/100: kd=3.3827, reg=0.000000, test_acc=42.93%
[baseline] seed=8 epoch 25/100: kd=3.3960, reg=0.000000, test_acc=44.82%
[baseline] seed=8 epoch 26/100: kd=3.1898, reg=0.000000, test_acc=41.41%
[baseline] seed=8 epoch 27/100: kd=3.0639, reg=0.000000, test_acc=45.16%
[baseline] seed=8 epoch 28/100: kd=2.8895, reg=0.000000, test_acc=43.44%
[baseline] seed=8 epoch 29/100: kd=2.7476, reg=0.000000, test_acc=43.63%
[baseline] seed=8 epoch 30/100: kd=2.8008, reg=0.000000, test_acc=45.78%
[baseline] seed=8 epoch 31/100: kd=2.5862, reg=0.000000, test_acc=42.44%
[baseline] seed=8 epoch 32/100: kd=2.3348, reg=0.000000, test_acc=48.41%
[baseline] seed=8 epoch 33/100: kd=2.1891, reg=0.000000, test_acc=49.23%
[baseline] seed=8 epoch 34/100: kd=2.1947, reg=0.000000, test_acc=46.59%
[baseline] seed=8 epoch 35/100: kd=2.1424, reg=0.000000, test_acc=48.41%
[baseline] seed=8 epoch 36/100: kd=2.0148, reg=0.000000, test_acc=45.57%
[baseline] seed=8 epoch 37/100: kd=1.9718, reg=0.000000, test_acc=47.77%
[baseline] seed=8 epoch 38/100: kd=1.9139, reg=0.000000, test_acc=49.20%
[baseline] seed=8 epoch 39/100: kd=1.8170, reg=0.000000, test_acc=50.06%
[baseline] seed=8 epoch 40/100: kd=1.6359, reg=0.000000, test_acc=49.94%
[baseline] seed=8 epoch 41/100: kd=1.6878, reg=0.000000, test_acc=47.42%
[baseline] seed=8 epoch 42/100: kd=1.4968, reg=0.000000, test_acc=50.09%
[baseline] seed=8 epoch 43/100: kd=1.2621, reg=0.000000, test_acc=50.45%
[baseline] seed=8 epoch 44/100: kd=1.1503, reg=0.000000, test_acc=50.55%
[baseline] seed=8 epoch 45/100: kd=1.1353, reg=0.000000, test_acc=50.75%
[baseline] seed=8 epoch 46/100: kd=1.0703, reg=0.000000, test_acc=50.67%
[baseline] seed=8 epoch 47/100: kd=0.9529, reg=0.000000, test_acc=50.53%
[baseline] seed=8 epoch 48/100: kd=0.9933, reg=0.000000, test_acc=52.75%
[baseline] seed=8 epoch 49/100: kd=0.9807, reg=0.000000, test_acc=50.83%
[baseline] seed=8 epoch 50/100: kd=0.9779, reg=0.000000, test_acc=50.98%
[baseline] seed=8 epoch 51/100: kd=0.8580, reg=0.000000, test_acc=50.58%
[baseline] seed=8 epoch 52/100: kd=0.7995, reg=0.000000, test_acc=53.60%
[baseline] seed=8 epoch 53/100: kd=0.8038, reg=0.000000, test_acc=52.36%
[baseline] seed=8 epoch 54/100: kd=0.7408, reg=0.000000, test_acc=53.42%
[baseline] seed=8 epoch 55/100: kd=0.6317, reg=0.000000, test_acc=52.13%
[baseline] seed=8 epoch 56/100: kd=0.6513, reg=0.000000, test_acc=52.86%
[baseline] seed=8 epoch 57/100: kd=0.6386, reg=0.000000, test_acc=52.33%
[baseline] seed=8 epoch 58/100: kd=0.5963, reg=0.000000, test_acc=53.11%
[baseline] seed=8 epoch 59/100: kd=0.6277, reg=0.000000, test_acc=52.66%
[baseline] seed=8 epoch 60/100: kd=0.5644, reg=0.000000, test_acc=53.49%
[baseline] seed=8 epoch 61/100: kd=0.4960, reg=0.000000, test_acc=53.42%
[baseline] seed=8 epoch 62/100: kd=0.4933, reg=0.000000, test_acc=53.68%
[baseline] seed=8 epoch 63/100: kd=0.4106, reg=0.000000, test_acc=53.72%
[baseline] seed=8 epoch 64/100: kd=0.4587, reg=0.000000, test_acc=53.88%
[baseline] seed=8 epoch 65/100: kd=0.4446, reg=0.000000, test_acc=53.53%
[baseline] seed=8 epoch 66/100: kd=0.4424, reg=0.000000, test_acc=54.52%
[baseline] seed=8 epoch 67/100: kd=0.3988, reg=0.000000, test_acc=53.59%
[baseline] seed=8 epoch 68/100: kd=0.3917, reg=0.000000, test_acc=53.48%
[baseline] seed=8 epoch 69/100: kd=0.3998, reg=0.000000, test_acc=54.05%
[baseline] seed=8 epoch 70/100: kd=0.4160, reg=0.000000, test_acc=54.36%
[baseline] seed=8 epoch 71/100: kd=0.3549, reg=0.000000, test_acc=53.16%
[baseline] seed=8 epoch 72/100: kd=0.3705, reg=0.000000, test_acc=54.03%
[baseline] seed=8 epoch 73/100: kd=0.3546, reg=0.000000, test_acc=53.86%
[baseline] seed=8 epoch 74/100: kd=0.3653, reg=0.000000, test_acc=53.43%
[baseline] seed=8 epoch 75/100: kd=0.3487, reg=0.000000, test_acc=54.11%
[baseline] seed=8 epoch 76/100: kd=0.3423, reg=0.000000, test_acc=54.19%
[baseline] seed=8 epoch 77/100: kd=0.3190, reg=0.000000, test_acc=54.18%
[baseline] seed=8 epoch 78/100: kd=0.3123, reg=0.000000, test_acc=53.91%
[baseline] seed=8 epoch 79/100: kd=0.3112, reg=0.000000, test_acc=53.92%
[baseline] seed=8 epoch 80/100: kd=0.2813, reg=0.000000, test_acc=54.32%
[baseline] seed=8 epoch 81/100: kd=0.2858, reg=0.000000, test_acc=54.19%
[baseline] seed=8 epoch 82/100: kd=0.2831, reg=0.000000, test_acc=54.25%
[baseline] seed=8 epoch 83/100: kd=0.2801, reg=0.000000, test_acc=54.28%
[baseline] seed=8 epoch 84/100: kd=0.2871, reg=0.000000, test_acc=54.20%
[baseline] seed=8 epoch 85/100: kd=0.2746, reg=0.000000, test_acc=54.34%
[baseline] seed=8 epoch 86/100: kd=0.2840, reg=0.000000, test_acc=54.46%
[baseline] seed=8 epoch 87/100: kd=0.2891, reg=0.000000, test_acc=54.15%
[baseline] seed=8 epoch 88/100: kd=0.3104, reg=0.000000, test_acc=54.35%
[baseline] seed=8 epoch 89/100: kd=0.2526, reg=0.000000, test_acc=54.25%
[baseline] seed=8 epoch 90/100: kd=0.2637, reg=0.000000, test_acc=53.97%
[baseline] seed=8 epoch 91/100: kd=0.2680, reg=0.000000, test_acc=54.21%
[baseline] seed=8 epoch 92/100: kd=0.2756, reg=0.000000, test_acc=54.14%
[baseline] seed=8 epoch 93/100: kd=0.2777, reg=0.000000, test_acc=53.93%
[baseline] seed=8 epoch 94/100: kd=0.2623, reg=0.000000, test_acc=54.39%
[baseline] seed=8 epoch 95/100: kd=0.3004, reg=0.000000, test_acc=54.16%
[baseline] seed=8 epoch 96/100: kd=0.2540, reg=0.000000, test_acc=54.13%
[baseline] seed=8 epoch 97/100: kd=0.2604, reg=0.000000, test_acc=54.06%
[baseline] seed=8 epoch 98/100: kd=0.2439, reg=0.000000, test_acc=54.37%
[baseline] seed=8 epoch 99/100: kd=0.2540, reg=0.000000, test_acc=54.35%
[baseline] seed=8 epoch 100/100: kd=0.2526, reg=0.000000, test_acc=54.22%
[baseline] seed=9 epoch 01/100: kd=10.1702, reg=0.000000, test_acc=10.00%
[baseline] seed=9 epoch 02/100: kd=8.4221, reg=0.000000, test_acc=17.01%
[baseline] seed=9 epoch 03/100: kd=7.7048, reg=0.000000, test_acc=18.02%
[baseline] seed=9 epoch 04/100: kd=6.7271, reg=0.000000, test_acc=28.99%
[baseline] seed=9 epoch 05/100: kd=6.5748, reg=0.000000, test_acc=28.21%
[baseline] seed=9 epoch 06/100: kd=6.2139, reg=0.000000, test_acc=28.65%
[baseline] seed=9 epoch 07/100: kd=5.8286, reg=0.000000, test_acc=29.98%
[baseline] seed=9 epoch 08/100: kd=5.4497, reg=0.000000, test_acc=26.97%
[baseline] seed=9 epoch 09/100: kd=5.2523, reg=0.000000, test_acc=34.59%
[baseline] seed=9 epoch 10/100: kd=5.1002, reg=0.000000, test_acc=34.68%
[baseline] seed=9 epoch 11/100: kd=5.0422, reg=0.000000, test_acc=34.65%
[baseline] seed=9 epoch 12/100: kd=5.0197, reg=0.000000, test_acc=39.58%
[baseline] seed=9 epoch 13/100: kd=4.4667, reg=0.000000, test_acc=39.30%
[baseline] seed=9 epoch 14/100: kd=4.2567, reg=0.000000, test_acc=37.22%
[baseline] seed=9 epoch 15/100: kd=4.1316, reg=0.000000, test_acc=37.61%
[baseline] seed=9 epoch 16/100: kd=3.8422, reg=0.000000, test_acc=37.71%
[baseline] seed=9 epoch 17/100: kd=3.7507, reg=0.000000, test_acc=41.95%
[baseline] seed=9 epoch 18/100: kd=3.5900, reg=0.000000, test_acc=42.79%
[baseline] seed=9 epoch 19/100: kd=3.5777, reg=0.000000, test_acc=45.28%
[baseline] seed=9 epoch 20/100: kd=3.2606, reg=0.000000, test_acc=44.30%
[baseline] seed=9 epoch 21/100: kd=3.0551, reg=0.000000, test_acc=44.26%
[baseline] seed=9 epoch 22/100: kd=3.1294, reg=0.000000, test_acc=44.21%
[baseline] seed=9 epoch 23/100: kd=2.9079, reg=0.000000, test_acc=45.89%
[baseline] seed=9 epoch 24/100: kd=2.6606, reg=0.000000, test_acc=41.94%
[baseline] seed=9 epoch 25/100: kd=2.5563, reg=0.000000, test_acc=40.37%
[baseline] seed=9 epoch 26/100: kd=2.6191, reg=0.000000, test_acc=45.00%
[baseline] seed=9 epoch 27/100: kd=2.4843, reg=0.000000, test_acc=45.23%
[baseline] seed=9 epoch 28/100: kd=2.1653, reg=0.000000, test_acc=46.91%
[baseline] seed=9 epoch 29/100: kd=2.0182, reg=0.000000, test_acc=47.23%
[baseline] seed=9 epoch 30/100: kd=1.8978, reg=0.000000, test_acc=49.89%
[baseline] seed=9 epoch 31/100: kd=1.7570, reg=0.000000, test_acc=47.23%
[baseline] seed=9 epoch 32/100: kd=1.6659, reg=0.000000, test_acc=46.94%
[baseline] seed=9 epoch 33/100: kd=1.5472, reg=0.000000, test_acc=49.44%
[baseline] seed=9 epoch 34/100: kd=1.4690, reg=0.000000, test_acc=47.74%
[baseline] seed=9 epoch 35/100: kd=1.4768, reg=0.000000, test_acc=49.61%
[baseline] seed=9 epoch 36/100: kd=1.4405, reg=0.000000, test_acc=48.38%
[baseline] seed=9 epoch 37/100: kd=1.3472, reg=0.000000, test_acc=47.10%
[baseline] seed=9 epoch 38/100: kd=1.3518, reg=0.000000, test_acc=48.08%
[baseline] seed=9 epoch 39/100: kd=1.1286, reg=0.000000, test_acc=49.95%
[baseline] seed=9 epoch 40/100: kd=1.1531, reg=0.000000, test_acc=49.83%
[baseline] seed=9 epoch 41/100: kd=0.9466, reg=0.000000, test_acc=48.53%
[baseline] seed=9 epoch 42/100: kd=0.8944, reg=0.000000, test_acc=49.97%
[baseline] seed=9 epoch 43/100: kd=0.8051, reg=0.000000, test_acc=51.25%
[baseline] seed=9 epoch 44/100: kd=0.7492, reg=0.000000, test_acc=51.40%
[baseline] seed=9 epoch 45/100: kd=0.7543, reg=0.000000, test_acc=51.33%
[baseline] seed=9 epoch 46/100: kd=0.7017, reg=0.000000, test_acc=49.72%
[baseline] seed=9 epoch 47/100: kd=0.6980, reg=0.000000, test_acc=50.48%
[baseline] seed=9 epoch 48/100: kd=0.6724, reg=0.000000, test_acc=50.88%
[baseline] seed=9 epoch 49/100: kd=0.6415, reg=0.000000, test_acc=51.02%
[baseline] seed=9 epoch 50/100: kd=0.6207, reg=0.000000, test_acc=50.07%
[baseline] seed=9 epoch 51/100: kd=0.5870, reg=0.000000, test_acc=51.30%
[baseline] seed=9 epoch 52/100: kd=0.5607, reg=0.000000, test_acc=52.00%
[baseline] seed=9 epoch 53/100: kd=0.5701, reg=0.000000, test_acc=51.79%
[baseline] seed=9 epoch 54/100: kd=0.5140, reg=0.000000, test_acc=51.54%
[baseline] seed=9 epoch 55/100: kd=0.4767, reg=0.000000, test_acc=51.88%
[baseline] seed=9 epoch 56/100: kd=0.4649, reg=0.000000, test_acc=51.53%
[baseline] seed=9 epoch 57/100: kd=0.4356, reg=0.000000, test_acc=51.88%
[baseline] seed=9 epoch 58/100: kd=0.4591, reg=0.000000, test_acc=52.03%
[baseline] seed=9 epoch 59/100: kd=0.4229, reg=0.000000, test_acc=51.87%
[baseline] seed=9 epoch 60/100: kd=0.4090, reg=0.000000, test_acc=52.39%
[baseline] seed=9 epoch 61/100: kd=0.3934, reg=0.000000, test_acc=51.87%
[baseline] seed=9 epoch 62/100: kd=0.4221, reg=0.000000, test_acc=52.05%
[baseline] seed=9 epoch 63/100: kd=0.3621, reg=0.000000, test_acc=52.23%
[baseline] seed=9 epoch 64/100: kd=0.3590, reg=0.000000, test_acc=52.31%
[baseline] seed=9 epoch 65/100: kd=0.3339, reg=0.000000, test_acc=51.80%
[baseline] seed=9 epoch 66/100: kd=0.3259, reg=0.000000, test_acc=52.29%
[baseline] seed=9 epoch 67/100: kd=0.3359, reg=0.000000, test_acc=52.32%
[baseline] seed=9 epoch 68/100: kd=0.3164, reg=0.000000, test_acc=52.97%
[baseline] seed=9 epoch 69/100: kd=0.2971, reg=0.000000, test_acc=52.35%
[baseline] seed=9 epoch 70/100: kd=0.3230, reg=0.000000, test_acc=52.04%
[baseline] seed=9 epoch 71/100: kd=0.3147, reg=0.000000, test_acc=52.25%
[baseline] seed=9 epoch 72/100: kd=0.3126, reg=0.000000, test_acc=52.14%
[baseline] seed=9 epoch 73/100: kd=0.3171, reg=0.000000, test_acc=52.52%
[baseline] seed=9 epoch 74/100: kd=0.3486, reg=0.000000, test_acc=52.76%
[baseline] seed=9 epoch 75/100: kd=0.3081, reg=0.000000, test_acc=52.50%
[baseline] seed=9 epoch 76/100: kd=0.2603, reg=0.000000, test_acc=52.57%
[baseline] seed=9 epoch 77/100: kd=0.2910, reg=0.000000, test_acc=52.89%
[baseline] seed=9 epoch 78/100: kd=0.2647, reg=0.000000, test_acc=52.39%
[baseline] seed=9 epoch 79/100: kd=0.2549, reg=0.000000, test_acc=52.67%
[baseline] seed=9 epoch 80/100: kd=0.2713, reg=0.000000, test_acc=52.74%
[baseline] seed=9 epoch 81/100: kd=0.2682, reg=0.000000, test_acc=52.65%
[baseline] seed=9 epoch 82/100: kd=0.2648, reg=0.000000, test_acc=52.75%
[baseline] seed=9 epoch 83/100: kd=0.2355, reg=0.000000, test_acc=52.95%
[baseline] seed=9 epoch 84/100: kd=0.2319, reg=0.000000, test_acc=52.99%
[baseline] seed=9 epoch 85/100: kd=0.2544, reg=0.000000, test_acc=52.91%
[baseline] seed=9 epoch 86/100: kd=0.2414, reg=0.000000, test_acc=52.97%
[baseline] seed=9 epoch 87/100: kd=0.2502, reg=0.000000, test_acc=52.80%
[baseline] seed=9 epoch 88/100: kd=0.2405, reg=0.000000, test_acc=52.72%
[baseline] seed=9 epoch 89/100: kd=0.2616, reg=0.000000, test_acc=52.82%
[baseline] seed=9 epoch 90/100: kd=0.2557, reg=0.000000, test_acc=52.80%
[baseline] seed=9 epoch 91/100: kd=0.2446, reg=0.000000, test_acc=52.78%
[baseline] seed=9 epoch 92/100: kd=0.2475, reg=0.000000, test_acc=52.82%
[baseline] seed=9 epoch 93/100: kd=0.2308, reg=0.000000, test_acc=52.76%
[baseline] seed=9 epoch 94/100: kd=0.2045, reg=0.000000, test_acc=52.92%
[baseline] seed=9 epoch 95/100: kd=0.2421, reg=0.000000, test_acc=52.74%
[baseline] seed=9 epoch 96/100: kd=0.2290, reg=0.000000, test_acc=52.80%
[baseline] seed=9 epoch 97/100: kd=0.2156, reg=0.000000, test_acc=52.94%
[baseline] seed=9 epoch 98/100: kd=0.2239, reg=0.000000, test_acc=52.84%
[baseline] seed=9 epoch 99/100: kd=0.2234, reg=0.000000, test_acc=52.92%
[baseline] seed=9 epoch 100/100: kd=0.2389, reg=0.000000, test_acc=52.91%
[first] seed=0 epoch 01/100: kd=10.5804, reg=0.001061, test_acc=10.02%
[first] seed=0 epoch 02/100: kd=8.1086, reg=0.002258, test_acc=7.86%
[first] seed=0 epoch 03/100: kd=7.5904, reg=0.001059, test_acc=16.50%
[first] seed=0 epoch 04/100: kd=7.0174, reg=0.000780, test_acc=21.79%
[first] seed=0 epoch 05/100: kd=6.7796, reg=0.000922, test_acc=23.09%
[first] seed=0 epoch 06/100: kd=6.5128, reg=0.000516, test_acc=29.22%
[first] seed=0 epoch 07/100: kd=6.1734, reg=0.000964, test_acc=30.37%
[first] seed=0 epoch 08/100: kd=5.9274, reg=0.000919, test_acc=32.26%
[first] seed=0 epoch 09/100: kd=5.6458, reg=0.000247, test_acc=31.50%
[first] seed=0 epoch 10/100: kd=5.6433, reg=0.000509, test_acc=32.55%
[first] seed=0 epoch 11/100: kd=5.3090, reg=0.000477, test_acc=35.05%
[first] seed=0 epoch 12/100: kd=5.1243, reg=0.000473, test_acc=35.07%
[first] seed=0 epoch 13/100: kd=4.9053, reg=0.000328, test_acc=33.41%
[first] seed=0 epoch 14/100: kd=4.7826, reg=0.000493, test_acc=36.57%
[first] seed=0 epoch 15/100: kd=4.6233, reg=0.000501, test_acc=37.94%
[first] seed=0 epoch 16/100: kd=4.2771, reg=0.000317, test_acc=39.74%
[first] seed=0 epoch 17/100: kd=4.0702, reg=0.000207, test_acc=39.30%
[first] seed=0 epoch 18/100: kd=3.9097, reg=0.000259, test_acc=38.62%
[first] seed=0 epoch 19/100: kd=3.9493, reg=0.000379, test_acc=42.35%
[first] seed=0 epoch 20/100: kd=3.6592, reg=0.000364, test_acc=42.15%
[first] seed=0 epoch 21/100: kd=3.5322, reg=0.000389, test_acc=44.94%
[first] seed=0 epoch 22/100: kd=3.2936, reg=0.000363, test_acc=43.93%
[first] seed=0 epoch 23/100: kd=3.0233, reg=0.000466, test_acc=41.46%
[first] seed=0 epoch 24/100: kd=2.9974, reg=0.000306, test_acc=46.34%
[first] seed=0 epoch 25/100: kd=2.7174, reg=0.000254, test_acc=42.88%
[first] seed=0 epoch 26/100: kd=2.6956, reg=0.000286, test_acc=43.31%
[first] seed=0 epoch 27/100: kd=2.4341, reg=0.000226, test_acc=45.60%
[first] seed=0 epoch 28/100: kd=2.2126, reg=0.000144, test_acc=46.89%
[first] seed=0 epoch 29/100: kd=2.1204, reg=0.000120, test_acc=43.93%
[first] seed=0 epoch 30/100: kd=2.1029, reg=0.000183, test_acc=43.29%
[first] seed=0 epoch 31/100: kd=1.9903, reg=0.000173, test_acc=47.06%
[first] seed=0 epoch 32/100: kd=1.8906, reg=0.000149, test_acc=49.38%
[first] seed=0 epoch 33/100: kd=1.7386, reg=0.000105, test_acc=48.00%
[first] seed=0 epoch 34/100: kd=1.5568, reg=0.000111, test_acc=50.47%
[first] seed=0 epoch 35/100: kd=1.5329, reg=0.000063, test_acc=47.60%
[first] seed=0 epoch 36/100: kd=1.3751, reg=0.000142, test_acc=49.72%
[first] seed=0 epoch 37/100: kd=1.2924, reg=0.000064, test_acc=49.87%
[first] seed=0 epoch 38/100: kd=1.1895, reg=0.000085, test_acc=50.51%
[first] seed=0 epoch 39/100: kd=1.1158, reg=0.000060, test_acc=51.05%
[first] seed=0 epoch 40/100: kd=1.0423, reg=0.000063, test_acc=51.02%
[first] seed=0 epoch 41/100: kd=0.9632, reg=0.000039, test_acc=50.12%
[first] seed=0 epoch 42/100: kd=0.9767, reg=0.000030, test_acc=52.77%
[first] seed=0 epoch 43/100: kd=0.8963, reg=0.000050, test_acc=49.43%
[first] seed=0 epoch 44/100: kd=0.9177, reg=0.000055, test_acc=49.24%
[first] seed=0 epoch 45/100: kd=0.8544, reg=0.000040, test_acc=52.24%
[first] seed=0 epoch 46/100: kd=0.7415, reg=0.000030, test_acc=53.61%
[first] seed=0 epoch 47/100: kd=0.6840, reg=0.000023, test_acc=53.19%
[first] seed=0 epoch 48/100: kd=0.6759, reg=0.000021, test_acc=53.12%
[first] seed=0 epoch 49/100: kd=0.6439, reg=0.000016, test_acc=54.01%
[first] seed=0 epoch 50/100: kd=0.6326, reg=0.000011, test_acc=50.96%
[first] seed=0 epoch 51/100: kd=0.6529, reg=0.000026, test_acc=51.82%
[first] seed=0 epoch 52/100: kd=0.6208, reg=0.000017, test_acc=52.74%
[first] seed=0 epoch 53/100: kd=0.5522, reg=0.000021, test_acc=53.17%
[first] seed=0 epoch 54/100: kd=0.5026, reg=0.000009, test_acc=54.38%
[first] seed=0 epoch 55/100: kd=0.4428, reg=0.000009, test_acc=53.40%
[first] seed=0 epoch 56/100: kd=0.4481, reg=0.000009, test_acc=53.75%
[first] seed=0 epoch 57/100: kd=0.4608, reg=0.000007, test_acc=53.43%
[first] seed=0 epoch 58/100: kd=0.4175, reg=0.000010, test_acc=53.30%
[first] seed=0 epoch 59/100: kd=0.4268, reg=0.000005, test_acc=53.82%
[first] seed=0 epoch 60/100: kd=0.3973, reg=0.000006, test_acc=54.06%
[first] seed=0 epoch 61/100: kd=0.4174, reg=0.000007, test_acc=53.91%
[first] seed=0 epoch 62/100: kd=0.4406, reg=0.000004, test_acc=54.46%
[first] seed=0 epoch 63/100: kd=0.3820, reg=0.000006, test_acc=54.09%
[first] seed=0 epoch 64/100: kd=0.3628, reg=0.000005, test_acc=54.59%
[first] seed=0 epoch 65/100: kd=0.3955, reg=0.000005, test_acc=54.23%
[first] seed=0 epoch 66/100: kd=0.3653, reg=0.000003, test_acc=54.00%
[first] seed=0 epoch 67/100: kd=0.3723, reg=0.000003, test_acc=53.49%
[first] seed=0 epoch 68/100: kd=0.3414, reg=0.000005, test_acc=54.57%
[first] seed=0 epoch 69/100: kd=0.3199, reg=0.000004, test_acc=53.83%
[first] seed=0 epoch 70/100: kd=0.3592, reg=0.000003, test_acc=54.06%
[first] seed=0 epoch 71/100: kd=0.2980, reg=0.000002, test_acc=54.31%
[first] seed=0 epoch 72/100: kd=0.2914, reg=0.000002, test_acc=54.63%
[first] seed=0 epoch 73/100: kd=0.3153, reg=0.000001, test_acc=54.22%
[first] seed=0 epoch 74/100: kd=0.2917, reg=0.000002, test_acc=54.23%
[first] seed=0 epoch 75/100: kd=0.2655, reg=0.000001, test_acc=54.78%
[first] seed=0 epoch 76/100: kd=0.2663, reg=0.000002, test_acc=54.45%
[first] seed=0 epoch 77/100: kd=0.2929, reg=0.000002, test_acc=54.76%
[first] seed=0 epoch 78/100: kd=0.2746, reg=0.000002, test_acc=54.87%
[first] seed=0 epoch 79/100: kd=0.2854, reg=0.000001, test_acc=54.23%
[first] seed=0 epoch 80/100: kd=0.2796, reg=0.000001, test_acc=54.60%
[first] seed=0 epoch 81/100: kd=0.2606, reg=0.000001, test_acc=54.79%
[first] seed=0 epoch 82/100: kd=0.2530, reg=0.000001, test_acc=54.56%
[first] seed=0 epoch 83/100: kd=0.2535, reg=0.000001, test_acc=54.66%
[first] seed=0 epoch 84/100: kd=0.2591, reg=0.000001, test_acc=54.68%
[first] seed=0 epoch 85/100: kd=0.2225, reg=0.000001, test_acc=54.70%
[first] seed=0 epoch 86/100: kd=0.2578, reg=0.000001, test_acc=54.49%
[first] seed=0 epoch 87/100: kd=0.2155, reg=0.000001, test_acc=54.58%
[first] seed=0 epoch 88/100: kd=0.2322, reg=0.000000, test_acc=54.63%
[first] seed=0 epoch 89/100: kd=0.2170, reg=0.000000, test_acc=54.66%
[first] seed=0 epoch 90/100: kd=0.2157, reg=0.000000, test_acc=54.56%
[first] seed=0 epoch 91/100: kd=0.2319, reg=0.000000, test_acc=54.73%
[first] seed=0 epoch 92/100: kd=0.2366, reg=0.000000, test_acc=54.46%
[first] seed=0 epoch 93/100: kd=0.2625, reg=0.000000, test_acc=54.88%
[first] seed=0 epoch 94/100: kd=0.2430, reg=0.000000, test_acc=54.60%
[first] seed=0 epoch 95/100: kd=0.2172, reg=0.000000, test_acc=54.66%
[first] seed=0 epoch 96/100: kd=0.2178, reg=0.000000, test_acc=54.67%
[first] seed=0 epoch 97/100: kd=0.2511, reg=0.000000, test_acc=54.60%
[first] seed=0 epoch 98/100: kd=0.2154, reg=0.000000, test_acc=54.73%
[first] seed=0 epoch 99/100: kd=0.2222, reg=0.000000, test_acc=54.72%
[first] seed=0 epoch 100/100: kd=0.2342, reg=0.000000, test_acc=54.51%
[first] seed=1 epoch 01/100: kd=9.3700, reg=0.000696, test_acc=9.33%
[first] seed=1 epoch 02/100: kd=7.7508, reg=0.002653, test_acc=12.75%
[first] seed=1 epoch 03/100: kd=7.1416, reg=0.000797, test_acc=24.71%
[first] seed=1 epoch 04/100: kd=6.7303, reg=0.000202, test_acc=25.80%
[first] seed=1 epoch 05/100: kd=6.3908, reg=0.000427, test_acc=26.32%
[first] seed=1 epoch 06/100: kd=6.1826, reg=0.000342, test_acc=28.78%
[first] seed=1 epoch 07/100: kd=5.9280, reg=0.000774, test_acc=28.67%
[first] seed=1 epoch 08/100: kd=6.1002, reg=0.000621, test_acc=26.62%
[first] seed=1 epoch 09/100: kd=5.9297, reg=0.000628, test_acc=29.60%
[first] seed=1 epoch 10/100: kd=5.6160, reg=0.000672, test_acc=33.13%
[first] seed=1 epoch 11/100: kd=5.6471, reg=0.001104, test_acc=31.37%
[first] seed=1 epoch 12/100: kd=5.2497, reg=0.000836, test_acc=32.04%
[first] seed=1 epoch 13/100: kd=5.0708, reg=0.000386, test_acc=32.51%
[first] seed=1 epoch 14/100: kd=5.0459, reg=0.000739, test_acc=32.20%
[first] seed=1 epoch 15/100: kd=5.0030, reg=0.000804, test_acc=34.74%
[first] seed=1 epoch 16/100: kd=4.9797, reg=0.000497, test_acc=36.25%
[first] seed=1 epoch 17/100: kd=4.7315, reg=0.000529, test_acc=36.56%
[first] seed=1 epoch 18/100: kd=4.4699, reg=0.000931, test_acc=38.66%
[first] seed=1 epoch 19/100: kd=4.2784, reg=0.000712, test_acc=37.17%
[first] seed=1 epoch 20/100: kd=4.1667, reg=0.000578, test_acc=39.72%
[first] seed=1 epoch 21/100: kd=4.0244, reg=0.000653, test_acc=36.06%
[first] seed=1 epoch 22/100: kd=4.2155, reg=0.000734, test_acc=39.86%
[first] seed=1 epoch 23/100: kd=3.8179, reg=0.000512, test_acc=42.96%
[first] seed=1 epoch 24/100: kd=3.5245, reg=0.000247, test_acc=40.45%
[first] seed=1 epoch 25/100: kd=3.4045, reg=0.000374, test_acc=39.88%
[first] seed=1 epoch 26/100: kd=3.2548, reg=0.000576, test_acc=40.29%
[first] seed=1 epoch 27/100: kd=3.2822, reg=0.000408, test_acc=44.90%
[first] seed=1 epoch 28/100: kd=3.0578, reg=0.000412, test_acc=42.46%
[first] seed=1 epoch 29/100: kd=3.0256, reg=0.000351, test_acc=43.65%
[first] seed=1 epoch 30/100: kd=2.8300, reg=0.000283, test_acc=43.95%
[first] seed=1 epoch 31/100: kd=2.7570, reg=0.000415, test_acc=44.54%
[first] seed=1 epoch 32/100: kd=2.4409, reg=0.000336, test_acc=45.60%
[first] seed=1 epoch 33/100: kd=2.3862, reg=0.000168, test_acc=47.40%
[first] seed=1 epoch 34/100: kd=2.3123, reg=0.000224, test_acc=44.19%
[first] seed=1 epoch 35/100: kd=2.1689, reg=0.000175, test_acc=48.67%
[first] seed=1 epoch 36/100: kd=1.9670, reg=0.000166, test_acc=47.34%
[first] seed=1 epoch 37/100: kd=1.8546, reg=0.000170, test_acc=47.32%
[first] seed=1 epoch 38/100: kd=1.7843, reg=0.000106, test_acc=48.63%
[first] seed=1 epoch 39/100: kd=1.9038, reg=0.000123, test_acc=45.51%
[first] seed=1 epoch 40/100: kd=1.7274, reg=0.000125, test_acc=47.56%
[first] seed=1 epoch 41/100: kd=1.5003, reg=0.000117, test_acc=48.78%
[first] seed=1 epoch 42/100: kd=1.4800, reg=0.000060, test_acc=48.05%
[first] seed=1 epoch 43/100: kd=1.3898, reg=0.000098, test_acc=47.80%
[first] seed=1 epoch 44/100: kd=1.2708, reg=0.000098, test_acc=48.68%
[first] seed=1 epoch 45/100: kd=1.2607, reg=0.000072, test_acc=49.96%
[first] seed=1 epoch 46/100: kd=1.1478, reg=0.000071, test_acc=50.22%
[first] seed=1 epoch 47/100: kd=1.0688, reg=0.000048, test_acc=49.54%
[first] seed=1 epoch 48/100: kd=1.0315, reg=0.000091, test_acc=50.50%
[first] seed=1 epoch 49/100: kd=1.0079, reg=0.000045, test_acc=49.76%
[first] seed=1 epoch 50/100: kd=0.8944, reg=0.000023, test_acc=49.75%
[first] seed=1 epoch 51/100: kd=0.8093, reg=0.000033, test_acc=50.66%
[first] seed=1 epoch 52/100: kd=0.8328, reg=0.000023, test_acc=50.56%
[first] seed=1 epoch 53/100: kd=0.7731, reg=0.000030, test_acc=47.89%
[first] seed=1 epoch 54/100: kd=0.6869, reg=0.000014, test_acc=50.57%
[first] seed=1 epoch 55/100: kd=0.6511, reg=0.000020, test_acc=50.70%
[first] seed=1 epoch 56/100: kd=0.6852, reg=0.000012, test_acc=50.64%
[first] seed=1 epoch 57/100: kd=0.6651, reg=0.000016, test_acc=51.18%
[first] seed=1 epoch 58/100: kd=0.5586, reg=0.000019, test_acc=50.30%
[first] seed=1 epoch 59/100: kd=0.5204, reg=0.000007, test_acc=51.46%
[first] seed=1 epoch 60/100: kd=0.5458, reg=0.000008, test_acc=51.11%
[first] seed=1 epoch 61/100: kd=0.5946, reg=0.000016, test_acc=50.96%
[first] seed=1 epoch 62/100: kd=0.5116, reg=0.000011, test_acc=49.94%
[first] seed=1 epoch 63/100: kd=0.5145, reg=0.000012, test_acc=50.42%
[first] seed=1 epoch 64/100: kd=0.5520, reg=0.000008, test_acc=50.40%
[first] seed=1 epoch 65/100: kd=0.4400, reg=0.000011, test_acc=51.01%
[first] seed=1 epoch 66/100: kd=0.4610, reg=0.000006, test_acc=51.60%
[first] seed=1 epoch 67/100: kd=0.3975, reg=0.000005, test_acc=51.65%
[first] seed=1 epoch 68/100: kd=0.3774, reg=0.000006, test_acc=51.43%
[first] seed=1 epoch 69/100: kd=0.3721, reg=0.000004, test_acc=51.60%
[first] seed=1 epoch 70/100: kd=0.4126, reg=0.000004, test_acc=51.51%
[first] seed=1 epoch 71/100: kd=0.3840, reg=0.000003, test_acc=51.54%
[first] seed=1 epoch 72/100: kd=0.3930, reg=0.000003, test_acc=51.28%
[first] seed=1 epoch 73/100: kd=0.3394, reg=0.000003, test_acc=51.25%
[first] seed=1 epoch 74/100: kd=0.3553, reg=0.000003, test_acc=51.86%
[first] seed=1 epoch 75/100: kd=0.3196, reg=0.000002, test_acc=51.98%
[first] seed=1 epoch 76/100: kd=0.3228, reg=0.000002, test_acc=52.06%
[first] seed=1 epoch 77/100: kd=0.2981, reg=0.000002, test_acc=51.79%
[first] seed=1 epoch 78/100: kd=0.2969, reg=0.000001, test_acc=51.66%
[first] seed=1 epoch 79/100: kd=0.3197, reg=0.000001, test_acc=51.77%
[first] seed=1 epoch 80/100: kd=0.3006, reg=0.000001, test_acc=51.98%
[first] seed=1 epoch 81/100: kd=0.2945, reg=0.000001, test_acc=51.67%
[first] seed=1 epoch 82/100: kd=0.2804, reg=0.000001, test_acc=51.70%
[first] seed=1 epoch 83/100: kd=0.2936, reg=0.000001, test_acc=52.08%
[first] seed=1 epoch 84/100: kd=0.2822, reg=0.000001, test_acc=51.80%
[first] seed=1 epoch 85/100: kd=0.2897, reg=0.000001, test_acc=52.14%
[first] seed=1 epoch 86/100: kd=0.2552, reg=0.000001, test_acc=51.71%
[first] seed=1 epoch 87/100: kd=0.2675, reg=0.000001, test_acc=51.62%
[first] seed=1 epoch 88/100: kd=0.2821, reg=0.000001, test_acc=51.71%
[first] seed=1 epoch 89/100: kd=0.2758, reg=0.000001, test_acc=51.90%
[first] seed=1 epoch 90/100: kd=0.2488, reg=0.000001, test_acc=51.88%
[first] seed=1 epoch 91/100: kd=0.2843, reg=0.000000, test_acc=51.51%
[first] seed=1 epoch 92/100: kd=0.2491, reg=0.000000, test_acc=51.81%
[first] seed=1 epoch 93/100: kd=0.2755, reg=0.000000, test_acc=51.70%
[first] seed=1 epoch 94/100: kd=0.2624, reg=0.000000, test_acc=51.92%
[first] seed=1 epoch 95/100: kd=0.2569, reg=0.000000, test_acc=51.78%
[first] seed=1 epoch 96/100: kd=0.2516, reg=0.000000, test_acc=51.73%
[first] seed=1 epoch 97/100: kd=0.2459, reg=0.000000, test_acc=51.71%
[first] seed=1 epoch 98/100: kd=0.2583, reg=0.000000, test_acc=51.69%
[first] seed=1 epoch 99/100: kd=0.2680, reg=0.000000, test_acc=51.65%
[first] seed=1 epoch 100/100: kd=0.2713, reg=0.000000, test_acc=51.74%
[first] seed=2 epoch 01/100: kd=9.6802, reg=0.001081, test_acc=11.28%
[first] seed=2 epoch 02/100: kd=7.9746, reg=0.002262, test_acc=15.83%
[first] seed=2 epoch 03/100: kd=7.2009, reg=0.001011, test_acc=22.19%
[first] seed=2 epoch 04/100: kd=6.8732, reg=0.000506, test_acc=22.72%
[first] seed=2 epoch 05/100: kd=6.4166, reg=0.000383, test_acc=21.72%
[first] seed=2 epoch 06/100: kd=5.9978, reg=0.000661, test_acc=30.40%
[first] seed=2 epoch 07/100: kd=5.4987, reg=0.000542, test_acc=32.72%
[first] seed=2 epoch 08/100: kd=5.4504, reg=0.000537, test_acc=28.30%
[first] seed=2 epoch 09/100: kd=5.5338, reg=0.000455, test_acc=31.96%
[first] seed=2 epoch 10/100: kd=5.0424, reg=0.000393, test_acc=36.05%
[first] seed=2 epoch 11/100: kd=4.8279, reg=0.000367, test_acc=34.77%
[first] seed=2 epoch 12/100: kd=4.7499, reg=0.000899, test_acc=34.42%
[first] seed=2 epoch 13/100: kd=4.5379, reg=0.000430, test_acc=33.10%
[first] seed=2 epoch 14/100: kd=4.2376, reg=0.000364, test_acc=36.04%
[first] seed=2 epoch 15/100: kd=3.9171, reg=0.000279, test_acc=37.21%
[first] seed=2 epoch 16/100: kd=3.7942, reg=0.000192, test_acc=33.62%
[first] seed=2 epoch 17/100: kd=3.7386, reg=0.000350, test_acc=39.56%
[first] seed=2 epoch 18/100: kd=3.6247, reg=0.000535, test_acc=40.66%
[first] seed=2 epoch 19/100: kd=3.1409, reg=0.000450, test_acc=40.54%
[first] seed=2 epoch 20/100: kd=3.0824, reg=0.000292, test_acc=45.19%
[first] seed=2 epoch 21/100: kd=3.0111, reg=0.000464, test_acc=45.62%
[first] seed=2 epoch 22/100: kd=2.7395, reg=0.000368, test_acc=38.84%
[first] seed=2 epoch 23/100: kd=2.7631, reg=0.000314, test_acc=45.26%
[first] seed=2 epoch 24/100: kd=2.4203, reg=0.000282, test_acc=40.69%
[first] seed=2 epoch 25/100: kd=2.1099, reg=0.000202, test_acc=45.71%
[first] seed=2 epoch 26/100: kd=1.9588, reg=0.000120, test_acc=48.24%
[first] seed=2 epoch 27/100: kd=1.8805, reg=0.000174, test_acc=43.98%
[first] seed=2 epoch 28/100: kd=1.8600, reg=0.000110, test_acc=49.07%
[first] seed=2 epoch 29/100: kd=1.5467, reg=0.000091, test_acc=50.47%
[first] seed=2 epoch 30/100: kd=1.3695, reg=0.000094, test_acc=47.90%
[first] seed=2 epoch 31/100: kd=1.2962, reg=0.000108, test_acc=50.91%
[first] seed=2 epoch 32/100: kd=1.2191, reg=0.000085, test_acc=49.79%
[first] seed=2 epoch 33/100: kd=1.0962, reg=0.000064, test_acc=51.77%
[first] seed=2 epoch 34/100: kd=0.9819, reg=0.000039, test_acc=51.22%
[first] seed=2 epoch 35/100: kd=0.8931, reg=0.000080, test_acc=52.14%
[first] seed=2 epoch 36/100: kd=0.8606, reg=0.000037, test_acc=51.33%
[first] seed=2 epoch 37/100: kd=0.7876, reg=0.000048, test_acc=50.71%
[first] seed=2 epoch 38/100: kd=0.6784, reg=0.000040, test_acc=52.02%
[first] seed=2 epoch 39/100: kd=0.6680, reg=0.000029, test_acc=50.84%
[first] seed=2 epoch 40/100: kd=0.6854, reg=0.000024, test_acc=49.88%
[first] seed=2 epoch 41/100: kd=0.6783, reg=0.000016, test_acc=50.65%
[first] seed=2 epoch 42/100: kd=0.6428, reg=0.000024, test_acc=50.25%
[first] seed=2 epoch 43/100: kd=0.6036, reg=0.000021, test_acc=52.32%
[first] seed=2 epoch 44/100: kd=0.5986, reg=0.000026, test_acc=53.56%
[first] seed=2 epoch 45/100: kd=0.5427, reg=0.000012, test_acc=53.05%
[first] seed=2 epoch 46/100: kd=0.5497, reg=0.000017, test_acc=53.86%
[first] seed=2 epoch 47/100: kd=0.4464, reg=0.000016, test_acc=54.47%
[first] seed=2 epoch 48/100: kd=0.4590, reg=0.000012, test_acc=54.32%
[first] seed=2 epoch 49/100: kd=0.4352, reg=0.000009, test_acc=51.84%
[first] seed=2 epoch 50/100: kd=0.4196, reg=0.000015, test_acc=54.13%
[first] seed=2 epoch 51/100: kd=0.3784, reg=0.000016, test_acc=54.24%
[first] seed=2 epoch 52/100: kd=0.3414, reg=0.000007, test_acc=53.70%
[first] seed=2 epoch 53/100: kd=0.3637, reg=0.000015, test_acc=54.34%
[first] seed=2 epoch 54/100: kd=0.3983, reg=0.000006, test_acc=53.88%
[first] seed=2 epoch 55/100: kd=0.3400, reg=0.000008, test_acc=53.84%
[first] seed=2 epoch 56/100: kd=0.3504, reg=0.000006, test_acc=54.35%
[first] seed=2 epoch 57/100: kd=0.3036, reg=0.000007, test_acc=53.17%
[first] seed=2 epoch 58/100: kd=0.3094, reg=0.000005, test_acc=54.02%
[first] seed=2 epoch 59/100: kd=0.2966, reg=0.000006, test_acc=54.53%
[first] seed=2 epoch 60/100: kd=0.2585, reg=0.000006, test_acc=55.13%
[first] seed=2 epoch 61/100: kd=0.2961, reg=0.000002, test_acc=54.76%
[first] seed=2 epoch 62/100: kd=0.2965, reg=0.000004, test_acc=54.19%
[first] seed=2 epoch 63/100: kd=0.3060, reg=0.000003, test_acc=53.57%
[first] seed=2 epoch 64/100: kd=0.2634, reg=0.000005, test_acc=53.99%
[first] seed=2 epoch 65/100: kd=0.2620, reg=0.000002, test_acc=54.36%
[first] seed=2 epoch 66/100: kd=0.2457, reg=0.000003, test_acc=55.26%
[first] seed=2 epoch 67/100: kd=0.2567, reg=0.000003, test_acc=55.01%
[first] seed=2 epoch 68/100: kd=0.2236, reg=0.000003, test_acc=55.00%
[first] seed=2 epoch 69/100: kd=0.2446, reg=0.000002, test_acc=55.11%
[first] seed=2 epoch 70/100: kd=0.2269, reg=0.000001, test_acc=55.05%
[first] seed=2 epoch 71/100: kd=0.2114, reg=0.000001, test_acc=54.73%
[first] seed=2 epoch 72/100: kd=0.2229, reg=0.000002, test_acc=55.12%
[first] seed=2 epoch 73/100: kd=0.2173, reg=0.000002, test_acc=54.91%
[first] seed=2 epoch 74/100: kd=0.2145, reg=0.000001, test_acc=54.83%
[first] seed=2 epoch 75/100: kd=0.1916, reg=0.000001, test_acc=54.87%
[first] seed=2 epoch 76/100: kd=0.2062, reg=0.000001, test_acc=54.96%
[first] seed=2 epoch 77/100: kd=0.1896, reg=0.000001, test_acc=55.00%
[first] seed=2 epoch 78/100: kd=0.1816, reg=0.000001, test_acc=55.11%
[first] seed=2 epoch 79/100: kd=0.1779, reg=0.000001, test_acc=55.48%
[first] seed=2 epoch 80/100: kd=0.2238, reg=0.000001, test_acc=55.15%
[first] seed=2 epoch 81/100: kd=0.1852, reg=0.000001, test_acc=55.17%
[first] seed=2 epoch 82/100: kd=0.1961, reg=0.000001, test_acc=55.25%
[first] seed=2 epoch 83/100: kd=0.1903, reg=0.000001, test_acc=54.92%
[first] seed=2 epoch 84/100: kd=0.1657, reg=0.000001, test_acc=55.47%
[first] seed=2 epoch 85/100: kd=0.1689, reg=0.000001, test_acc=54.95%
[first] seed=2 epoch 86/100: kd=0.1974, reg=0.000001, test_acc=55.29%
[first] seed=2 epoch 87/100: kd=0.1728, reg=0.000000, test_acc=55.12%
[first] seed=2 epoch 88/100: kd=0.1661, reg=0.000000, test_acc=55.23%
[first] seed=2 epoch 89/100: kd=0.1598, reg=0.000000, test_acc=55.04%
[first] seed=2 epoch 90/100: kd=0.1817, reg=0.000000, test_acc=55.20%
[first] seed=2 epoch 91/100: kd=0.1478, reg=0.000000, test_acc=55.04%
[first] seed=2 epoch 92/100: kd=0.1742, reg=0.000000, test_acc=55.04%
[first] seed=2 epoch 93/100: kd=0.1773, reg=0.000000, test_acc=55.09%
[first] seed=2 epoch 94/100: kd=0.1605, reg=0.000000, test_acc=55.05%
[first] seed=2 epoch 95/100: kd=0.1690, reg=0.000000, test_acc=55.05%
[first] seed=2 epoch 96/100: kd=0.1629, reg=0.000000, test_acc=55.10%
[first] seed=2 epoch 97/100: kd=0.1605, reg=0.000000, test_acc=55.17%
[first] seed=2 epoch 98/100: kd=0.1628, reg=0.000000, test_acc=55.08%
[first] seed=2 epoch 99/100: kd=0.1610, reg=0.000000, test_acc=55.25%
[first] seed=2 epoch 100/100: kd=0.1591, reg=0.000000, test_acc=55.13%
[first] seed=3 epoch 01/100: kd=9.6839, reg=0.002161, test_acc=10.00%
[first] seed=3 epoch 02/100: kd=7.9397, reg=0.005065, test_acc=11.77%
[first] seed=3 epoch 03/100: kd=6.9732, reg=0.002790, test_acc=22.39%
[first] seed=3 epoch 04/100: kd=6.7822, reg=0.000660, test_acc=23.48%
[first] seed=3 epoch 05/100: kd=6.3273, reg=0.000349, test_acc=27.50%
[first] seed=3 epoch 06/100: kd=5.9960, reg=0.000304, test_acc=22.68%
[first] seed=3 epoch 07/100: kd=5.9064, reg=0.000427, test_acc=32.71%
[first] seed=3 epoch 08/100: kd=5.4693, reg=0.000494, test_acc=28.83%
[first] seed=3 epoch 09/100: kd=5.3009, reg=0.000443, test_acc=32.80%
[first] seed=3 epoch 10/100: kd=5.1716, reg=0.000519, test_acc=31.05%
[first] seed=3 epoch 11/100: kd=4.7887, reg=0.000433, test_acc=36.78%
[first] seed=3 epoch 12/100: kd=4.6742, reg=0.000492, test_acc=38.60%
[first] seed=3 epoch 13/100: kd=4.4917, reg=0.000473, test_acc=38.35%
[first] seed=3 epoch 14/100: kd=4.4128, reg=0.000617, test_acc=35.26%
[first] seed=3 epoch 15/100: kd=4.2624, reg=0.000478, test_acc=38.60%
[first] seed=3 epoch 16/100: kd=4.1209, reg=0.000489, test_acc=38.59%
[first] seed=3 epoch 17/100: kd=3.9287, reg=0.000515, test_acc=36.25%
[first] seed=3 epoch 18/100: kd=3.8733, reg=0.000327, test_acc=39.78%
[first] seed=3 epoch 19/100: kd=3.7325, reg=0.000353, test_acc=41.64%
[first] seed=3 epoch 20/100: kd=3.6131, reg=0.000436, test_acc=40.95%
[first] seed=3 epoch 21/100: kd=3.3029, reg=0.000283, test_acc=42.85%
[first] seed=3 epoch 22/100: kd=3.1355, reg=0.000223, test_acc=43.41%
[first] seed=3 epoch 23/100: kd=2.9657, reg=0.000175, test_acc=45.16%
[first] seed=3 epoch 24/100: kd=2.9429, reg=0.000264, test_acc=42.18%
[first] seed=3 epoch 25/100: kd=2.8061, reg=0.000311, test_acc=45.24%
[first] seed=3 epoch 26/100: kd=2.6660, reg=0.000279, test_acc=46.58%
[first] seed=3 epoch 27/100: kd=2.3579, reg=0.000168, test_acc=42.18%
[first] seed=3 epoch 28/100: kd=2.2749, reg=0.000207, test_acc=45.74%
[first] seed=3 epoch 29/100: kd=2.2489, reg=0.000221, test_acc=43.63%
[first] seed=3 epoch 30/100: kd=2.0729, reg=0.000136, test_acc=46.96%
[first] seed=3 epoch 31/100: kd=1.9764, reg=0.000150, test_acc=47.61%
[first] seed=3 epoch 32/100: kd=2.0228, reg=0.000110, test_acc=45.98%
[first] seed=3 epoch 33/100: kd=1.7353, reg=0.000114, test_acc=49.23%
[first] seed=3 epoch 34/100: kd=1.5808, reg=0.000078, test_acc=45.93%
[first] seed=3 epoch 35/100: kd=1.4602, reg=0.000093, test_acc=47.92%
[first] seed=3 epoch 36/100: kd=1.3826, reg=0.000060, test_acc=48.42%
[first] seed=3 epoch 37/100: kd=1.3378, reg=0.000064, test_acc=46.50%
[first] seed=3 epoch 38/100: kd=1.2979, reg=0.000078, test_acc=46.40%
[first] seed=3 epoch 39/100: kd=1.1902, reg=0.000088, test_acc=50.33%
[first] seed=3 epoch 40/100: kd=1.1101, reg=0.000070, test_acc=49.20%
[first] seed=3 epoch 41/100: kd=1.0748, reg=0.000072, test_acc=48.64%
[first] seed=3 epoch 42/100: kd=0.9641, reg=0.000053, test_acc=49.16%
[first] seed=3 epoch 43/100: kd=0.9205, reg=0.000038, test_acc=51.08%
[first] seed=3 epoch 44/100: kd=0.8300, reg=0.000038, test_acc=50.57%
[first] seed=3 epoch 45/100: kd=0.7945, reg=0.000021, test_acc=51.09%
[first] seed=3 epoch 46/100: kd=0.8128, reg=0.000033, test_acc=48.30%
[first] seed=3 epoch 47/100: kd=0.7763, reg=0.000027, test_acc=49.44%
[first] seed=3 epoch 48/100: kd=0.6648, reg=0.000040, test_acc=50.48%
[first] seed=3 epoch 49/100: kd=0.6922, reg=0.000027, test_acc=50.18%
[first] seed=3 epoch 50/100: kd=0.6697, reg=0.000026, test_acc=49.73%
[first] seed=3 epoch 51/100: kd=0.6009, reg=0.000017, test_acc=50.90%
[first] seed=3 epoch 52/100: kd=0.6235, reg=0.000018, test_acc=50.23%
[first] seed=3 epoch 53/100: kd=0.5809, reg=0.000012, test_acc=49.50%
[first] seed=3 epoch 54/100: kd=0.6034, reg=0.000015, test_acc=49.61%
[first] seed=3 epoch 55/100: kd=0.4849, reg=0.000015, test_acc=50.93%
[first] seed=3 epoch 56/100: kd=0.4740, reg=0.000008, test_acc=51.92%
[first] seed=3 epoch 57/100: kd=0.4223, reg=0.000009, test_acc=50.42%
[first] seed=3 epoch 58/100: kd=0.4108, reg=0.000007, test_acc=51.84%
[first] seed=3 epoch 59/100: kd=0.4125, reg=0.000007, test_acc=50.85%
[first] seed=3 epoch 60/100: kd=0.3955, reg=0.000005, test_acc=50.69%
[first] seed=3 epoch 61/100: kd=0.3914, reg=0.000008, test_acc=51.41%
[first] seed=3 epoch 62/100: kd=0.3566, reg=0.000007, test_acc=51.35%
[first] seed=3 epoch 63/100: kd=0.3825, reg=0.000003, test_acc=51.28%
[first] seed=3 epoch 64/100: kd=0.3636, reg=0.000004, test_acc=52.39%
[first] seed=3 epoch 65/100: kd=0.3457, reg=0.000005, test_acc=51.58%
[first] seed=3 epoch 66/100: kd=0.3518, reg=0.000004, test_acc=52.04%
[first] seed=3 epoch 67/100: kd=0.2970, reg=0.000005, test_acc=52.25%
[first] seed=3 epoch 68/100: kd=0.3032, reg=0.000003, test_acc=52.52%
[first] seed=3 epoch 69/100: kd=0.3259, reg=0.000005, test_acc=52.27%
[first] seed=3 epoch 70/100: kd=0.2876, reg=0.000003, test_acc=51.46%
[first] seed=3 epoch 71/100: kd=0.2923, reg=0.000002, test_acc=52.16%
[first] seed=3 epoch 72/100: kd=0.2649, reg=0.000002, test_acc=52.33%
[first] seed=3 epoch 73/100: kd=0.3143, reg=0.000002, test_acc=52.49%
[first] seed=3 epoch 74/100: kd=0.2905, reg=0.000003, test_acc=51.99%
[first] seed=3 epoch 75/100: kd=0.2726, reg=0.000002, test_acc=51.95%
[first] seed=3 epoch 76/100: kd=0.2790, reg=0.000002, test_acc=52.39%
[first] seed=3 epoch 77/100: kd=0.2319, reg=0.000001, test_acc=52.39%
[first] seed=3 epoch 78/100: kd=0.2116, reg=0.000001, test_acc=52.22%
[first] seed=3 epoch 79/100: kd=0.2439, reg=0.000001, test_acc=52.47%
[first] seed=3 epoch 80/100: kd=0.2248, reg=0.000001, test_acc=52.68%
[first] seed=3 epoch 81/100: kd=0.2445, reg=0.000001, test_acc=52.42%
[first] seed=3 epoch 82/100: kd=0.2383, reg=0.000001, test_acc=52.61%
[first] seed=3 epoch 83/100: kd=0.2104, reg=0.000001, test_acc=52.70%
[first] seed=3 epoch 84/100: kd=0.2325, reg=0.000001, test_acc=52.56%
[first] seed=3 epoch 85/100: kd=0.2326, reg=0.000001, test_acc=52.52%
[first] seed=3 epoch 86/100: kd=0.2060, reg=0.000001, test_acc=52.48%
[first] seed=3 epoch 87/100: kd=0.2212, reg=0.000001, test_acc=52.46%
[first] seed=3 epoch 88/100: kd=0.2228, reg=0.000001, test_acc=52.73%
[first] seed=3 epoch 89/100: kd=0.1939, reg=0.000001, test_acc=52.49%
[first] seed=3 epoch 90/100: kd=0.2372, reg=0.000000, test_acc=52.67%
[first] seed=3 epoch 91/100: kd=0.2291, reg=0.000000, test_acc=52.71%
[first] seed=3 epoch 92/100: kd=0.1990, reg=0.000000, test_acc=52.59%
[first] seed=3 epoch 93/100: kd=0.1993, reg=0.000000, test_acc=52.73%
[first] seed=3 epoch 94/100: kd=0.2131, reg=0.000000, test_acc=52.59%
[first] seed=3 epoch 95/100: kd=0.2113, reg=0.000000, test_acc=52.55%
[first] seed=3 epoch 96/100: kd=0.1964, reg=0.000000, test_acc=52.69%
[first] seed=3 epoch 97/100: kd=0.2213, reg=0.000000, test_acc=52.57%
[first] seed=3 epoch 98/100: kd=0.1995, reg=0.000000, test_acc=52.56%
[first] seed=3 epoch 99/100: kd=0.1944, reg=0.000000, test_acc=52.61%
[first] seed=3 epoch 100/100: kd=0.2049, reg=0.000000, test_acc=52.65%
[first] seed=4 epoch 01/100: kd=10.1345, reg=0.002395, test_acc=10.00%
[first] seed=4 epoch 02/100: kd=8.2291, reg=0.002795, test_acc=15.50%
[first] seed=4 epoch 03/100: kd=7.2093, reg=0.000785, test_acc=23.07%
[first] seed=4 epoch 04/100: kd=6.4919, reg=0.001165, test_acc=24.96%
[first] seed=4 epoch 05/100: kd=6.0286, reg=0.001565, test_acc=25.82%
[first] seed=4 epoch 06/100: kd=5.8344, reg=0.000664, test_acc=32.62%
[first] seed=4 epoch 07/100: kd=5.3584, reg=0.000512, test_acc=34.16%
[first] seed=4 epoch 08/100: kd=5.1211, reg=0.000635, test_acc=36.43%
[first] seed=4 epoch 09/100: kd=4.9581, reg=0.000439, test_acc=34.73%
[first] seed=4 epoch 10/100: kd=4.7942, reg=0.000261, test_acc=36.02%
[first] seed=4 epoch 11/100: kd=4.6276, reg=0.000315, test_acc=35.40%
[first] seed=4 epoch 12/100: kd=4.3948, reg=0.000420, test_acc=39.14%
[first] seed=4 epoch 13/100: kd=4.3804, reg=0.000561, test_acc=38.24%
[first] seed=4 epoch 14/100: kd=4.2137, reg=0.000677, test_acc=38.68%
[first] seed=4 epoch 15/100: kd=3.9418, reg=0.000439, test_acc=38.95%
[first] seed=4 epoch 16/100: kd=3.5033, reg=0.000258, test_acc=42.36%
[first] seed=4 epoch 17/100: kd=3.5556, reg=0.000268, test_acc=35.71%
[first] seed=4 epoch 18/100: kd=3.3395, reg=0.000298, test_acc=42.77%
[first] seed=4 epoch 19/100: kd=3.0940, reg=0.000419, test_acc=36.05%
[first] seed=4 epoch 20/100: kd=2.9184, reg=0.000317, test_acc=46.27%
[first] seed=4 epoch 21/100: kd=2.7731, reg=0.000333, test_acc=43.54%
[first] seed=4 epoch 22/100: kd=2.5959, reg=0.000250, test_acc=43.28%
[first] seed=4 epoch 23/100: kd=2.4851, reg=0.000250, test_acc=44.94%
[first] seed=4 epoch 24/100: kd=2.1143, reg=0.000092, test_acc=48.44%
[first] seed=4 epoch 25/100: kd=2.0470, reg=0.000106, test_acc=45.33%
[first] seed=4 epoch 26/100: kd=2.0604, reg=0.000134, test_acc=48.33%
[first] seed=4 epoch 27/100: kd=1.7491, reg=0.000181, test_acc=46.15%
[first] seed=4 epoch 28/100: kd=1.7171, reg=0.000136, test_acc=47.75%
[first] seed=4 epoch 29/100: kd=1.7033, reg=0.000135, test_acc=46.98%
[first] seed=4 epoch 30/100: kd=1.5400, reg=0.000107, test_acc=47.69%
[first] seed=4 epoch 31/100: kd=1.3793, reg=0.000107, test_acc=45.90%
[first] seed=4 epoch 32/100: kd=1.2706, reg=0.000098, test_acc=49.19%
[first] seed=4 epoch 33/100: kd=1.2133, reg=0.000054, test_acc=47.27%
[first] seed=4 epoch 34/100: kd=1.1453, reg=0.000060, test_acc=49.06%
[first] seed=4 epoch 35/100: kd=1.0394, reg=0.000073, test_acc=46.02%
[first] seed=4 epoch 36/100: kd=1.0300, reg=0.000042, test_acc=45.76%
[first] seed=4 epoch 37/100: kd=1.0275, reg=0.000039, test_acc=51.31%
[first] seed=4 epoch 38/100: kd=0.8743, reg=0.000038, test_acc=51.81%
[first] seed=4 epoch 39/100: kd=0.9469, reg=0.000033, test_acc=51.90%
[first] seed=4 epoch 40/100: kd=0.8281, reg=0.000070, test_acc=50.58%
[first] seed=4 epoch 41/100: kd=0.7214, reg=0.000040, test_acc=51.62%
[first] seed=4 epoch 42/100: kd=0.7140, reg=0.000022, test_acc=48.87%
[first] seed=4 epoch 43/100: kd=0.6545, reg=0.000034, test_acc=51.83%
[first] seed=4 epoch 44/100: kd=0.5936, reg=0.000018, test_acc=51.45%
[first] seed=4 epoch 45/100: kd=0.6047, reg=0.000024, test_acc=51.30%
[first] seed=4 epoch 46/100: kd=0.6043, reg=0.000026, test_acc=52.43%
[first] seed=4 epoch 47/100: kd=0.5128, reg=0.000017, test_acc=51.49%
[first] seed=4 epoch 48/100: kd=0.5304, reg=0.000017, test_acc=50.62%
[first] seed=4 epoch 49/100: kd=0.5383, reg=0.000012, test_acc=51.23%
[first] seed=4 epoch 50/100: kd=0.4534, reg=0.000011, test_acc=52.73%
[first] seed=4 epoch 51/100: kd=0.4440, reg=0.000012, test_acc=53.17%
[first] seed=4 epoch 52/100: kd=0.4561, reg=0.000016, test_acc=51.77%
[first] seed=4 epoch 53/100: kd=0.4316, reg=0.000011, test_acc=51.90%
[first] seed=4 epoch 54/100: kd=0.3869, reg=0.000013, test_acc=51.67%
[first] seed=4 epoch 55/100: kd=0.4241, reg=0.000011, test_acc=52.05%
[first] seed=4 epoch 56/100: kd=0.4380, reg=0.000010, test_acc=52.56%
[first] seed=4 epoch 57/100: kd=0.3906, reg=0.000006, test_acc=52.90%
[first] seed=4 epoch 58/100: kd=0.3273, reg=0.000007, test_acc=52.53%
[first] seed=4 epoch 59/100: kd=0.3531, reg=0.000004, test_acc=53.00%
[first] seed=4 epoch 60/100: kd=0.3318, reg=0.000006, test_acc=52.71%
[first] seed=4 epoch 61/100: kd=0.3547, reg=0.000004, test_acc=52.06%
[first] seed=4 epoch 62/100: kd=0.3300, reg=0.000003, test_acc=52.59%
[first] seed=4 epoch 63/100: kd=0.3218, reg=0.000004, test_acc=52.61%
[first] seed=4 epoch 64/100: kd=0.3271, reg=0.000005, test_acc=52.66%
[first] seed=4 epoch 65/100: kd=0.3187, reg=0.000004, test_acc=52.66%
[first] seed=4 epoch 66/100: kd=0.2941, reg=0.000002, test_acc=52.33%
[first] seed=4 epoch 67/100: kd=0.2989, reg=0.000002, test_acc=53.16%
[first] seed=4 epoch 68/100: kd=0.2745, reg=0.000003, test_acc=52.70%
[first] seed=4 epoch 69/100: kd=0.2676, reg=0.000003, test_acc=53.10%
[first] seed=4 epoch 70/100: kd=0.3207, reg=0.000001, test_acc=52.19%
[first] seed=4 epoch 71/100: kd=0.2956, reg=0.000001, test_acc=53.02%
[first] seed=4 epoch 72/100: kd=0.2527, reg=0.000002, test_acc=52.61%
[first] seed=4 epoch 73/100: kd=0.2566, reg=0.000002, test_acc=53.14%
[first] seed=4 epoch 74/100: kd=0.2651, reg=0.000002, test_acc=53.59%
[first] seed=4 epoch 75/100: kd=0.2427, reg=0.000001, test_acc=53.14%
[first] seed=4 epoch 76/100: kd=0.2600, reg=0.000001, test_acc=52.99%
[first] seed=4 epoch 77/100: kd=0.2369, reg=0.000001, test_acc=53.34%
[first] seed=4 epoch 78/100: kd=0.2282, reg=0.000002, test_acc=53.27%
[first] seed=4 epoch 79/100: kd=0.2480, reg=0.000001, test_acc=53.35%
[first] seed=4 epoch 80/100: kd=0.2225, reg=0.000001, test_acc=53.40%
[first] seed=4 epoch 81/100: kd=0.2388, reg=0.000001, test_acc=53.35%
[first] seed=4 epoch 82/100: kd=0.2180, reg=0.000001, test_acc=53.26%
[first] seed=4 epoch 83/100: kd=0.2130, reg=0.000002, test_acc=53.39%
[first] seed=4 epoch 84/100: kd=0.2090, reg=0.000001, test_acc=53.34%
[first] seed=4 epoch 85/100: kd=0.2071, reg=0.000001, test_acc=53.31%
[first] seed=4 epoch 86/100: kd=0.2034, reg=0.000001, test_acc=53.37%
[first] seed=4 epoch 87/100: kd=0.1943, reg=0.000001, test_acc=53.30%
[first] seed=4 epoch 88/100: kd=0.2154, reg=0.000001, test_acc=53.38%
[first] seed=4 epoch 89/100: kd=0.2084, reg=0.000000, test_acc=53.41%
[first] seed=4 epoch 90/100: kd=0.2119, reg=0.000000, test_acc=53.38%
[first] seed=4 epoch 91/100: kd=0.2316, reg=0.000000, test_acc=53.46%
[first] seed=4 epoch 92/100: kd=0.1952, reg=0.000000, test_acc=53.41%
[first] seed=4 epoch 93/100: kd=0.1802, reg=0.000000, test_acc=53.34%
[first] seed=4 epoch 94/100: kd=0.1970, reg=0.000000, test_acc=53.37%
[first] seed=4 epoch 95/100: kd=0.1850, reg=0.000000, test_acc=53.25%
[first] seed=4 epoch 96/100: kd=0.1933, reg=0.000000, test_acc=53.33%
[first] seed=4 epoch 97/100: kd=0.1956, reg=0.000000, test_acc=53.36%
[first] seed=4 epoch 98/100: kd=0.1876, reg=0.000000, test_acc=53.38%
[first] seed=4 epoch 99/100: kd=0.1928, reg=0.000000, test_acc=53.39%
[first] seed=4 epoch 100/100: kd=0.1886, reg=0.000000, test_acc=53.34%
[first] seed=5 epoch 01/100: kd=9.5107, reg=0.002147, test_acc=10.00%
[first] seed=5 epoch 02/100: kd=7.6923, reg=0.003333, test_acc=12.34%
[first] seed=5 epoch 03/100: kd=7.0076, reg=0.000876, test_acc=21.75%
[first] seed=5 epoch 04/100: kd=6.3988, reg=0.000376, test_acc=23.14%
[first] seed=5 epoch 05/100: kd=6.1463, reg=0.000405, test_acc=27.84%
[first] seed=5 epoch 06/100: kd=5.9012, reg=0.001063, test_acc=33.20%
[first] seed=5 epoch 07/100: kd=5.6933, reg=0.001585, test_acc=29.13%
[first] seed=5 epoch 08/100: kd=5.3716, reg=0.000840, test_acc=35.24%
[first] seed=5 epoch 09/100: kd=5.0562, reg=0.000695, test_acc=29.49%
[first] seed=5 epoch 10/100: kd=4.7985, reg=0.000802, test_acc=34.93%
[first] seed=5 epoch 11/100: kd=4.4786, reg=0.000608, test_acc=37.65%
[first] seed=5 epoch 12/100: kd=4.5114, reg=0.000427, test_acc=34.59%
[first] seed=5 epoch 13/100: kd=4.3338, reg=0.000498, test_acc=39.34%
[first] seed=5 epoch 14/100: kd=4.1969, reg=0.000736, test_acc=35.43%
[first] seed=5 epoch 15/100: kd=3.9007, reg=0.000484, test_acc=39.73%
[first] seed=5 epoch 16/100: kd=3.4751, reg=0.000470, test_acc=42.26%
[first] seed=5 epoch 17/100: kd=3.4477, reg=0.000337, test_acc=41.62%
[first] seed=5 epoch 18/100: kd=3.2271, reg=0.000379, test_acc=42.26%
[first] seed=5 epoch 19/100: kd=3.1297, reg=0.000424, test_acc=41.93%
[first] seed=5 epoch 20/100: kd=3.0601, reg=0.000479, test_acc=40.66%
[first] seed=5 epoch 21/100: kd=2.8508, reg=0.000473, test_acc=43.06%
[first] seed=5 epoch 22/100: kd=2.7161, reg=0.000526, test_acc=44.52%
[first] seed=5 epoch 23/100: kd=2.5961, reg=0.000393, test_acc=42.47%
[first] seed=5 epoch 24/100: kd=2.4243, reg=0.000250, test_acc=43.87%
[first] seed=5 epoch 25/100: kd=2.3896, reg=0.000377, test_acc=39.44%
[first] seed=5 epoch 26/100: kd=2.3509, reg=0.000254, test_acc=43.21%
[first] seed=5 epoch 27/100: kd=2.1062, reg=0.000363, test_acc=45.11%
[first] seed=5 epoch 28/100: kd=1.9319, reg=0.000206, test_acc=47.27%
[first] seed=5 epoch 29/100: kd=1.7132, reg=0.000125, test_acc=47.68%
[first] seed=5 epoch 30/100: kd=1.6466, reg=0.000221, test_acc=45.04%
[first] seed=5 epoch 31/100: kd=1.6369, reg=0.000122, test_acc=43.63%
[first] seed=5 epoch 32/100: kd=1.4217, reg=0.000109, test_acc=49.94%
[first] seed=5 epoch 33/100: kd=1.2486, reg=0.000064, test_acc=50.02%
[first] seed=5 epoch 34/100: kd=1.1956, reg=0.000051, test_acc=49.93%
[first] seed=5 epoch 35/100: kd=1.2081, reg=0.000141, test_acc=48.16%
[first] seed=5 epoch 36/100: kd=1.1115, reg=0.000141, test_acc=49.45%
[first] seed=5 epoch 37/100: kd=1.0058, reg=0.000065, test_acc=47.94%
[first] seed=5 epoch 38/100: kd=0.8804, reg=0.000061, test_acc=50.64%
[first] seed=5 epoch 39/100: kd=0.7692, reg=0.000039, test_acc=50.82%
[first] seed=5 epoch 40/100: kd=0.7217, reg=0.000025, test_acc=51.75%
[first] seed=5 epoch 41/100: kd=0.6458, reg=0.000024, test_acc=52.23%
[first] seed=5 epoch 42/100: kd=0.6410, reg=0.000022, test_acc=52.24%
[first] seed=5 epoch 43/100: kd=0.5885, reg=0.000035, test_acc=51.54%
[first] seed=5 epoch 44/100: kd=0.5776, reg=0.000031, test_acc=51.66%
[first] seed=5 epoch 45/100: kd=0.5333, reg=0.000019, test_acc=52.04%
[first] seed=5 epoch 46/100: kd=0.5638, reg=0.000013, test_acc=52.35%
[first] seed=5 epoch 47/100: kd=0.5427, reg=0.000013, test_acc=51.18%
[first] seed=5 epoch 48/100: kd=0.5525, reg=0.000018, test_acc=51.40%
[first] seed=5 epoch 49/100: kd=0.4643, reg=0.000013, test_acc=51.79%
[first] seed=5 epoch 50/100: kd=0.4585, reg=0.000010, test_acc=51.48%
[first] seed=5 epoch 51/100: kd=0.4546, reg=0.000007, test_acc=50.79%
[first] seed=5 epoch 52/100: kd=0.4564, reg=0.000020, test_acc=51.79%
[first] seed=5 epoch 53/100: kd=0.4217, reg=0.000009, test_acc=51.79%
[first] seed=5 epoch 54/100: kd=0.4239, reg=0.000015, test_acc=53.36%
[first] seed=5 epoch 55/100: kd=0.4653, reg=0.000007, test_acc=52.47%
[first] seed=5 epoch 56/100: kd=0.3927, reg=0.000005, test_acc=52.49%
[first] seed=5 epoch 57/100: kd=0.3769, reg=0.000006, test_acc=50.89%
[first] seed=5 epoch 58/100: kd=0.3409, reg=0.000004, test_acc=52.63%
[first] seed=5 epoch 59/100: kd=0.3633, reg=0.000006, test_acc=53.29%
[first] seed=5 epoch 60/100: kd=0.3432, reg=0.000004, test_acc=52.31%
[first] seed=5 epoch 61/100: kd=0.2939, reg=0.000004, test_acc=53.15%
[first] seed=5 epoch 62/100: kd=0.2915, reg=0.000005, test_acc=52.73%
[first] seed=5 epoch 63/100: kd=0.3062, reg=0.000003, test_acc=53.39%
[first] seed=5 epoch 64/100: kd=0.3257, reg=0.000003, test_acc=53.11%
[first] seed=5 epoch 65/100: kd=0.2994, reg=0.000005, test_acc=52.98%
[first] seed=5 epoch 66/100: kd=0.2634, reg=0.000003, test_acc=52.21%
[first] seed=5 epoch 67/100: kd=0.2627, reg=0.000006, test_acc=53.43%
[first] seed=5 epoch 68/100: kd=0.2706, reg=0.000004, test_acc=53.25%
[first] seed=5 epoch 69/100: kd=0.2823, reg=0.000002, test_acc=52.65%
[first] seed=5 epoch 70/100: kd=0.2554, reg=0.000002, test_acc=52.46%
[first] seed=5 epoch 71/100: kd=0.2710, reg=0.000002, test_acc=52.66%
[first] seed=5 epoch 72/100: kd=0.2233, reg=0.000002, test_acc=53.40%
[first] seed=5 epoch 73/100: kd=0.2353, reg=0.000002, test_acc=53.11%
[first] seed=5 epoch 74/100: kd=0.2072, reg=0.000001, test_acc=53.38%
[first] seed=5 epoch 75/100: kd=0.2110, reg=0.000001, test_acc=53.20%
[first] seed=5 epoch 76/100: kd=0.2376, reg=0.000001, test_acc=53.51%
[first] seed=5 epoch 77/100: kd=0.2071, reg=0.000001, test_acc=53.14%
[first] seed=5 epoch 78/100: kd=0.2144, reg=0.000002, test_acc=53.26%
[first] seed=5 epoch 79/100: kd=0.2368, reg=0.000001, test_acc=53.31%
[first] seed=5 epoch 80/100: kd=0.2053, reg=0.000001, test_acc=53.28%
[first] seed=5 epoch 81/100: kd=0.2147, reg=0.000001, test_acc=53.13%
[first] seed=5 epoch 82/100: kd=0.2021, reg=0.000001, test_acc=53.09%
[first] seed=5 epoch 83/100: kd=0.1957, reg=0.000000, test_acc=53.35%
[first] seed=5 epoch 84/100: kd=0.1964, reg=0.000001, test_acc=53.47%
[first] seed=5 epoch 85/100: kd=0.1983, reg=0.000001, test_acc=53.36%
[first] seed=5 epoch 86/100: kd=0.1782, reg=0.000001, test_acc=53.43%
[first] seed=5 epoch 87/100: kd=0.1870, reg=0.000000, test_acc=53.43%
[first] seed=5 epoch 88/100: kd=0.1934, reg=0.000000, test_acc=53.34%
[first] seed=5 epoch 89/100: kd=0.1904, reg=0.000000, test_acc=53.33%
[first] seed=5 epoch 90/100: kd=0.1862, reg=0.000000, test_acc=53.37%
[first] seed=5 epoch 91/100: kd=0.1873, reg=0.000000, test_acc=53.27%
[first] seed=5 epoch 92/100: kd=0.2014, reg=0.000000, test_acc=53.44%
[first] seed=5 epoch 93/100: kd=0.1986, reg=0.000000, test_acc=53.49%
[first] seed=5 epoch 94/100: kd=0.1869, reg=0.000000, test_acc=53.21%
[first] seed=5 epoch 95/100: kd=0.1828, reg=0.000000, test_acc=53.56%
[first] seed=5 epoch 96/100: kd=0.1599, reg=0.000000, test_acc=53.41%
[first] seed=5 epoch 97/100: kd=0.1860, reg=0.000000, test_acc=53.30%
[first] seed=5 epoch 98/100: kd=0.1766, reg=0.000000, test_acc=53.40%
[first] seed=5 epoch 99/100: kd=0.1564, reg=0.000000, test_acc=53.31%
[first] seed=5 epoch 100/100: kd=0.1997, reg=0.000000, test_acc=53.10%
[first] seed=6 epoch 01/100: kd=9.4901, reg=0.001177, test_acc=10.00%
[first] seed=6 epoch 02/100: kd=7.7778, reg=0.002599, test_acc=13.11%
[first] seed=6 epoch 03/100: kd=7.3390, reg=0.001016, test_acc=22.21%
[first] seed=6 epoch 04/100: kd=6.6475, reg=0.000407, test_acc=25.75%
[first] seed=6 epoch 05/100: kd=6.3364, reg=0.000869, test_acc=28.19%
[first] seed=6 epoch 06/100: kd=5.9922, reg=0.000745, test_acc=29.50%
[first] seed=6 epoch 07/100: kd=5.6498, reg=0.000510, test_acc=29.86%
[first] seed=6 epoch 08/100: kd=5.3907, reg=0.000583, test_acc=30.41%
[first] seed=6 epoch 09/100: kd=5.2976, reg=0.000399, test_acc=27.76%
[first] seed=6 epoch 10/100: kd=5.1485, reg=0.000496, test_acc=31.55%
[first] seed=6 epoch 11/100: kd=5.0666, reg=0.000888, test_acc=31.87%
[first] seed=6 epoch 12/100: kd=4.6242, reg=0.000571, test_acc=34.26%
[first] seed=6 epoch 13/100: kd=4.6781, reg=0.000528, test_acc=35.32%
[first] seed=6 epoch 14/100: kd=4.4924, reg=0.000680, test_acc=33.53%
[first] seed=6 epoch 15/100: kd=4.0952, reg=0.000350, test_acc=30.18%
[first] seed=6 epoch 16/100: kd=4.1580, reg=0.000549, test_acc=42.57%
[first] seed=6 epoch 17/100: kd=4.0205, reg=0.000537, test_acc=36.64%
[first] seed=6 epoch 18/100: kd=3.9196, reg=0.000415, test_acc=36.92%
[first] seed=6 epoch 19/100: kd=3.4292, reg=0.000596, test_acc=43.37%
[first] seed=6 epoch 20/100: kd=3.4054, reg=0.000407, test_acc=40.75%
[first] seed=6 epoch 21/100: kd=3.0703, reg=0.000478, test_acc=41.05%
[first] seed=6 epoch 22/100: kd=2.9406, reg=0.000216, test_acc=44.02%
[first] seed=6 epoch 23/100: kd=2.6569, reg=0.000287, test_acc=47.21%
[first] seed=6 epoch 24/100: kd=2.5548, reg=0.000344, test_acc=46.06%
[first] seed=6 epoch 25/100: kd=2.4921, reg=0.000356, test_acc=47.56%
[first] seed=6 epoch 26/100: kd=2.4225, reg=0.000297, test_acc=38.55%
[first] seed=6 epoch 27/100: kd=2.4174, reg=0.000425, test_acc=44.23%
[first] seed=6 epoch 28/100: kd=2.0264, reg=0.000220, test_acc=47.10%
[first] seed=6 epoch 29/100: kd=1.9131, reg=0.000193, test_acc=47.70%
[first] seed=6 epoch 30/100: kd=1.8400, reg=0.000187, test_acc=47.96%
[first] seed=6 epoch 31/100: kd=1.7031, reg=0.000171, test_acc=49.61%
[first] seed=6 epoch 32/100: kd=1.5064, reg=0.000114, test_acc=50.17%
[first] seed=6 epoch 33/100: kd=1.4373, reg=0.000083, test_acc=49.29%
[first] seed=6 epoch 34/100: kd=1.3607, reg=0.000111, test_acc=49.68%
[first] seed=6 epoch 35/100: kd=1.1911, reg=0.000090, test_acc=51.72%
[first] seed=6 epoch 36/100: kd=1.1234, reg=0.000078, test_acc=50.93%
[first] seed=6 epoch 37/100: kd=1.0036, reg=0.000063, test_acc=52.25%
[first] seed=6 epoch 38/100: kd=0.9437, reg=0.000043, test_acc=49.28%
[first] seed=6 epoch 39/100: kd=0.9269, reg=0.000033, test_acc=50.65%
[first] seed=6 epoch 40/100: kd=0.8157, reg=0.000025, test_acc=51.82%
[first] seed=6 epoch 41/100: kd=0.7685, reg=0.000024, test_acc=53.25%
[first] seed=6 epoch 42/100: kd=0.7263, reg=0.000045, test_acc=52.25%
[first] seed=6 epoch 43/100: kd=0.6769, reg=0.000024, test_acc=53.41%
[first] seed=6 epoch 44/100: kd=0.6573, reg=0.000024, test_acc=52.31%
[first] seed=6 epoch 45/100: kd=0.5723, reg=0.000016, test_acc=54.02%
[first] seed=6 epoch 46/100: kd=0.5782, reg=0.000015, test_acc=52.68%
[first] seed=6 epoch 47/100: kd=0.5789, reg=0.000018, test_acc=53.41%
[first] seed=6 epoch 48/100: kd=0.5613, reg=0.000021, test_acc=52.90%
[first] seed=6 epoch 49/100: kd=0.5285, reg=0.000017, test_acc=53.91%
[first] seed=6 epoch 50/100: kd=0.4831, reg=0.000011, test_acc=54.07%
[first] seed=6 epoch 51/100: kd=0.4763, reg=0.000018, test_acc=52.15%
[first] seed=6 epoch 52/100: kd=0.4735, reg=0.000008, test_acc=54.04%
[first] seed=6 epoch 53/100: kd=0.4256, reg=0.000004, test_acc=53.59%
[first] seed=6 epoch 54/100: kd=0.4332, reg=0.000005, test_acc=53.11%
[first] seed=6 epoch 55/100: kd=0.4520, reg=0.000009, test_acc=52.51%
[first] seed=6 epoch 56/100: kd=0.3914, reg=0.000009, test_acc=53.87%
[first] seed=6 epoch 57/100: kd=0.3801, reg=0.000007, test_acc=52.89%
[first] seed=6 epoch 58/100: kd=0.3671, reg=0.000008, test_acc=53.99%
[first] seed=6 epoch 59/100: kd=0.3685, reg=0.000007, test_acc=53.78%
[first] seed=6 epoch 60/100: kd=0.3443, reg=0.000004, test_acc=53.18%
[first] seed=6 epoch 61/100: kd=0.3387, reg=0.000004, test_acc=53.87%
[first] seed=6 epoch 62/100: kd=0.3530, reg=0.000005, test_acc=54.63%
[first] seed=6 epoch 63/100: kd=0.3095, reg=0.000004, test_acc=54.12%
[first] seed=6 epoch 64/100: kd=0.3240, reg=0.000005, test_acc=53.85%
[first] seed=6 epoch 65/100: kd=0.3151, reg=0.000004, test_acc=54.02%
[first] seed=6 epoch 66/100: kd=0.2922, reg=0.000003, test_acc=54.19%
[first] seed=6 epoch 67/100: kd=0.2811, reg=0.000003, test_acc=54.71%
[first] seed=6 epoch 68/100: kd=0.2613, reg=0.000004, test_acc=54.00%
[first] seed=6 epoch 69/100: kd=0.2519, reg=0.000005, test_acc=54.58%
[first] seed=6 epoch 70/100: kd=0.2482, reg=0.000005, test_acc=54.34%
[first] seed=6 epoch 71/100: kd=0.2588, reg=0.000001, test_acc=54.12%
[first] seed=6 epoch 72/100: kd=0.2549, reg=0.000002, test_acc=54.70%
[first] seed=6 epoch 73/100: kd=0.2390, reg=0.000002, test_acc=54.71%
[first] seed=6 epoch 74/100: kd=0.2421, reg=0.000001, test_acc=54.01%
[first] seed=6 epoch 75/100: kd=0.2228, reg=0.000001, test_acc=54.53%
[first] seed=6 epoch 76/100: kd=0.2443, reg=0.000001, test_acc=54.35%
[first] seed=6 epoch 77/100: kd=0.2174, reg=0.000001, test_acc=54.63%
[first] seed=6 epoch 78/100: kd=0.2157, reg=0.000001, test_acc=54.60%
[first] seed=6 epoch 79/100: kd=0.1961, reg=0.000001, test_acc=54.59%
[first] seed=6 epoch 80/100: kd=0.2210, reg=0.000001, test_acc=54.38%
[first] seed=6 epoch 81/100: kd=0.2423, reg=0.000001, test_acc=54.45%
[first] seed=6 epoch 82/100: kd=0.2119, reg=0.000001, test_acc=54.44%
[first] seed=6 epoch 83/100: kd=0.2099, reg=0.000001, test_acc=54.56%
[first] seed=6 epoch 84/100: kd=0.1923, reg=0.000001, test_acc=54.71%
[first] seed=6 epoch 85/100: kd=0.2012, reg=0.000001, test_acc=54.64%
[first] seed=6 epoch 86/100: kd=0.1937, reg=0.000001, test_acc=54.64%
[first] seed=6 epoch 87/100: kd=0.2035, reg=0.000001, test_acc=54.49%
[first] seed=6 epoch 88/100: kd=0.2108, reg=0.000000, test_acc=54.72%
[first] seed=6 epoch 89/100: kd=0.1935, reg=0.000000, test_acc=54.69%
[first] seed=6 epoch 90/100: kd=0.1951, reg=0.000000, test_acc=54.32%
[first] seed=6 epoch 91/100: kd=0.1996, reg=0.000000, test_acc=54.54%
[first] seed=6 epoch 92/100: kd=0.2023, reg=0.000000, test_acc=54.45%
[first] seed=6 epoch 93/100: kd=0.1819, reg=0.000000, test_acc=54.59%
[first] seed=6 epoch 94/100: kd=0.2026, reg=0.000000, test_acc=54.48%
[first] seed=6 epoch 95/100: kd=0.1826, reg=0.000000, test_acc=54.54%
[first] seed=6 epoch 96/100: kd=0.1799, reg=0.000000, test_acc=54.60%
[first] seed=6 epoch 97/100: kd=0.2131, reg=0.000000, test_acc=54.82%
[first] seed=6 epoch 98/100: kd=0.1842, reg=0.000000, test_acc=54.65%
[first] seed=6 epoch 99/100: kd=0.1874, reg=0.000000, test_acc=54.51%
[first] seed=6 epoch 100/100: kd=0.1749, reg=0.000000, test_acc=54.52%
[first] seed=7 epoch 01/100: kd=9.6239, reg=0.000978, test_acc=10.00%
[first] seed=7 epoch 02/100: kd=7.8013, reg=0.001922, test_acc=15.04%
[first] seed=7 epoch 03/100: kd=7.2922, reg=0.000732, test_acc=20.06%
[first] seed=7 epoch 04/100: kd=7.0981, reg=0.000616, test_acc=24.69%
[first] seed=7 epoch 05/100: kd=6.6990, reg=0.000388, test_acc=27.01%
[first] seed=7 epoch 06/100: kd=6.2418, reg=0.000478, test_acc=28.81%
[first] seed=7 epoch 07/100: kd=6.1234, reg=0.000755, test_acc=28.62%
[first] seed=7 epoch 08/100: kd=5.9533, reg=0.001145, test_acc=30.29%
[first] seed=7 epoch 09/100: kd=5.5752, reg=0.001050, test_acc=33.38%
[first] seed=7 epoch 10/100: kd=5.2458, reg=0.000298, test_acc=31.83%
[first] seed=7 epoch 11/100: kd=5.1326, reg=0.000394, test_acc=29.81%
[first] seed=7 epoch 12/100: kd=4.8148, reg=0.000456, test_acc=38.39%
[first] seed=7 epoch 13/100: kd=4.6061, reg=0.000451, test_acc=35.60%
[first] seed=7 epoch 14/100: kd=4.3181, reg=0.000320, test_acc=35.01%
[first] seed=7 epoch 15/100: kd=4.2438, reg=0.000408, test_acc=38.90%
[first] seed=7 epoch 16/100: kd=3.8944, reg=0.000303, test_acc=40.55%
[first] seed=7 epoch 17/100: kd=3.6993, reg=0.000365, test_acc=42.82%
[first] seed=7 epoch 18/100: kd=3.7485, reg=0.000419, test_acc=38.64%
[first] seed=7 epoch 19/100: kd=3.5944, reg=0.000270, test_acc=33.89%
[first] seed=7 epoch 20/100: kd=3.4911, reg=0.000357, test_acc=40.62%
[first] seed=7 epoch 21/100: kd=3.1264, reg=0.000257, test_acc=43.77%
[first] seed=7 epoch 22/100: kd=2.9278, reg=0.000125, test_acc=38.26%
[first] seed=7 epoch 23/100: kd=2.8454, reg=0.000267, test_acc=42.05%
[first] seed=7 epoch 24/100: kd=2.6008, reg=0.000294, test_acc=44.90%
[first] seed=7 epoch 25/100: kd=2.4641, reg=0.000167, test_acc=44.65%
[first] seed=7 epoch 26/100: kd=2.3061, reg=0.000180, test_acc=45.13%
[first] seed=7 epoch 27/100: kd=2.1475, reg=0.000221, test_acc=40.50%
[first] seed=7 epoch 28/100: kd=1.9681, reg=0.000145, test_acc=45.74%
[first] seed=7 epoch 29/100: kd=1.7876, reg=0.000163, test_acc=46.89%
[first] seed=7 epoch 30/100: kd=1.5844, reg=0.000169, test_acc=47.43%
[first] seed=7 epoch 31/100: kd=1.5409, reg=0.000155, test_acc=48.44%
[first] seed=7 epoch 32/100: kd=1.3137, reg=0.000130, test_acc=48.13%
[first] seed=7 epoch 33/100: kd=1.2374, reg=0.000121, test_acc=49.31%
[first] seed=7 epoch 34/100: kd=1.0700, reg=0.000067, test_acc=49.57%
[first] seed=7 epoch 35/100: kd=1.0110, reg=0.000061, test_acc=49.37%
[first] seed=7 epoch 36/100: kd=0.9059, reg=0.000065, test_acc=48.26%
[first] seed=7 epoch 37/100: kd=0.8228, reg=0.000062, test_acc=45.42%
[first] seed=7 epoch 38/100: kd=0.8562, reg=0.000060, test_acc=48.91%
[first] seed=7 epoch 39/100: kd=0.7987, reg=0.000033, test_acc=48.75%
[first] seed=7 epoch 40/100: kd=0.7699, reg=0.000030, test_acc=45.74%
[first] seed=7 epoch 41/100: kd=0.6445, reg=0.000026, test_acc=50.12%
[first] seed=7 epoch 42/100: kd=0.5828, reg=0.000017, test_acc=50.56%
[first] seed=7 epoch 43/100: kd=0.6277, reg=0.000027, test_acc=50.41%
[first] seed=7 epoch 44/100: kd=0.5965, reg=0.000031, test_acc=49.88%
[first] seed=7 epoch 45/100: kd=0.5831, reg=0.000024, test_acc=49.14%
[first] seed=7 epoch 46/100: kd=0.4898, reg=0.000017, test_acc=50.19%
[first] seed=7 epoch 47/100: kd=0.5395, reg=0.000016, test_acc=50.47%
[first] seed=7 epoch 48/100: kd=0.5352, reg=0.000021, test_acc=49.91%
[first] seed=7 epoch 49/100: kd=0.5085, reg=0.000021, test_acc=47.75%
[first] seed=7 epoch 50/100: kd=0.5187, reg=0.000015, test_acc=49.87%
[first] seed=7 epoch 51/100: kd=0.4732, reg=0.000018, test_acc=51.03%
[first] seed=7 epoch 52/100: kd=0.4421, reg=0.000015, test_acc=50.42%
[first] seed=7 epoch 53/100: kd=0.4132, reg=0.000018, test_acc=51.26%
[first] seed=7 epoch 54/100: kd=0.3688, reg=0.000012, test_acc=49.89%
[first] seed=7 epoch 55/100: kd=0.3889, reg=0.000015, test_acc=50.59%
[first] seed=7 epoch 56/100: kd=0.3701, reg=0.000010, test_acc=50.09%
[first] seed=7 epoch 57/100: kd=0.3476, reg=0.000007, test_acc=48.67%
[first] seed=7 epoch 58/100: kd=0.3350, reg=0.000006, test_acc=51.71%
[first] seed=7 epoch 59/100: kd=0.3003, reg=0.000005, test_acc=50.82%
[first] seed=7 epoch 60/100: kd=0.3152, reg=0.000004, test_acc=51.38%
[first] seed=7 epoch 61/100: kd=0.3205, reg=0.000005, test_acc=51.34%
[first] seed=7 epoch 62/100: kd=0.2702, reg=0.000004, test_acc=51.46%
[first] seed=7 epoch 63/100: kd=0.2842, reg=0.000005, test_acc=51.05%
[first] seed=7 epoch 64/100: kd=0.3104, reg=0.000003, test_acc=51.02%
[first] seed=7 epoch 65/100: kd=0.2778, reg=0.000003, test_acc=51.46%
[first] seed=7 epoch 66/100: kd=0.3161, reg=0.000004, test_acc=50.39%
[first] seed=7 epoch 67/100: kd=0.2881, reg=0.000004, test_acc=50.92%
[first] seed=7 epoch 68/100: kd=0.2988, reg=0.000002, test_acc=51.60%
[first] seed=7 epoch 69/100: kd=0.2521, reg=0.000002, test_acc=51.97%
[first] seed=7 epoch 70/100: kd=0.2621, reg=0.000002, test_acc=51.64%
[first] seed=7 epoch 71/100: kd=0.2195, reg=0.000001, test_acc=51.31%
[first] seed=7 epoch 72/100: kd=0.2515, reg=0.000001, test_acc=51.81%
[first] seed=7 epoch 73/100: kd=0.2342, reg=0.000002, test_acc=51.90%
[first] seed=7 epoch 74/100: kd=0.2213, reg=0.000002, test_acc=51.80%
[first] seed=7 epoch 75/100: kd=0.2294, reg=0.000002, test_acc=51.96%
[first] seed=7 epoch 76/100: kd=0.2227, reg=0.000001, test_acc=52.10%
[first] seed=7 epoch 77/100: kd=0.2111, reg=0.000002, test_acc=51.61%
[first] seed=7 epoch 78/100: kd=0.1940, reg=0.000001, test_acc=52.18%
[first] seed=7 epoch 79/100: kd=0.2297, reg=0.000001, test_acc=52.29%
[first] seed=7 epoch 80/100: kd=0.1826, reg=0.000001, test_acc=51.85%
[first] seed=7 epoch 81/100: kd=0.1809, reg=0.000001, test_acc=52.32%
[first] seed=7 epoch 82/100: kd=0.1998, reg=0.000001, test_acc=52.38%
[first] seed=7 epoch 83/100: kd=0.1859, reg=0.000001, test_acc=51.83%
[first] seed=7 epoch 84/100: kd=0.2030, reg=0.000001, test_acc=52.17%
[first] seed=7 epoch 85/100: kd=0.1691, reg=0.000001, test_acc=52.08%
[first] seed=7 epoch 86/100: kd=0.1822, reg=0.000001, test_acc=51.94%
[first] seed=7 epoch 87/100: kd=0.1972, reg=0.000001, test_acc=51.98%
[first] seed=7 epoch 88/100: kd=0.1911, reg=0.000001, test_acc=51.98%
[first] seed=7 epoch 89/100: kd=0.2026, reg=0.000001, test_acc=52.06%
[first] seed=7 epoch 90/100: kd=0.1619, reg=0.000000, test_acc=52.37%
[first] seed=7 epoch 91/100: kd=0.1843, reg=0.000000, test_acc=52.18%
[first] seed=7 epoch 92/100: kd=0.1642, reg=0.000000, test_acc=52.14%
[first] seed=7 epoch 93/100: kd=0.1578, reg=0.000000, test_acc=52.12%
[first] seed=7 epoch 94/100: kd=0.2042, reg=0.000000, test_acc=52.17%
[first] seed=7 epoch 95/100: kd=0.2152, reg=0.000000, test_acc=52.15%
[first] seed=7 epoch 96/100: kd=0.1939, reg=0.000000, test_acc=52.15%
[first] seed=7 epoch 97/100: kd=0.1956, reg=0.000000, test_acc=52.22%
[first] seed=7 epoch 98/100: kd=0.1907, reg=0.000000, test_acc=52.00%
[first] seed=7 epoch 99/100: kd=0.1873, reg=0.000000, test_acc=52.00%
[first] seed=7 epoch 100/100: kd=0.1828, reg=0.000000, test_acc=52.19%
[first] seed=8 epoch 01/100: kd=9.8704, reg=0.000926, test_acc=10.29%
[first] seed=8 epoch 02/100: kd=7.6628, reg=0.001115, test_acc=10.85%
[first] seed=8 epoch 03/100: kd=6.7676, reg=0.000571, test_acc=16.46%
[first] seed=8 epoch 04/100: kd=6.5125, reg=0.000887, test_acc=27.57%
[first] seed=8 epoch 05/100: kd=6.1385, reg=0.000466, test_acc=31.07%
[first] seed=8 epoch 06/100: kd=5.7485, reg=0.000608, test_acc=32.50%
[first] seed=8 epoch 07/100: kd=5.6209, reg=0.000291, test_acc=30.01%
[first] seed=8 epoch 08/100: kd=5.1394, reg=0.000355, test_acc=30.34%
[first] seed=8 epoch 09/100: kd=5.1638, reg=0.000396, test_acc=33.33%
[first] seed=8 epoch 10/100: kd=4.8222, reg=0.000266, test_acc=35.15%
[first] seed=8 epoch 11/100: kd=4.6368, reg=0.000489, test_acc=35.71%
[first] seed=8 epoch 12/100: kd=4.4372, reg=0.000407, test_acc=37.94%
[first] seed=8 epoch 13/100: kd=4.3700, reg=0.000384, test_acc=40.33%
[first] seed=8 epoch 14/100: kd=4.1157, reg=0.000486, test_acc=38.28%
[first] seed=8 epoch 15/100: kd=3.7818, reg=0.000224, test_acc=41.01%
[first] seed=8 epoch 16/100: kd=3.6817, reg=0.000297, test_acc=41.29%
[first] seed=8 epoch 17/100: kd=3.6913, reg=0.000383, test_acc=40.39%
[first] seed=8 epoch 18/100: kd=3.4689, reg=0.000515, test_acc=43.31%
[first] seed=8 epoch 19/100: kd=3.0987, reg=0.000380, test_acc=42.98%
[first] seed=8 epoch 20/100: kd=2.9336, reg=0.000231, test_acc=44.84%
[first] seed=8 epoch 21/100: kd=2.8900, reg=0.000254, test_acc=43.15%
[first] seed=8 epoch 22/100: kd=2.7108, reg=0.000421, test_acc=43.54%
[first] seed=8 epoch 23/100: kd=2.5694, reg=0.000567, test_acc=43.97%
[first] seed=8 epoch 24/100: kd=2.4750, reg=0.000589, test_acc=39.81%
[first] seed=8 epoch 25/100: kd=2.3891, reg=0.000482, test_acc=43.74%
[first] seed=8 epoch 26/100: kd=2.0302, reg=0.000243, test_acc=47.22%
[first] seed=8 epoch 27/100: kd=1.7625, reg=0.000124, test_acc=49.67%
[first] seed=8 epoch 28/100: kd=1.6909, reg=0.000113, test_acc=45.28%
[first] seed=8 epoch 29/100: kd=1.5995, reg=0.000097, test_acc=48.89%
[first] seed=8 epoch 30/100: kd=1.5551, reg=0.000118, test_acc=46.72%
[first] seed=8 epoch 31/100: kd=1.4814, reg=0.000131, test_acc=49.85%
[first] seed=8 epoch 32/100: kd=1.2652, reg=0.000094, test_acc=49.99%
[first] seed=8 epoch 33/100: kd=1.1528, reg=0.000102, test_acc=48.69%
[first] seed=8 epoch 34/100: kd=1.2335, reg=0.000053, test_acc=45.39%
[first] seed=8 epoch 35/100: kd=1.1707, reg=0.000071, test_acc=48.33%
[first] seed=8 epoch 36/100: kd=0.9880, reg=0.000074, test_acc=50.08%
[first] seed=8 epoch 37/100: kd=0.9988, reg=0.000103, test_acc=46.47%
[first] seed=8 epoch 38/100: kd=0.9658, reg=0.000050, test_acc=49.57%
[first] seed=8 epoch 39/100: kd=0.8887, reg=0.000050, test_acc=50.84%
[first] seed=8 epoch 40/100: kd=0.8820, reg=0.000029, test_acc=50.04%
[first] seed=8 epoch 41/100: kd=0.8379, reg=0.000028, test_acc=47.60%
[first] seed=8 epoch 42/100: kd=0.7858, reg=0.000032, test_acc=51.83%
[first] seed=8 epoch 43/100: kd=0.6765, reg=0.000039, test_acc=51.21%
[first] seed=8 epoch 44/100: kd=0.6400, reg=0.000043, test_acc=52.78%
[first] seed=8 epoch 45/100: kd=0.5929, reg=0.000040, test_acc=52.73%
[first] seed=8 epoch 46/100: kd=0.5612, reg=0.000018, test_acc=52.40%
[first] seed=8 epoch 47/100: kd=0.5362, reg=0.000013, test_acc=52.27%
[first] seed=8 epoch 48/100: kd=0.5095, reg=0.000015, test_acc=51.88%
[first] seed=8 epoch 49/100: kd=0.5624, reg=0.000018, test_acc=52.25%
[first] seed=8 epoch 50/100: kd=0.5506, reg=0.000013, test_acc=50.63%
[first] seed=8 epoch 51/100: kd=0.5107, reg=0.000014, test_acc=52.80%
[first] seed=8 epoch 52/100: kd=0.4614, reg=0.000029, test_acc=52.67%
[first] seed=8 epoch 53/100: kd=0.4471, reg=0.000012, test_acc=52.85%
[first] seed=8 epoch 54/100: kd=0.4412, reg=0.000016, test_acc=53.48%
[first] seed=8 epoch 55/100: kd=0.4003, reg=0.000015, test_acc=52.20%
[first] seed=8 epoch 56/100: kd=0.4182, reg=0.000007, test_acc=53.14%
[first] seed=8 epoch 57/100: kd=0.3869, reg=0.000011, test_acc=52.31%
[first] seed=8 epoch 58/100: kd=0.3886, reg=0.000005, test_acc=52.86%
[first] seed=8 epoch 59/100: kd=0.3955, reg=0.000006, test_acc=52.46%
[first] seed=8 epoch 60/100: kd=0.3630, reg=0.000009, test_acc=53.74%
[first] seed=8 epoch 61/100: kd=0.3139, reg=0.000007, test_acc=53.69%
[first] seed=8 epoch 62/100: kd=0.3096, reg=0.000004, test_acc=54.16%
[first] seed=8 epoch 63/100: kd=0.2658, reg=0.000004, test_acc=53.92%
[first] seed=8 epoch 64/100: kd=0.2865, reg=0.000004, test_acc=53.72%
[first] seed=8 epoch 65/100: kd=0.2819, reg=0.000004, test_acc=53.18%
[first] seed=8 epoch 66/100: kd=0.2875, reg=0.000003, test_acc=54.11%
[first] seed=8 epoch 67/100: kd=0.2559, reg=0.000002, test_acc=53.53%
[first] seed=8 epoch 68/100: kd=0.2632, reg=0.000003, test_acc=52.91%
[first] seed=8 epoch 69/100: kd=0.2749, reg=0.000002, test_acc=54.08%
[first] seed=8 epoch 70/100: kd=0.2942, reg=0.000003, test_acc=53.88%
[first] seed=8 epoch 71/100: kd=0.2427, reg=0.000003, test_acc=53.47%
[first] seed=8 epoch 72/100: kd=0.2507, reg=0.000001, test_acc=53.77%
[first] seed=8 epoch 73/100: kd=0.2346, reg=0.000002, test_acc=53.92%
[first] seed=8 epoch 74/100: kd=0.2526, reg=0.000002, test_acc=53.66%
[first] seed=8 epoch 75/100: kd=0.2341, reg=0.000002, test_acc=53.59%
[first] seed=8 epoch 76/100: kd=0.2523, reg=0.000001, test_acc=53.92%
[first] seed=8 epoch 77/100: kd=0.2212, reg=0.000001, test_acc=53.67%
[first] seed=8 epoch 78/100: kd=0.2259, reg=0.000001, test_acc=53.87%
[first] seed=8 epoch 79/100: kd=0.2203, reg=0.000002, test_acc=53.85%
[first] seed=8 epoch 80/100: kd=0.1950, reg=0.000001, test_acc=53.98%
[first] seed=8 epoch 81/100: kd=0.1961, reg=0.000001, test_acc=53.99%
[first] seed=8 epoch 82/100: kd=0.1977, reg=0.000001, test_acc=54.04%
[first] seed=8 epoch 83/100: kd=0.1974, reg=0.000001, test_acc=54.18%
[first] seed=8 epoch 84/100: kd=0.2144, reg=0.000001, test_acc=54.20%
[first] seed=8 epoch 85/100: kd=0.1906, reg=0.000001, test_acc=54.12%
[first] seed=8 epoch 86/100: kd=0.1997, reg=0.000000, test_acc=54.23%
[first] seed=8 epoch 87/100: kd=0.2141, reg=0.000000, test_acc=54.01%
[first] seed=8 epoch 88/100: kd=0.2199, reg=0.000000, test_acc=54.16%
[first] seed=8 epoch 89/100: kd=0.1779, reg=0.000000, test_acc=54.17%
[first] seed=8 epoch 90/100: kd=0.1910, reg=0.000000, test_acc=54.16%
[first] seed=8 epoch 91/100: kd=0.1944, reg=0.000000, test_acc=54.24%
[first] seed=8 epoch 92/100: kd=0.2059, reg=0.000000, test_acc=54.00%
[first] seed=8 epoch 93/100: kd=0.2044, reg=0.000000, test_acc=54.11%
[first] seed=8 epoch 94/100: kd=0.1817, reg=0.000000, test_acc=54.10%
[first] seed=8 epoch 95/100: kd=0.2326, reg=0.000000, test_acc=54.09%
[first] seed=8 epoch 96/100: kd=0.1818, reg=0.000000, test_acc=54.07%
[first] seed=8 epoch 97/100: kd=0.1853, reg=0.000000, test_acc=54.19%
[first] seed=8 epoch 98/100: kd=0.1712, reg=0.000000, test_acc=54.25%
[first] seed=8 epoch 99/100: kd=0.1805, reg=0.000000, test_acc=54.04%
[first] seed=8 epoch 100/100: kd=0.1867, reg=0.000000, test_acc=54.15%
[first] seed=9 epoch 01/100: kd=9.7530, reg=0.000453, test_acc=10.00%
[first] seed=9 epoch 02/100: kd=7.8348, reg=0.006088, test_acc=10.01%
[first] seed=9 epoch 03/100: kd=6.8820, reg=0.001421, test_acc=21.47%
[first] seed=9 epoch 04/100: kd=6.0173, reg=0.000515, test_acc=24.92%
[first] seed=9 epoch 05/100: kd=5.6952, reg=0.000456, test_acc=27.84%
[first] seed=9 epoch 06/100: kd=5.6612, reg=0.000525, test_acc=33.26%
[first] seed=9 epoch 07/100: kd=5.2604, reg=0.000673, test_acc=29.19%
[first] seed=9 epoch 08/100: kd=5.0128, reg=0.000557, test_acc=33.82%
[first] seed=9 epoch 09/100: kd=4.7903, reg=0.000635, test_acc=35.41%
[first] seed=9 epoch 10/100: kd=4.6629, reg=0.000669, test_acc=35.39%
[first] seed=9 epoch 11/100: kd=4.4957, reg=0.000720, test_acc=37.52%
[first] seed=9 epoch 12/100: kd=4.4136, reg=0.000633, test_acc=39.94%
[first] seed=9 epoch 13/100: kd=3.9335, reg=0.000477, test_acc=41.10%
[first] seed=9 epoch 14/100: kd=3.8105, reg=0.000273, test_acc=39.02%
[first] seed=9 epoch 15/100: kd=3.7176, reg=0.000386, test_acc=38.23%
[first] seed=9 epoch 16/100: kd=3.4752, reg=0.000304, test_acc=37.06%
[first] seed=9 epoch 17/100: kd=3.3490, reg=0.000322, test_acc=43.19%
[first] seed=9 epoch 18/100: kd=3.2414, reg=0.000320, test_acc=40.47%
[first] seed=9 epoch 19/100: kd=3.1260, reg=0.000301, test_acc=44.42%
[first] seed=9 epoch 20/100: kd=2.8391, reg=0.000205, test_acc=45.01%
[first] seed=9 epoch 21/100: kd=2.5735, reg=0.000243, test_acc=46.22%
[first] seed=9 epoch 22/100: kd=2.5853, reg=0.000339, test_acc=45.38%
[first] seed=9 epoch 23/100: kd=2.4049, reg=0.000225, test_acc=46.72%
[first] seed=9 epoch 24/100: kd=2.1892, reg=0.000196, test_acc=44.99%
[first] seed=9 epoch 25/100: kd=2.2827, reg=0.000180, test_acc=47.28%
[first] seed=9 epoch 26/100: kd=2.1036, reg=0.000200, test_acc=48.50%
[first] seed=9 epoch 27/100: kd=1.8012, reg=0.000124, test_acc=48.61%
[first] seed=9 epoch 28/100: kd=1.5939, reg=0.000088, test_acc=50.84%
[first] seed=9 epoch 29/100: kd=1.5200, reg=0.000113, test_acc=48.89%
[first] seed=9 epoch 30/100: kd=1.5108, reg=0.000092, test_acc=50.18%
[first] seed=9 epoch 31/100: kd=1.4873, reg=0.000180, test_acc=46.03%
[first] seed=9 epoch 32/100: kd=1.3467, reg=0.000083, test_acc=46.41%
[first] seed=9 epoch 33/100: kd=1.2175, reg=0.000096, test_acc=51.12%
[first] seed=9 epoch 34/100: kd=1.0855, reg=0.000101, test_acc=51.06%
[first] seed=9 epoch 35/100: kd=1.0590, reg=0.000045, test_acc=50.43%
[first] seed=9 epoch 36/100: kd=0.9914, reg=0.000082, test_acc=50.62%
[first] seed=9 epoch 37/100: kd=0.9062, reg=0.000064, test_acc=52.08%
[first] seed=9 epoch 38/100: kd=0.9449, reg=0.000031, test_acc=50.66%
[first] seed=9 epoch 39/100: kd=0.8033, reg=0.000042, test_acc=51.64%
[first] seed=9 epoch 40/100: kd=0.8688, reg=0.000045, test_acc=51.12%
[first] seed=9 epoch 41/100: kd=0.7589, reg=0.000043, test_acc=51.17%
[first] seed=9 epoch 42/100: kd=0.7019, reg=0.000033, test_acc=51.73%
[first] seed=9 epoch 43/100: kd=0.6152, reg=0.000020, test_acc=52.10%
[first] seed=9 epoch 44/100: kd=0.5749, reg=0.000023, test_acc=53.57%
[first] seed=9 epoch 45/100: kd=0.6089, reg=0.000014, test_acc=53.42%
[first] seed=9 epoch 46/100: kd=0.5310, reg=0.000012, test_acc=52.25%
[first] seed=9 epoch 47/100: kd=0.5208, reg=0.000019, test_acc=52.83%
[first] seed=9 epoch 48/100: kd=0.4917, reg=0.000023, test_acc=52.48%
[first] seed=9 epoch 49/100: kd=0.4903, reg=0.000011, test_acc=53.25%
[first] seed=9 epoch 50/100: kd=0.4731, reg=0.000008, test_acc=53.33%
[first] seed=9 epoch 51/100: kd=0.4661, reg=0.000012, test_acc=53.07%
[first] seed=9 epoch 52/100: kd=0.4482, reg=0.000015, test_acc=53.72%
[first] seed=9 epoch 53/100: kd=0.4667, reg=0.000016, test_acc=53.67%
[first] seed=9 epoch 54/100: kd=0.4290, reg=0.000014, test_acc=54.17%
[first] seed=9 epoch 55/100: kd=0.3873, reg=0.000008, test_acc=53.33%
[first] seed=9 epoch 56/100: kd=0.3836, reg=0.000007, test_acc=53.74%
[first] seed=9 epoch 57/100: kd=0.3548, reg=0.000005, test_acc=54.02%
[first] seed=9 epoch 58/100: kd=0.3682, reg=0.000006, test_acc=54.53%
[first] seed=9 epoch 59/100: kd=0.3345, reg=0.000008, test_acc=54.30%
[first] seed=9 epoch 60/100: kd=0.3253, reg=0.000005, test_acc=54.15%
[first] seed=9 epoch 61/100: kd=0.3114, reg=0.000006, test_acc=53.91%
[first] seed=9 epoch 62/100: kd=0.3195, reg=0.000003, test_acc=54.01%
[first] seed=9 epoch 63/100: kd=0.2891, reg=0.000005, test_acc=53.19%
[first] seed=9 epoch 64/100: kd=0.2764, reg=0.000004, test_acc=54.46%
[first] seed=9 epoch 65/100: kd=0.2655, reg=0.000004, test_acc=54.32%
[first] seed=9 epoch 66/100: kd=0.2610, reg=0.000003, test_acc=53.98%
[first] seed=9 epoch 67/100: kd=0.2695, reg=0.000002, test_acc=54.54%
[first] seed=9 epoch 68/100: kd=0.2547, reg=0.000003, test_acc=54.77%
[first] seed=9 epoch 69/100: kd=0.2481, reg=0.000001, test_acc=54.08%
[first] seed=9 epoch 70/100: kd=0.2639, reg=0.000001, test_acc=54.07%
[first] seed=9 epoch 71/100: kd=0.2517, reg=0.000001, test_acc=54.76%
[first] seed=9 epoch 72/100: kd=0.2474, reg=0.000002, test_acc=54.44%
[first] seed=9 epoch 73/100: kd=0.2573, reg=0.000002, test_acc=54.33%
[first] seed=9 epoch 74/100: kd=0.2885, reg=0.000002, test_acc=54.23%
[first] seed=9 epoch 75/100: kd=0.2478, reg=0.000001, test_acc=54.60%
[first] seed=9 epoch 76/100: kd=0.2081, reg=0.000001, test_acc=54.61%
[first] seed=9 epoch 77/100: kd=0.2309, reg=0.000001, test_acc=54.43%
[first] seed=9 epoch 78/100: kd=0.2169, reg=0.000001, test_acc=54.55%
[first] seed=9 epoch 79/100: kd=0.2057, reg=0.000001, test_acc=54.55%
[first] seed=9 epoch 80/100: kd=0.2231, reg=0.000001, test_acc=54.47%
[first] seed=9 epoch 81/100: kd=0.2154, reg=0.000001, test_acc=54.63%
[first] seed=9 epoch 82/100: kd=0.2146, reg=0.000001, test_acc=54.77%
[first] seed=9 epoch 83/100: kd=0.1859, reg=0.000001, test_acc=54.64%
[first] seed=9 epoch 84/100: kd=0.1912, reg=0.000001, test_acc=54.64%
[first] seed=9 epoch 85/100: kd=0.2101, reg=0.000001, test_acc=54.63%
[first] seed=9 epoch 86/100: kd=0.1974, reg=0.000001, test_acc=54.57%
[first] seed=9 epoch 87/100: kd=0.1986, reg=0.000001, test_acc=54.83%
[first] seed=9 epoch 88/100: kd=0.1983, reg=0.000001, test_acc=54.51%
[first] seed=9 epoch 89/100: kd=0.2157, reg=0.000001, test_acc=54.76%
[first] seed=9 epoch 90/100: kd=0.2084, reg=0.000000, test_acc=54.64%
[first] seed=9 epoch 91/100: kd=0.1956, reg=0.000000, test_acc=54.74%
[first] seed=9 epoch 92/100: kd=0.2029, reg=0.000000, test_acc=54.72%
[first] seed=9 epoch 93/100: kd=0.1834, reg=0.000000, test_acc=54.61%
[first] seed=9 epoch 94/100: kd=0.1638, reg=0.000000, test_acc=54.75%
[first] seed=9 epoch 95/100: kd=0.1935, reg=0.000000, test_acc=54.70%
[first] seed=9 epoch 96/100: kd=0.1911, reg=0.000000, test_acc=54.72%
[first] seed=9 epoch 97/100: kd=0.1802, reg=0.000000, test_acc=54.74%
[first] seed=9 epoch 98/100: kd=0.1792, reg=0.000000, test_acc=54.65%
[first] seed=9 epoch 99/100: kd=0.1774, reg=0.000000, test_acc=54.59%
[first] seed=9 epoch 100/100: kd=0.1891, reg=0.000000, test_acc=54.64%
[colnorm] seed=0 epoch 01/100: kd=9.5175, reg=0.000107, test_acc=10.08%
[colnorm] seed=0 epoch 02/100: kd=7.6387, reg=0.000787, test_acc=12.94%
[colnorm] seed=0 epoch 03/100: kd=7.1363, reg=0.001378, test_acc=20.86%
[colnorm] seed=0 epoch 04/100: kd=6.3646, reg=0.001658, test_acc=21.98%
[colnorm] seed=0 epoch 05/100: kd=5.9875, reg=0.001886, test_acc=28.38%
[colnorm] seed=0 epoch 06/100: kd=5.6475, reg=0.002108, test_acc=28.27%
[colnorm] seed=0 epoch 07/100: kd=5.3823, reg=0.002311, test_acc=32.84%
[colnorm] seed=0 epoch 08/100: kd=5.1651, reg=0.002490, test_acc=32.09%
[colnorm] seed=0 epoch 09/100: kd=4.8974, reg=0.002675, test_acc=36.27%
[colnorm] seed=0 epoch 10/100: kd=4.5567, reg=0.002862, test_acc=35.10%
[colnorm] seed=0 epoch 11/100: kd=4.3174, reg=0.003075, test_acc=38.10%
[colnorm] seed=0 epoch 12/100: kd=3.9850, reg=0.003343, test_acc=40.58%
[colnorm] seed=0 epoch 13/100: kd=3.8549, reg=0.003570, test_acc=35.26%
[colnorm] seed=0 epoch 14/100: kd=3.6974, reg=0.003818, test_acc=41.33%
[colnorm] seed=0 epoch 15/100: kd=3.4976, reg=0.004045, test_acc=42.01%
[colnorm] seed=0 epoch 16/100: kd=3.2903, reg=0.004254, test_acc=39.03%
[colnorm] seed=0 epoch 17/100: kd=3.2303, reg=0.004462, test_acc=40.40%
[colnorm] seed=0 epoch 18/100: kd=3.0925, reg=0.004780, test_acc=42.08%
[colnorm] seed=0 epoch 19/100: kd=2.8589, reg=0.005069, test_acc=44.43%
[colnorm] seed=0 epoch 20/100: kd=2.6197, reg=0.005286, test_acc=45.73%
[colnorm] seed=0 epoch 21/100: kd=2.4922, reg=0.005428, test_acc=43.93%
[colnorm] seed=0 epoch 22/100: kd=2.3427, reg=0.005562, test_acc=42.84%
[colnorm] seed=0 epoch 23/100: kd=2.1396, reg=0.005702, test_acc=46.12%
[colnorm] seed=0 epoch 24/100: kd=1.9318, reg=0.005801, test_acc=46.69%
[colnorm] seed=0 epoch 25/100: kd=1.8358, reg=0.005873, test_acc=49.91%
[colnorm] seed=0 epoch 26/100: kd=1.6981, reg=0.005918, test_acc=49.97%
[colnorm] seed=0 epoch 27/100: kd=1.5482, reg=0.005937, test_acc=48.29%
[colnorm] seed=0 epoch 28/100: kd=1.4214, reg=0.005946, test_acc=47.73%
[colnorm] seed=0 epoch 29/100: kd=1.2816, reg=0.005921, test_acc=46.88%
[colnorm] seed=0 epoch 30/100: kd=1.2656, reg=0.005866, test_acc=51.24%
[colnorm] seed=0 epoch 31/100: kd=1.1930, reg=0.005835, test_acc=49.62%
[colnorm] seed=0 epoch 32/100: kd=1.1197, reg=0.005813, test_acc=49.61%
[colnorm] seed=0 epoch 33/100: kd=1.0073, reg=0.005783, test_acc=51.15%
[colnorm] seed=0 epoch 34/100: kd=0.9260, reg=0.005726, test_acc=52.10%
[colnorm] seed=0 epoch 35/100: kd=0.9380, reg=0.005674, test_acc=51.63%
[colnorm] seed=0 epoch 36/100: kd=0.8038, reg=0.005621, test_acc=51.87%
[colnorm] seed=0 epoch 37/100: kd=0.7181, reg=0.005555, test_acc=54.00%
[colnorm] seed=0 epoch 38/100: kd=0.6618, reg=0.005473, test_acc=54.80%
[colnorm] seed=0 epoch 39/100: kd=0.6549, reg=0.005380, test_acc=54.58%
[colnorm] seed=0 epoch 40/100: kd=0.6147, reg=0.005291, test_acc=53.48%
[colnorm] seed=0 epoch 41/100: kd=0.5978, reg=0.005207, test_acc=52.34%
[colnorm] seed=0 epoch 42/100: kd=0.6031, reg=0.005130, test_acc=55.20%
[colnorm] seed=0 epoch 43/100: kd=0.5380, reg=0.005065, test_acc=54.57%
[colnorm] seed=0 epoch 44/100: kd=0.5606, reg=0.004993, test_acc=53.58%
[colnorm] seed=0 epoch 45/100: kd=0.4985, reg=0.004915, test_acc=53.51%
[colnorm] seed=0 epoch 46/100: kd=0.4576, reg=0.004845, test_acc=55.63%
[colnorm] seed=0 epoch 47/100: kd=0.4378, reg=0.004771, test_acc=54.77%
[colnorm] seed=0 epoch 48/100: kd=0.4397, reg=0.004702, test_acc=54.35%
[colnorm] seed=0 epoch 49/100: kd=0.3994, reg=0.004635, test_acc=55.26%
[colnorm] seed=0 epoch 50/100: kd=0.4336, reg=0.004572, test_acc=54.71%
[colnorm] seed=0 epoch 51/100: kd=0.4222, reg=0.004512, test_acc=55.33%
[colnorm] seed=0 epoch 52/100: kd=0.4103, reg=0.004453, test_acc=54.77%
[colnorm] seed=0 epoch 53/100: kd=0.3464, reg=0.004395, test_acc=55.53%
[colnorm] seed=0 epoch 54/100: kd=0.3225, reg=0.004341, test_acc=56.14%
[colnorm] seed=0 epoch 55/100: kd=0.2820, reg=0.004289, test_acc=56.04%
[colnorm] seed=0 epoch 56/100: kd=0.2967, reg=0.004236, test_acc=56.65%
[colnorm] seed=0 epoch 57/100: kd=0.2922, reg=0.004187, test_acc=55.37%
[colnorm] seed=0 epoch 58/100: kd=0.2687, reg=0.004138, test_acc=54.20%
[colnorm] seed=0 epoch 59/100: kd=0.2868, reg=0.004094, test_acc=55.93%
[colnorm] seed=0 epoch 60/100: kd=0.2720, reg=0.004052, test_acc=56.16%
[colnorm] seed=0 epoch 61/100: kd=0.2939, reg=0.004012, test_acc=56.46%
[colnorm] seed=0 epoch 62/100: kd=0.3058, reg=0.003974, test_acc=56.41%
[colnorm] seed=0 epoch 63/100: kd=0.2740, reg=0.003939, test_acc=56.20%
[colnorm] seed=0 epoch 64/100: kd=0.2589, reg=0.003905, test_acc=56.69%
[colnorm] seed=0 epoch 65/100: kd=0.2710, reg=0.003875, test_acc=56.55%
[colnorm] seed=0 epoch 66/100: kd=0.2504, reg=0.003844, test_acc=56.22%
[colnorm] seed=0 epoch 67/100: kd=0.2620, reg=0.003816, test_acc=55.69%
[colnorm] seed=0 epoch 68/100: kd=0.2347, reg=0.003789, test_acc=56.52%
[colnorm] seed=0 epoch 69/100: kd=0.2198, reg=0.003763, test_acc=54.62%
[colnorm] seed=0 epoch 70/100: kd=0.2483, reg=0.003740, test_acc=56.18%
[colnorm] seed=0 epoch 71/100: kd=0.2119, reg=0.003718, test_acc=56.37%
[colnorm] seed=0 epoch 72/100: kd=0.2053, reg=0.003697, test_acc=56.23%
[colnorm] seed=0 epoch 73/100: kd=0.2324, reg=0.003677, test_acc=55.42%
[colnorm] seed=0 epoch 74/100: kd=0.2145, reg=0.003659, test_acc=56.76%
[colnorm] seed=0 epoch 75/100: kd=0.1833, reg=0.003642, test_acc=56.43%
[colnorm] seed=0 epoch 76/100: kd=0.1921, reg=0.003626, test_acc=56.39%
[colnorm] seed=0 epoch 77/100: kd=0.2097, reg=0.003611, test_acc=56.26%
[colnorm] seed=0 epoch 78/100: kd=0.1964, reg=0.003598, test_acc=56.46%
[colnorm] seed=0 epoch 79/100: kd=0.1949, reg=0.003585, test_acc=56.47%
[colnorm] seed=0 epoch 80/100: kd=0.1969, reg=0.003574, test_acc=56.91%
[colnorm] seed=0 epoch 81/100: kd=0.1881, reg=0.003563, test_acc=56.74%
[colnorm] seed=0 epoch 82/100: kd=0.1770, reg=0.003554, test_acc=56.41%
[colnorm] seed=0 epoch 83/100: kd=0.1790, reg=0.003545, test_acc=56.44%
[colnorm] seed=0 epoch 84/100: kd=0.1846, reg=0.003538, test_acc=56.46%
[colnorm] seed=0 epoch 85/100: kd=0.1600, reg=0.003531, test_acc=56.66%
[colnorm] seed=0 epoch 86/100: kd=0.1849, reg=0.003525, test_acc=56.47%
[colnorm] seed=0 epoch 87/100: kd=0.1552, reg=0.003519, test_acc=56.56%
[colnorm] seed=0 epoch 88/100: kd=0.1594, reg=0.003515, test_acc=56.62%
[colnorm] seed=0 epoch 89/100: kd=0.1528, reg=0.003511, test_acc=56.69%
[colnorm] seed=0 epoch 90/100: kd=0.1542, reg=0.003508, test_acc=56.52%
[colnorm] seed=0 epoch 91/100: kd=0.1679, reg=0.003505, test_acc=56.57%
[colnorm] seed=0 epoch 92/100: kd=0.1685, reg=0.003502, test_acc=56.36%
[colnorm] seed=0 epoch 93/100: kd=0.1867, reg=0.003501, test_acc=56.72%
[colnorm] seed=0 epoch 94/100: kd=0.1702, reg=0.003499, test_acc=56.48%
[colnorm] seed=0 epoch 95/100: kd=0.1584, reg=0.003498, test_acc=56.65%
[colnorm] seed=0 epoch 96/100: kd=0.1560, reg=0.003497, test_acc=56.56%
[colnorm] seed=0 epoch 97/100: kd=0.1780, reg=0.003497, test_acc=56.55%
[colnorm] seed=0 epoch 98/100: kd=0.1538, reg=0.003496, test_acc=56.60%
[colnorm] seed=0 epoch 99/100: kd=0.1643, reg=0.003496, test_acc=56.53%
[colnorm] seed=0 epoch 100/100: kd=0.1663, reg=0.003496, test_acc=56.55%
[colnorm] seed=1 epoch 01/100: kd=9.1212, reg=0.000113, test_acc=10.01%
[colnorm] seed=1 epoch 02/100: kd=7.4018, reg=0.000973, test_acc=10.01%
[colnorm] seed=1 epoch 03/100: kd=6.6689, reg=0.001778, test_acc=22.74%
[colnorm] seed=1 epoch 04/100: kd=6.0322, reg=0.002104, test_acc=31.03%
[colnorm] seed=1 epoch 05/100: kd=5.8684, reg=0.002221, test_acc=28.29%
[colnorm] seed=1 epoch 06/100: kd=5.6628, reg=0.002417, test_acc=31.09%
[colnorm] seed=1 epoch 07/100: kd=5.5198, reg=0.002613, test_acc=28.15%
[colnorm] seed=1 epoch 08/100: kd=5.6039, reg=0.002831, test_acc=29.79%
[colnorm] seed=1 epoch 09/100: kd=5.1955, reg=0.003126, test_acc=34.98%
[colnorm] seed=1 epoch 10/100: kd=4.7102, reg=0.003293, test_acc=37.36%
[colnorm] seed=1 epoch 11/100: kd=4.5782, reg=0.003355, test_acc=35.24%
[colnorm] seed=1 epoch 12/100: kd=4.3438, reg=0.003422, test_acc=36.16%
[colnorm] seed=1 epoch 13/100: kd=3.9171, reg=0.003496, test_acc=40.26%
[colnorm] seed=1 epoch 14/100: kd=3.7641, reg=0.003561, test_acc=41.26%
[colnorm] seed=1 epoch 15/100: kd=3.4909, reg=0.003651, test_acc=36.75%
[colnorm] seed=1 epoch 16/100: kd=3.6644, reg=0.003799, test_acc=41.58%
[colnorm] seed=1 epoch 17/100: kd=3.1433, reg=0.003959, test_acc=39.47%
[colnorm] seed=1 epoch 18/100: kd=2.9262, reg=0.004080, test_acc=43.06%
[colnorm] seed=1 epoch 19/100: kd=2.6549, reg=0.004189, test_acc=43.71%
[colnorm] seed=1 epoch 20/100: kd=2.3839, reg=0.004309, test_acc=46.89%
[colnorm] seed=1 epoch 21/100: kd=2.2871, reg=0.004391, test_acc=42.63%
[colnorm] seed=1 epoch 22/100: kd=2.4433, reg=0.004486, test_acc=42.54%
[colnorm] seed=1 epoch 23/100: kd=2.2509, reg=0.004650, test_acc=46.60%
[colnorm] seed=1 epoch 24/100: kd=1.8414, reg=0.004809, test_acc=49.15%
[colnorm] seed=1 epoch 25/100: kd=1.5939, reg=0.004888, test_acc=44.87%
[colnorm] seed=1 epoch 26/100: kd=1.4305, reg=0.004881, test_acc=48.82%
[colnorm] seed=1 epoch 27/100: kd=1.3326, reg=0.004844, test_acc=48.25%
[colnorm] seed=1 epoch 28/100: kd=1.3579, reg=0.004817, test_acc=45.91%
[colnorm] seed=1 epoch 29/100: kd=1.2382, reg=0.004810, test_acc=48.17%
[colnorm] seed=1 epoch 30/100: kd=1.0995, reg=0.004781, test_acc=50.65%
[colnorm] seed=1 epoch 31/100: kd=1.0349, reg=0.004733, test_acc=49.88%
[colnorm] seed=1 epoch 32/100: kd=0.8977, reg=0.004686, test_acc=49.79%
[colnorm] seed=1 epoch 33/100: kd=0.8328, reg=0.004633, test_acc=49.37%
[colnorm] seed=1 epoch 34/100: kd=0.8049, reg=0.004575, test_acc=50.63%
[colnorm] seed=1 epoch 35/100: kd=0.7083, reg=0.004519, test_acc=51.89%
[colnorm] seed=1 epoch 36/100: kd=0.6753, reg=0.004454, test_acc=51.48%
[colnorm] seed=1 epoch 37/100: kd=0.6397, reg=0.004381, test_acc=51.23%
[colnorm] seed=1 epoch 38/100: kd=0.5925, reg=0.004312, test_acc=53.80%
[colnorm] seed=1 epoch 39/100: kd=0.6558, reg=0.004248, test_acc=51.81%
[colnorm] seed=1 epoch 40/100: kd=0.5534, reg=0.004193, test_acc=52.42%
[colnorm] seed=1 epoch 41/100: kd=0.4941, reg=0.004139, test_acc=53.43%
[colnorm] seed=1 epoch 42/100: kd=0.5280, reg=0.004076, test_acc=52.38%
[colnorm] seed=1 epoch 43/100: kd=0.4917, reg=0.004016, test_acc=51.70%
[colnorm] seed=1 epoch 44/100: kd=0.4793, reg=0.003959, test_acc=53.17%
[colnorm] seed=1 epoch 45/100: kd=0.4785, reg=0.003904, test_acc=52.29%
[colnorm] seed=1 epoch 46/100: kd=0.4306, reg=0.003856, test_acc=53.76%
[colnorm] seed=1 epoch 47/100: kd=0.3820, reg=0.003804, test_acc=53.22%
[colnorm] seed=1 epoch 48/100: kd=0.4208, reg=0.003753, test_acc=53.38%
[colnorm] seed=1 epoch 49/100: kd=0.3988, reg=0.003707, test_acc=53.31%
[colnorm] seed=1 epoch 50/100: kd=0.3732, reg=0.003662, test_acc=53.52%
[colnorm] seed=1 epoch 51/100: kd=0.3383, reg=0.003618, test_acc=54.26%
[colnorm] seed=1 epoch 52/100: kd=0.3693, reg=0.003576, test_acc=54.11%
[colnorm] seed=1 epoch 53/100: kd=0.3209, reg=0.003536, test_acc=52.89%
[colnorm] seed=1 epoch 54/100: kd=0.2896, reg=0.003496, test_acc=54.37%
[colnorm] seed=1 epoch 55/100: kd=0.2703, reg=0.003456, test_acc=54.40%
[colnorm] seed=1 epoch 56/100: kd=0.3209, reg=0.003418, test_acc=54.46%
[colnorm] seed=1 epoch 57/100: kd=0.3064, reg=0.003381, test_acc=54.03%
[colnorm] seed=1 epoch 58/100: kd=0.2428, reg=0.003346, test_acc=54.37%
[colnorm] seed=1 epoch 59/100: kd=0.2325, reg=0.003314, test_acc=54.87%
[colnorm] seed=1 epoch 60/100: kd=0.2615, reg=0.003281, test_acc=53.77%
[colnorm] seed=1 epoch 61/100: kd=0.2967, reg=0.003252, test_acc=54.25%
[colnorm] seed=1 epoch 62/100: kd=0.2588, reg=0.003225, test_acc=54.62%
[colnorm] seed=1 epoch 63/100: kd=0.2466, reg=0.003199, test_acc=53.93%
[colnorm] seed=1 epoch 64/100: kd=0.2623, reg=0.003174, test_acc=54.10%
[colnorm] seed=1 epoch 65/100: kd=0.2078, reg=0.003150, test_acc=54.20%
[colnorm] seed=1 epoch 66/100: kd=0.2265, reg=0.003127, test_acc=54.40%
[colnorm] seed=1 epoch 67/100: kd=0.2024, reg=0.003105, test_acc=54.82%
[colnorm] seed=1 epoch 68/100: kd=0.1789, reg=0.003084, test_acc=54.89%
[colnorm] seed=1 epoch 69/100: kd=0.1843, reg=0.003065, test_acc=54.44%
[colnorm] seed=1 epoch 70/100: kd=0.2125, reg=0.003046, test_acc=54.61%
[colnorm] seed=1 epoch 71/100: kd=0.2035, reg=0.003029, test_acc=55.02%
[colnorm] seed=1 epoch 72/100: kd=0.2097, reg=0.003012, test_acc=54.89%
[colnorm] seed=1 epoch 73/100: kd=0.1742, reg=0.002998, test_acc=54.98%
[colnorm] seed=1 epoch 74/100: kd=0.1866, reg=0.002984, test_acc=55.01%
[colnorm] seed=1 epoch 75/100: kd=0.1606, reg=0.002970, test_acc=54.90%
[colnorm] seed=1 epoch 76/100: kd=0.1670, reg=0.002958, test_acc=54.70%
[colnorm] seed=1 epoch 77/100: kd=0.1513, reg=0.002947, test_acc=54.89%
[colnorm] seed=1 epoch 78/100: kd=0.1602, reg=0.002936, test_acc=54.68%
[colnorm] seed=1 epoch 79/100: kd=0.1663, reg=0.002927, test_acc=55.13%
[colnorm] seed=1 epoch 80/100: kd=0.1605, reg=0.002918, test_acc=54.70%
[colnorm] seed=1 epoch 81/100: kd=0.1649, reg=0.002910, test_acc=54.87%
[colnorm] seed=1 epoch 82/100: kd=0.1512, reg=0.002902, test_acc=55.08%
[colnorm] seed=1 epoch 83/100: kd=0.1636, reg=0.002896, test_acc=55.17%
[colnorm] seed=1 epoch 84/100: kd=0.1507, reg=0.002890, test_acc=54.90%
[colnorm] seed=1 epoch 85/100: kd=0.1627, reg=0.002885, test_acc=55.05%
[colnorm] seed=1 epoch 86/100: kd=0.1367, reg=0.002880, test_acc=54.73%
[colnorm] seed=1 epoch 87/100: kd=0.1465, reg=0.002876, test_acc=54.89%
[colnorm] seed=1 epoch 88/100: kd=0.1535, reg=0.002872, test_acc=55.11%
[colnorm] seed=1 epoch 89/100: kd=0.1467, reg=0.002869, test_acc=54.84%
[colnorm] seed=1 epoch 90/100: kd=0.1367, reg=0.002867, test_acc=55.04%
[colnorm] seed=1 epoch 91/100: kd=0.1670, reg=0.002865, test_acc=54.96%
[colnorm] seed=1 epoch 92/100: kd=0.1345, reg=0.002863, test_acc=55.01%
[colnorm] seed=1 epoch 93/100: kd=0.1548, reg=0.002861, test_acc=55.01%
[colnorm] seed=1 epoch 94/100: kd=0.1430, reg=0.002860, test_acc=54.89%
[colnorm] seed=1 epoch 95/100: kd=0.1394, reg=0.002859, test_acc=54.90%
[colnorm] seed=1 epoch 96/100: kd=0.1303, reg=0.002859, test_acc=54.98%
[colnorm] seed=1 epoch 97/100: kd=0.1375, reg=0.002858, test_acc=54.98%
[colnorm] seed=1 epoch 98/100: kd=0.1477, reg=0.002858, test_acc=54.80%
[colnorm] seed=1 epoch 99/100: kd=0.1556, reg=0.002858, test_acc=54.89%
[colnorm] seed=1 epoch 100/100: kd=0.1507, reg=0.002858, test_acc=54.97%
[colnorm] seed=2 epoch 01/100: kd=9.2650, reg=0.000235, test_acc=10.00%
[colnorm] seed=2 epoch 02/100: kd=7.6584, reg=0.001610, test_acc=10.78%
[colnorm] seed=2 epoch 03/100: kd=6.5453, reg=0.002587, test_acc=17.01%
[colnorm] seed=2 epoch 04/100: kd=6.2293, reg=0.002951, test_acc=29.27%
[colnorm] seed=2 epoch 05/100: kd=6.2851, reg=0.003222, test_acc=32.41%
[colnorm] seed=2 epoch 06/100: kd=5.5581, reg=0.003452, test_acc=30.23%
[colnorm] seed=2 epoch 07/100: kd=5.0777, reg=0.003611, test_acc=31.12%
[colnorm] seed=2 epoch 08/100: kd=4.8645, reg=0.003745, test_acc=37.09%
[colnorm] seed=2 epoch 09/100: kd=4.7226, reg=0.003895, test_acc=38.88%
[colnorm] seed=2 epoch 10/100: kd=4.4921, reg=0.004087, test_acc=33.86%
[colnorm] seed=2 epoch 11/100: kd=4.0987, reg=0.004320, test_acc=38.20%
[colnorm] seed=2 epoch 12/100: kd=3.7978, reg=0.004465, test_acc=39.52%
[colnorm] seed=2 epoch 13/100: kd=3.5875, reg=0.004583, test_acc=35.52%
[colnorm] seed=2 epoch 14/100: kd=3.4127, reg=0.004703, test_acc=42.25%
[colnorm] seed=2 epoch 15/100: kd=3.0269, reg=0.004813, test_acc=42.60%
[colnorm] seed=2 epoch 16/100: kd=2.9087, reg=0.004885, test_acc=41.42%
[colnorm] seed=2 epoch 17/100: kd=2.6341, reg=0.004970, test_acc=44.06%
[colnorm] seed=2 epoch 18/100: kd=2.4690, reg=0.005058, test_acc=44.40%
[colnorm] seed=2 epoch 19/100: kd=2.0382, reg=0.005154, test_acc=46.95%
[colnorm] seed=2 epoch 20/100: kd=1.9532, reg=0.005214, test_acc=47.28%
[colnorm] seed=2 epoch 21/100: kd=1.7708, reg=0.005259, test_acc=48.81%
[colnorm] seed=2 epoch 22/100: kd=1.8527, reg=0.005318, test_acc=50.21%
[colnorm] seed=2 epoch 23/100: kd=1.7796, reg=0.005384, test_acc=44.49%
[colnorm] seed=2 epoch 24/100: kd=1.6018, reg=0.005461, test_acc=49.77%
[colnorm] seed=2 epoch 25/100: kd=1.4815, reg=0.005513, test_acc=49.06%
[colnorm] seed=2 epoch 26/100: kd=1.2536, reg=0.005531, test_acc=53.08%
[colnorm] seed=2 epoch 27/100: kd=1.2031, reg=0.005506, test_acc=51.86%
[colnorm] seed=2 epoch 28/100: kd=1.0719, reg=0.005459, test_acc=53.01%
[colnorm] seed=2 epoch 29/100: kd=0.9319, reg=0.005409, test_acc=52.67%
[colnorm] seed=2 epoch 30/100: kd=0.8180, reg=0.005346, test_acc=53.21%
[colnorm] seed=2 epoch 31/100: kd=0.7917, reg=0.005274, test_acc=51.84%
[colnorm] seed=2 epoch 32/100: kd=0.7505, reg=0.005212, test_acc=53.21%
[colnorm] seed=2 epoch 33/100: kd=0.6804, reg=0.005161, test_acc=54.98%
[colnorm] seed=2 epoch 34/100: kd=0.6317, reg=0.005096, test_acc=55.01%
[colnorm] seed=2 epoch 35/100: kd=0.6109, reg=0.005031, test_acc=53.98%
[colnorm] seed=2 epoch 36/100: kd=0.6007, reg=0.004967, test_acc=55.52%
[colnorm] seed=2 epoch 37/100: kd=0.5678, reg=0.004896, test_acc=54.80%
[colnorm] seed=2 epoch 38/100: kd=0.5045, reg=0.004830, test_acc=55.41%
[colnorm] seed=2 epoch 39/100: kd=0.4773, reg=0.004770, test_acc=55.85%
[colnorm] seed=2 epoch 40/100: kd=0.5413, reg=0.004710, test_acc=51.12%
[colnorm] seed=2 epoch 41/100: kd=0.4930, reg=0.004655, test_acc=55.70%
[colnorm] seed=2 epoch 42/100: kd=0.4633, reg=0.004598, test_acc=55.40%
[colnorm] seed=2 epoch 43/100: kd=0.4388, reg=0.004542, test_acc=55.36%
[colnorm] seed=2 epoch 44/100: kd=0.4300, reg=0.004488, test_acc=54.67%
[colnorm] seed=2 epoch 45/100: kd=0.4327, reg=0.004432, test_acc=55.92%
[colnorm] seed=2 epoch 46/100: kd=0.4311, reg=0.004382, test_acc=56.84%
[colnorm] seed=2 epoch 47/100: kd=0.3664, reg=0.004334, test_acc=56.85%
[colnorm] seed=2 epoch 48/100: kd=0.3707, reg=0.004286, test_acc=55.82%
[colnorm] seed=2 epoch 49/100: kd=0.3562, reg=0.004238, test_acc=56.85%
[colnorm] seed=2 epoch 50/100: kd=0.3591, reg=0.004192, test_acc=56.86%
[colnorm] seed=2 epoch 51/100: kd=0.3190, reg=0.004148, test_acc=56.79%
[colnorm] seed=2 epoch 52/100: kd=0.3000, reg=0.004103, test_acc=57.40%
[colnorm] seed=2 epoch 53/100: kd=0.3097, reg=0.004061, test_acc=56.72%
[colnorm] seed=2 epoch 54/100: kd=0.3288, reg=0.004020, test_acc=57.39%
[colnorm] seed=2 epoch 55/100: kd=0.2664, reg=0.003980, test_acc=56.71%
[colnorm] seed=2 epoch 56/100: kd=0.2732, reg=0.003941, test_acc=56.73%
[colnorm] seed=2 epoch 57/100: kd=0.2539, reg=0.003905, test_acc=56.01%
[colnorm] seed=2 epoch 58/100: kd=0.2619, reg=0.003869, test_acc=56.76%
[colnorm] seed=2 epoch 59/100: kd=0.2418, reg=0.003836, test_acc=57.25%
[colnorm] seed=2 epoch 60/100: kd=0.2225, reg=0.003803, test_acc=57.26%
[colnorm] seed=2 epoch 61/100: kd=0.2587, reg=0.003772, test_acc=57.33%
[colnorm] seed=2 epoch 62/100: kd=0.2445, reg=0.003743, test_acc=57.17%
[colnorm] seed=2 epoch 63/100: kd=0.2629, reg=0.003716, test_acc=57.44%
[colnorm] seed=2 epoch 64/100: kd=0.2336, reg=0.003690, test_acc=57.17%
[colnorm] seed=2 epoch 65/100: kd=0.2434, reg=0.003666, test_acc=57.26%
[colnorm] seed=2 epoch 66/100: kd=0.2187, reg=0.003643, test_acc=57.94%
[colnorm] seed=2 epoch 67/100: kd=0.2282, reg=0.003621, test_acc=57.80%
[colnorm] seed=2 epoch 68/100: kd=0.1971, reg=0.003599, test_acc=57.67%
[colnorm] seed=2 epoch 69/100: kd=0.2137, reg=0.003579, test_acc=57.55%
[colnorm] seed=2 epoch 70/100: kd=0.1989, reg=0.003559, test_acc=58.05%
[colnorm] seed=2 epoch 71/100: kd=0.1898, reg=0.003541, test_acc=57.87%
[colnorm] seed=2 epoch 72/100: kd=0.1957, reg=0.003524, test_acc=57.66%
[colnorm] seed=2 epoch 73/100: kd=0.1938, reg=0.003508, test_acc=57.71%
[colnorm] seed=2 epoch 74/100: kd=0.1845, reg=0.003493, test_acc=57.98%
[colnorm] seed=2 epoch 75/100: kd=0.1726, reg=0.003479, test_acc=57.78%
[colnorm] seed=2 epoch 76/100: kd=0.1913, reg=0.003467, test_acc=57.74%
[colnorm] seed=2 epoch 77/100: kd=0.1712, reg=0.003455, test_acc=57.96%
[colnorm] seed=2 epoch 78/100: kd=0.1638, reg=0.003444, test_acc=57.79%
[colnorm] seed=2 epoch 79/100: kd=0.1583, reg=0.003433, test_acc=57.95%
[colnorm] seed=2 epoch 80/100: kd=0.2088, reg=0.003424, test_acc=57.96%
[colnorm] seed=2 epoch 81/100: kd=0.1726, reg=0.003416, test_acc=57.71%
[colnorm] seed=2 epoch 82/100: kd=0.1807, reg=0.003408, test_acc=58.08%
[colnorm] seed=2 epoch 83/100: kd=0.1678, reg=0.003401, test_acc=57.99%
[colnorm] seed=2 epoch 84/100: kd=0.1457, reg=0.003395, test_acc=57.96%
[colnorm] seed=2 epoch 85/100: kd=0.1476, reg=0.003389, test_acc=57.99%
[colnorm] seed=2 epoch 86/100: kd=0.1714, reg=0.003385, test_acc=58.03%
[colnorm] seed=2 epoch 87/100: kd=0.1559, reg=0.003380, test_acc=57.93%
[colnorm] seed=2 epoch 88/100: kd=0.1479, reg=0.003376, test_acc=58.17%
[colnorm] seed=2 epoch 89/100: kd=0.1442, reg=0.003373, test_acc=57.84%
[colnorm] seed=2 epoch 90/100: kd=0.1639, reg=0.003371, test_acc=58.13%
[colnorm] seed=2 epoch 91/100: kd=0.1320, reg=0.003368, test_acc=58.00%
[colnorm] seed=2 epoch 92/100: kd=0.1585, reg=0.003366, test_acc=57.93%
[colnorm] seed=2 epoch 93/100: kd=0.1551, reg=0.003365, test_acc=58.05%
[colnorm] seed=2 epoch 94/100: kd=0.1431, reg=0.003364, test_acc=58.14%
[colnorm] seed=2 epoch 95/100: kd=0.1519, reg=0.003363, test_acc=58.13%
[colnorm] seed=2 epoch 96/100: kd=0.1435, reg=0.003362, test_acc=58.04%
[colnorm] seed=2 epoch 97/100: kd=0.1380, reg=0.003362, test_acc=58.08%
[colnorm] seed=2 epoch 98/100: kd=0.1394, reg=0.003361, test_acc=58.07%
[colnorm] seed=2 epoch 99/100: kd=0.1415, reg=0.003361, test_acc=58.10%
[colnorm] seed=2 epoch 100/100: kd=0.1387, reg=0.003361, test_acc=58.06%
[colnorm] seed=3 epoch 01/100: kd=8.8485, reg=0.000342, test_acc=10.23%
[colnorm] seed=3 epoch 02/100: kd=7.7101, reg=0.002485, test_acc=16.15%
[colnorm] seed=3 epoch 03/100: kd=6.4191, reg=0.003938, test_acc=20.16%
[colnorm] seed=3 epoch 04/100: kd=6.4583, reg=0.004472, test_acc=20.92%
[colnorm] seed=3 epoch 05/100: kd=6.3259, reg=0.004841, test_acc=27.71%
[colnorm] seed=3 epoch 06/100: kd=5.8538, reg=0.005061, test_acc=30.94%
[colnorm] seed=3 epoch 07/100: kd=5.3907, reg=0.005097, test_acc=28.61%
[colnorm] seed=3 epoch 08/100: kd=5.0906, reg=0.005105, test_acc=33.91%
[colnorm] seed=3 epoch 09/100: kd=4.9059, reg=0.005134, test_acc=25.76%
[colnorm] seed=3 epoch 10/100: kd=5.1135, reg=0.005399, test_acc=35.17%
[colnorm] seed=3 epoch 11/100: kd=4.6468, reg=0.005754, test_acc=33.84%
[colnorm] seed=3 epoch 12/100: kd=4.3461, reg=0.006014, test_acc=36.16%
[colnorm] seed=3 epoch 13/100: kd=4.0587, reg=0.006126, test_acc=39.49%
[colnorm] seed=3 epoch 14/100: kd=3.8015, reg=0.006207, test_acc=40.45%
[colnorm] seed=3 epoch 15/100: kd=3.4429, reg=0.006244, test_acc=33.46%
[colnorm] seed=3 epoch 16/100: kd=3.3615, reg=0.006263, test_acc=36.29%
[colnorm] seed=3 epoch 17/100: kd=3.2047, reg=0.006338, test_acc=42.69%
[colnorm] seed=3 epoch 18/100: kd=3.0796, reg=0.006424, test_acc=41.99%
[colnorm] seed=3 epoch 19/100: kd=2.6517, reg=0.006517, test_acc=41.73%
[colnorm] seed=3 epoch 20/100: kd=2.6245, reg=0.006584, test_acc=42.62%
[colnorm] seed=3 epoch 21/100: kd=2.3334, reg=0.006657, test_acc=41.30%
[colnorm] seed=3 epoch 22/100: kd=2.1105, reg=0.006710, test_acc=46.30%
[colnorm] seed=3 epoch 23/100: kd=1.8745, reg=0.006722, test_acc=44.74%
[colnorm] seed=3 epoch 24/100: kd=1.8793, reg=0.006726, test_acc=43.02%
[colnorm] seed=3 epoch 25/100: kd=1.7269, reg=0.006755, test_acc=41.78%
[colnorm] seed=3 epoch 26/100: kd=1.5889, reg=0.006742, test_acc=48.25%
[colnorm] seed=3 epoch 27/100: kd=1.4482, reg=0.006736, test_acc=45.66%
[colnorm] seed=3 epoch 28/100: kd=1.2678, reg=0.006701, test_acc=49.12%
[colnorm] seed=3 epoch 29/100: kd=1.2271, reg=0.006629, test_acc=48.59%
[colnorm] seed=3 epoch 30/100: kd=1.1593, reg=0.006559, test_acc=49.24%
[colnorm] seed=3 epoch 31/100: kd=1.0598, reg=0.006509, test_acc=51.36%
[colnorm] seed=3 epoch 32/100: kd=1.0414, reg=0.006457, test_acc=47.61%
[colnorm] seed=3 epoch 33/100: kd=0.8572, reg=0.006403, test_acc=49.25%
[colnorm] seed=3 epoch 34/100: kd=0.8025, reg=0.006326, test_acc=51.04%
[colnorm] seed=3 epoch 35/100: kd=0.7303, reg=0.006237, test_acc=50.32%
[colnorm] seed=3 epoch 36/100: kd=0.6764, reg=0.006150, test_acc=52.76%
[colnorm] seed=3 epoch 37/100: kd=0.6426, reg=0.006061, test_acc=50.34%
[colnorm] seed=3 epoch 38/100: kd=0.6440, reg=0.005964, test_acc=49.83%
[colnorm] seed=3 epoch 39/100: kd=0.5631, reg=0.005875, test_acc=51.05%
[colnorm] seed=3 epoch 40/100: kd=0.5729, reg=0.005783, test_acc=51.03%
[colnorm] seed=3 epoch 41/100: kd=0.5556, reg=0.005699, test_acc=51.42%
[colnorm] seed=3 epoch 42/100: kd=0.5061, reg=0.005618, test_acc=50.72%
[colnorm] seed=3 epoch 43/100: kd=0.4993, reg=0.005540, test_acc=52.10%
[colnorm] seed=3 epoch 44/100: kd=0.4864, reg=0.005468, test_acc=52.02%
[colnorm] seed=3 epoch 45/100: kd=0.4609, reg=0.005394, test_acc=51.60%
[colnorm] seed=3 epoch 46/100: kd=0.4618, reg=0.005324, test_acc=50.36%
[colnorm] seed=3 epoch 47/100: kd=0.4365, reg=0.005258, test_acc=51.85%
[colnorm] seed=3 epoch 48/100: kd=0.3852, reg=0.005194, test_acc=51.84%
[colnorm] seed=3 epoch 49/100: kd=0.4095, reg=0.005131, test_acc=51.99%
[colnorm] seed=3 epoch 50/100: kd=0.3945, reg=0.005069, test_acc=50.87%
[colnorm] seed=3 epoch 51/100: kd=0.3815, reg=0.005016, test_acc=53.63%
[colnorm] seed=3 epoch 52/100: kd=0.3853, reg=0.004962, test_acc=51.84%
[colnorm] seed=3 epoch 53/100: kd=0.3631, reg=0.004906, test_acc=52.45%
[colnorm] seed=3 epoch 54/100: kd=0.3852, reg=0.004856, test_acc=51.10%
[colnorm] seed=3 epoch 55/100: kd=0.3149, reg=0.004807, test_acc=53.02%
[colnorm] seed=3 epoch 56/100: kd=0.3053, reg=0.004761, test_acc=53.06%
[colnorm] seed=3 epoch 57/100: kd=0.2717, reg=0.004713, test_acc=51.96%
[colnorm] seed=3 epoch 58/100: kd=0.2767, reg=0.004667, test_acc=53.21%
[colnorm] seed=3 epoch 59/100: kd=0.2792, reg=0.004623, test_acc=51.93%
[colnorm] seed=3 epoch 60/100: kd=0.2528, reg=0.004582, test_acc=52.95%
[colnorm] seed=3 epoch 61/100: kd=0.2558, reg=0.004544, test_acc=53.21%
[colnorm] seed=3 epoch 62/100: kd=0.2361, reg=0.004506, test_acc=52.37%
[colnorm] seed=3 epoch 63/100: kd=0.2635, reg=0.004469, test_acc=51.61%
[colnorm] seed=3 epoch 64/100: kd=0.2402, reg=0.004435, test_acc=53.28%
[colnorm] seed=3 epoch 65/100: kd=0.2374, reg=0.004402, test_acc=52.88%
[colnorm] seed=3 epoch 66/100: kd=0.2368, reg=0.004372, test_acc=53.67%
[colnorm] seed=3 epoch 67/100: kd=0.2028, reg=0.004343, test_acc=52.76%
[colnorm] seed=3 epoch 68/100: kd=0.2097, reg=0.004316, test_acc=53.49%
[colnorm] seed=3 epoch 69/100: kd=0.2260, reg=0.004290, test_acc=53.20%
[colnorm] seed=3 epoch 70/100: kd=0.1956, reg=0.004267, test_acc=52.45%
[colnorm] seed=3 epoch 71/100: kd=0.1956, reg=0.004244, test_acc=52.83%
[colnorm] seed=3 epoch 72/100: kd=0.1820, reg=0.004223, test_acc=52.93%
[colnorm] seed=3 epoch 73/100: kd=0.2195, reg=0.004203, test_acc=53.11%
[colnorm] seed=3 epoch 74/100: kd=0.2069, reg=0.004185, test_acc=52.80%
[colnorm] seed=3 epoch 75/100: kd=0.1900, reg=0.004168, test_acc=53.23%
[colnorm] seed=3 epoch 76/100: kd=0.1970, reg=0.004152, test_acc=53.10%
[colnorm] seed=3 epoch 77/100: kd=0.1589, reg=0.004137, test_acc=53.46%
[colnorm] seed=3 epoch 78/100: kd=0.1491, reg=0.004123, test_acc=53.67%
[colnorm] seed=3 epoch 79/100: kd=0.1712, reg=0.004111, test_acc=53.59%
[colnorm] seed=3 epoch 80/100: kd=0.1566, reg=0.004099, test_acc=53.65%
[colnorm] seed=3 epoch 81/100: kd=0.1753, reg=0.004089, test_acc=53.25%
[colnorm] seed=3 epoch 82/100: kd=0.1671, reg=0.004079, test_acc=53.26%
[colnorm] seed=3 epoch 83/100: kd=0.1530, reg=0.004070, test_acc=53.66%
[colnorm] seed=3 epoch 84/100: kd=0.1640, reg=0.004063, test_acc=53.44%
[colnorm] seed=3 epoch 85/100: kd=0.1645, reg=0.004056, test_acc=53.51%
[colnorm] seed=3 epoch 86/100: kd=0.1439, reg=0.004050, test_acc=53.30%
[colnorm] seed=3 epoch 87/100: kd=0.1606, reg=0.004044, test_acc=53.48%
[colnorm] seed=3 epoch 88/100: kd=0.1577, reg=0.004040, test_acc=53.41%
[colnorm] seed=3 epoch 89/100: kd=0.1435, reg=0.004036, test_acc=53.25%
[colnorm] seed=3 epoch 90/100: kd=0.1713, reg=0.004032, test_acc=53.56%
[colnorm] seed=3 epoch 91/100: kd=0.1651, reg=0.004030, test_acc=53.34%
[colnorm] seed=3 epoch 92/100: kd=0.1412, reg=0.004027, test_acc=53.40%
[colnorm] seed=3 epoch 93/100: kd=0.1389, reg=0.004025, test_acc=53.59%
[colnorm] seed=3 epoch 94/100: kd=0.1530, reg=0.004024, test_acc=53.49%
[colnorm] seed=3 epoch 95/100: kd=0.1559, reg=0.004023, test_acc=53.45%
[colnorm] seed=3 epoch 96/100: kd=0.1380, reg=0.004022, test_acc=53.60%
[colnorm] seed=3 epoch 97/100: kd=0.1627, reg=0.004021, test_acc=53.42%
[colnorm] seed=3 epoch 98/100: kd=0.1417, reg=0.004021, test_acc=53.47%
[colnorm] seed=3 epoch 99/100: kd=0.1378, reg=0.004021, test_acc=53.55%
[colnorm] seed=3 epoch 100/100: kd=0.1437, reg=0.004021, test_acc=53.55%
[colnorm] seed=4 epoch 01/100: kd=9.0993, reg=0.000246, test_acc=10.01%
[colnorm] seed=4 epoch 02/100: kd=7.8533, reg=0.001718, test_acc=11.34%
[colnorm] seed=4 epoch 03/100: kd=6.7693, reg=0.002716, test_acc=20.68%
[colnorm] seed=4 epoch 04/100: kd=6.2987, reg=0.002992, test_acc=24.84%
[colnorm] seed=4 epoch 05/100: kd=5.9805, reg=0.003134, test_acc=26.61%
[colnorm] seed=4 epoch 06/100: kd=5.6506, reg=0.003227, test_acc=31.70%
[colnorm] seed=4 epoch 07/100: kd=5.2779, reg=0.003295, test_acc=32.93%
[colnorm] seed=4 epoch 08/100: kd=5.2452, reg=0.003394, test_acc=32.19%
[colnorm] seed=4 epoch 09/100: kd=5.1451, reg=0.003624, test_acc=34.67%
[colnorm] seed=4 epoch 10/100: kd=4.6837, reg=0.003842, test_acc=36.30%
[colnorm] seed=4 epoch 11/100: kd=4.3795, reg=0.003968, test_acc=37.79%
[colnorm] seed=4 epoch 12/100: kd=4.1246, reg=0.004069, test_acc=35.60%
[colnorm] seed=4 epoch 13/100: kd=3.9719, reg=0.004247, test_acc=34.93%
[colnorm] seed=4 epoch 14/100: kd=3.5881, reg=0.004415, test_acc=33.61%
[colnorm] seed=4 epoch 15/100: kd=3.4574, reg=0.004561, test_acc=42.97%
[colnorm] seed=4 epoch 16/100: kd=3.0639, reg=0.004739, test_acc=38.83%
[colnorm] seed=4 epoch 17/100: kd=2.6391, reg=0.004878, test_acc=42.96%
[colnorm] seed=4 epoch 18/100: kd=2.4639, reg=0.004958, test_acc=41.73%
[colnorm] seed=4 epoch 19/100: kd=2.3760, reg=0.005085, test_acc=40.74%
[colnorm] seed=4 epoch 20/100: kd=2.1436, reg=0.005194, test_acc=43.35%
[colnorm] seed=4 epoch 21/100: kd=2.0312, reg=0.005278, test_acc=42.68%
[colnorm] seed=4 epoch 22/100: kd=1.8762, reg=0.005367, test_acc=48.62%
[colnorm] seed=4 epoch 23/100: kd=1.6431, reg=0.005444, test_acc=42.29%
[colnorm] seed=4 epoch 24/100: kd=1.3959, reg=0.005470, test_acc=45.04%
[colnorm] seed=4 epoch 25/100: kd=1.3414, reg=0.005464, test_acc=43.30%
[colnorm] seed=4 epoch 26/100: kd=1.2265, reg=0.005438, test_acc=46.03%
[colnorm] seed=4 epoch 27/100: kd=1.0902, reg=0.005419, test_acc=47.29%
[colnorm] seed=4 epoch 28/100: kd=1.0914, reg=0.005395, test_acc=49.31%
[colnorm] seed=4 epoch 29/100: kd=1.0536, reg=0.005360, test_acc=50.54%
[colnorm] seed=4 epoch 30/100: kd=0.9717, reg=0.005329, test_acc=49.70%
[colnorm] seed=4 epoch 31/100: kd=0.8229, reg=0.005305, test_acc=48.92%
[colnorm] seed=4 epoch 32/100: kd=0.7758, reg=0.005256, test_acc=49.60%
[colnorm] seed=4 epoch 33/100: kd=0.7289, reg=0.005194, test_acc=52.11%
[colnorm] seed=4 epoch 34/100: kd=0.6917, reg=0.005130, test_acc=50.05%
[colnorm] seed=4 epoch 35/100: kd=0.5644, reg=0.005066, test_acc=47.84%
[colnorm] seed=4 epoch 36/100: kd=0.5933, reg=0.004990, test_acc=49.27%
[colnorm] seed=4 epoch 37/100: kd=0.6350, reg=0.004915, test_acc=52.11%
[colnorm] seed=4 epoch 38/100: kd=0.4942, reg=0.004851, test_acc=52.77%
[colnorm] seed=4 epoch 39/100: kd=0.5575, reg=0.004779, test_acc=52.64%
[colnorm] seed=4 epoch 40/100: kd=0.4943, reg=0.004716, test_acc=52.96%
[colnorm] seed=4 epoch 41/100: kd=0.4245, reg=0.004649, test_acc=51.94%
[colnorm] seed=4 epoch 42/100: kd=0.4216, reg=0.004580, test_acc=51.30%
[colnorm] seed=4 epoch 43/100: kd=0.3736, reg=0.004514, test_acc=53.43%
[colnorm] seed=4 epoch 44/100: kd=0.3234, reg=0.004446, test_acc=54.22%
[colnorm] seed=4 epoch 45/100: kd=0.3487, reg=0.004380, test_acc=51.88%
[colnorm] seed=4 epoch 46/100: kd=0.3906, reg=0.004319, test_acc=52.56%
[colnorm] seed=4 epoch 47/100: kd=0.3094, reg=0.004262, test_acc=52.57%
[colnorm] seed=4 epoch 48/100: kd=0.3287, reg=0.004205, test_acc=52.55%
[colnorm] seed=4 epoch 49/100: kd=0.3735, reg=0.004153, test_acc=52.33%
[colnorm] seed=4 epoch 50/100: kd=0.2893, reg=0.004103, test_acc=53.81%
[colnorm] seed=4 epoch 51/100: kd=0.2694, reg=0.004054, test_acc=54.27%
[colnorm] seed=4 epoch 52/100: kd=0.2966, reg=0.004008, test_acc=54.10%
[colnorm] seed=4 epoch 53/100: kd=0.2521, reg=0.003962, test_acc=53.79%
[colnorm] seed=4 epoch 54/100: kd=0.2365, reg=0.003918, test_acc=54.01%
[colnorm] seed=4 epoch 55/100: kd=0.2632, reg=0.003874, test_acc=53.59%
[colnorm] seed=4 epoch 56/100: kd=0.2730, reg=0.003834, test_acc=54.29%
[colnorm] seed=4 epoch 57/100: kd=0.2276, reg=0.003796, test_acc=53.78%
[colnorm] seed=4 epoch 58/100: kd=0.2059, reg=0.003761, test_acc=54.60%
[colnorm] seed=4 epoch 59/100: kd=0.2206, reg=0.003726, test_acc=54.09%
[colnorm] seed=4 epoch 60/100: kd=0.2072, reg=0.003692, test_acc=54.78%
[colnorm] seed=4 epoch 61/100: kd=0.2168, reg=0.003659, test_acc=53.64%
[colnorm] seed=4 epoch 62/100: kd=0.2117, reg=0.003629, test_acc=54.39%
[colnorm] seed=4 epoch 63/100: kd=0.2061, reg=0.003600, test_acc=54.09%
[colnorm] seed=4 epoch 64/100: kd=0.2110, reg=0.003573, test_acc=53.73%
[colnorm] seed=4 epoch 65/100: kd=0.2065, reg=0.003548, test_acc=53.89%
[colnorm] seed=4 epoch 66/100: kd=0.1841, reg=0.003524, test_acc=53.92%
[colnorm] seed=4 epoch 67/100: kd=0.1820, reg=0.003501, test_acc=53.95%
[colnorm] seed=4 epoch 68/100: kd=0.1752, reg=0.003479, test_acc=54.49%
[colnorm] seed=4 epoch 69/100: kd=0.1732, reg=0.003457, test_acc=54.47%
[colnorm] seed=4 epoch 70/100: kd=0.2119, reg=0.003438, test_acc=53.70%
[colnorm] seed=4 epoch 71/100: kd=0.1881, reg=0.003420, test_acc=54.51%
[colnorm] seed=4 epoch 72/100: kd=0.1650, reg=0.003403, test_acc=54.27%
[colnorm] seed=4 epoch 73/100: kd=0.1737, reg=0.003387, test_acc=54.12%
[colnorm] seed=4 epoch 74/100: kd=0.1755, reg=0.003372, test_acc=54.66%
[colnorm] seed=4 epoch 75/100: kd=0.1602, reg=0.003359, test_acc=54.49%
[colnorm] seed=4 epoch 76/100: kd=0.1727, reg=0.003345, test_acc=54.57%
[colnorm] seed=4 epoch 77/100: kd=0.1527, reg=0.003333, test_acc=54.19%
[colnorm] seed=4 epoch 78/100: kd=0.1546, reg=0.003322, test_acc=54.75%
[colnorm] seed=4 epoch 79/100: kd=0.1631, reg=0.003312, test_acc=54.37%
[colnorm] seed=4 epoch 80/100: kd=0.1460, reg=0.003303, test_acc=54.58%
[colnorm] seed=4 epoch 81/100: kd=0.1628, reg=0.003294, test_acc=54.46%
[colnorm] seed=4 epoch 82/100: kd=0.1428, reg=0.003286, test_acc=54.45%
[colnorm] seed=4 epoch 83/100: kd=0.1402, reg=0.003280, test_acc=54.55%
[colnorm] seed=4 epoch 84/100: kd=0.1378, reg=0.003273, test_acc=54.60%
[colnorm] seed=4 epoch 85/100: kd=0.1391, reg=0.003268, test_acc=54.47%
[colnorm] seed=4 epoch 86/100: kd=0.1316, reg=0.003263, test_acc=54.43%
[colnorm] seed=4 epoch 87/100: kd=0.1246, reg=0.003258, test_acc=54.45%
[colnorm] seed=4 epoch 88/100: kd=0.1436, reg=0.003255, test_acc=54.55%
[colnorm] seed=4 epoch 89/100: kd=0.1407, reg=0.003252, test_acc=54.49%
[colnorm] seed=4 epoch 90/100: kd=0.1388, reg=0.003249, test_acc=54.46%
[colnorm] seed=4 epoch 91/100: kd=0.1511, reg=0.003247, test_acc=54.40%
[colnorm] seed=4 epoch 92/100: kd=0.1227, reg=0.003245, test_acc=54.55%
[colnorm] seed=4 epoch 93/100: kd=0.1180, reg=0.003243, test_acc=54.34%
[colnorm] seed=4 epoch 94/100: kd=0.1263, reg=0.003242, test_acc=54.54%
[colnorm] seed=4 epoch 95/100: kd=0.1209, reg=0.003241, test_acc=54.39%
[colnorm] seed=4 epoch 96/100: kd=0.1259, reg=0.003240, test_acc=54.49%
[colnorm] seed=4 epoch 97/100: kd=0.1246, reg=0.003240, test_acc=54.55%
[colnorm] seed=4 epoch 98/100: kd=0.1227, reg=0.003240, test_acc=54.51%
[colnorm] seed=4 epoch 99/100: kd=0.1257, reg=0.003240, test_acc=54.61%
[colnorm] seed=4 epoch 100/100: kd=0.1285, reg=0.003239, test_acc=54.46%
[colnorm] seed=5 epoch 01/100: kd=9.4181, reg=0.000242, test_acc=10.00%
[colnorm] seed=5 epoch 02/100: kd=7.3212, reg=0.001807, test_acc=10.39%
[colnorm] seed=5 epoch 03/100: kd=6.6954, reg=0.002921, test_acc=17.85%
[colnorm] seed=5 epoch 04/100: kd=6.1842, reg=0.003360, test_acc=21.51%
[colnorm] seed=5 epoch 05/100: kd=5.9427, reg=0.003657, test_acc=28.68%
[colnorm] seed=5 epoch 06/100: kd=5.7008, reg=0.003859, test_acc=26.48%
[colnorm] seed=5 epoch 07/100: kd=5.2799, reg=0.003978, test_acc=31.44%
[colnorm] seed=5 epoch 08/100: kd=5.1007, reg=0.004025, test_acc=34.27%
[colnorm] seed=5 epoch 09/100: kd=4.9576, reg=0.004141, test_acc=36.05%
[colnorm] seed=5 epoch 10/100: kd=4.9011, reg=0.004314, test_acc=37.03%
[colnorm] seed=5 epoch 11/100: kd=4.4679, reg=0.004561, test_acc=37.04%
[colnorm] seed=5 epoch 12/100: kd=4.3368, reg=0.004733, test_acc=37.42%
[colnorm] seed=5 epoch 13/100: kd=4.1101, reg=0.004871, test_acc=32.49%
[colnorm] seed=5 epoch 14/100: kd=4.0060, reg=0.005007, test_acc=35.67%
[colnorm] seed=5 epoch 15/100: kd=3.8157, reg=0.005177, test_acc=34.74%
[colnorm] seed=5 epoch 16/100: kd=3.5551, reg=0.005437, test_acc=44.97%
[colnorm] seed=5 epoch 17/100: kd=3.4923, reg=0.005688, test_acc=41.56%
[colnorm] seed=5 epoch 18/100: kd=3.2733, reg=0.005893, test_acc=44.43%
[colnorm] seed=5 epoch 19/100: kd=3.0731, reg=0.006091, test_acc=44.83%
[colnorm] seed=5 epoch 20/100: kd=2.6939, reg=0.006246, test_acc=47.61%
[colnorm] seed=5 epoch 21/100: kd=2.5153, reg=0.006301, test_acc=44.99%
[colnorm] seed=5 epoch 22/100: kd=2.5136, reg=0.006311, test_acc=40.61%
[colnorm] seed=5 epoch 23/100: kd=2.5390, reg=0.006400, test_acc=46.91%
[colnorm] seed=5 epoch 24/100: kd=2.1798, reg=0.006509, test_acc=48.30%
[colnorm] seed=5 epoch 25/100: kd=2.0092, reg=0.006538, test_acc=36.19%
[colnorm] seed=5 epoch 26/100: kd=2.0510, reg=0.006542, test_acc=49.23%
[colnorm] seed=5 epoch 27/100: kd=1.7882, reg=0.006573, test_acc=46.13%
[colnorm] seed=5 epoch 28/100: kd=1.7023, reg=0.006624, test_acc=50.56%
[colnorm] seed=5 epoch 29/100: kd=1.6270, reg=0.006663, test_acc=50.82%
[colnorm] seed=5 epoch 30/100: kd=1.4150, reg=0.006684, test_acc=49.21%
[colnorm] seed=5 epoch 31/100: kd=1.4567, reg=0.006659, test_acc=46.41%
[colnorm] seed=5 epoch 32/100: kd=1.2565, reg=0.006620, test_acc=50.43%
[colnorm] seed=5 epoch 33/100: kd=1.1123, reg=0.006586, test_acc=50.48%
[colnorm] seed=5 epoch 34/100: kd=0.9877, reg=0.006504, test_acc=52.00%
[colnorm] seed=5 epoch 35/100: kd=0.9443, reg=0.006409, test_acc=52.07%
[colnorm] seed=5 epoch 36/100: kd=0.8928, reg=0.006328, test_acc=50.72%
[colnorm] seed=5 epoch 37/100: kd=0.8594, reg=0.006251, test_acc=50.98%
[colnorm] seed=5 epoch 38/100: kd=0.7637, reg=0.006162, test_acc=52.05%
[colnorm] seed=5 epoch 39/100: kd=0.6705, reg=0.006076, test_acc=53.35%
[colnorm] seed=5 epoch 40/100: kd=0.6504, reg=0.005980, test_acc=52.08%
[colnorm] seed=5 epoch 41/100: kd=0.6037, reg=0.005886, test_acc=54.42%
[colnorm] seed=5 epoch 42/100: kd=0.5778, reg=0.005793, test_acc=53.30%
[colnorm] seed=5 epoch 43/100: kd=0.5127, reg=0.005705, test_acc=54.19%
[colnorm] seed=5 epoch 44/100: kd=0.4785, reg=0.005616, test_acc=55.29%
[colnorm] seed=5 epoch 45/100: kd=0.4663, reg=0.005531, test_acc=54.21%
[colnorm] seed=5 epoch 46/100: kd=0.4876, reg=0.005447, test_acc=54.86%
[colnorm] seed=5 epoch 47/100: kd=0.4323, reg=0.005368, test_acc=55.12%
[colnorm] seed=5 epoch 48/100: kd=0.4486, reg=0.005289, test_acc=54.92%
[colnorm] seed=5 epoch 49/100: kd=0.3914, reg=0.005214, test_acc=54.74%
[colnorm] seed=5 epoch 50/100: kd=0.4118, reg=0.005144, test_acc=54.95%
[colnorm] seed=5 epoch 51/100: kd=0.3969, reg=0.005076, test_acc=54.82%
[colnorm] seed=5 epoch 52/100: kd=0.3723, reg=0.005013, test_acc=55.33%
[colnorm] seed=5 epoch 53/100: kd=0.3593, reg=0.004953, test_acc=54.54%
[colnorm] seed=5 epoch 54/100: kd=0.3602, reg=0.004895, test_acc=54.97%
[colnorm] seed=5 epoch 55/100: kd=0.4295, reg=0.004839, test_acc=54.76%
[colnorm] seed=5 epoch 56/100: kd=0.3572, reg=0.004790, test_acc=55.34%
[colnorm] seed=5 epoch 57/100: kd=0.3415, reg=0.004741, test_acc=54.28%
[colnorm] seed=5 epoch 58/100: kd=0.3002, reg=0.004692, test_acc=54.90%
[colnorm] seed=5 epoch 59/100: kd=0.3280, reg=0.004646, test_acc=55.60%
[colnorm] seed=5 epoch 60/100: kd=0.3047, reg=0.004603, test_acc=55.60%
[colnorm] seed=5 epoch 61/100: kd=0.2460, reg=0.004560, test_acc=55.59%
[colnorm] seed=5 epoch 62/100: kd=0.2507, reg=0.004519, test_acc=55.29%
[colnorm] seed=5 epoch 63/100: kd=0.2725, reg=0.004479, test_acc=56.03%
[colnorm] seed=5 epoch 64/100: kd=0.2860, reg=0.004442, test_acc=55.65%
[colnorm] seed=5 epoch 65/100: kd=0.2671, reg=0.004408, test_acc=55.45%
[colnorm] seed=5 epoch 66/100: kd=0.2306, reg=0.004375, test_acc=55.13%
[colnorm] seed=5 epoch 67/100: kd=0.2413, reg=0.004343, test_acc=56.37%
[colnorm] seed=5 epoch 68/100: kd=0.2365, reg=0.004314, test_acc=55.91%
[colnorm] seed=5 epoch 69/100: kd=0.2479, reg=0.004286, test_acc=55.04%
[colnorm] seed=5 epoch 70/100: kd=0.2281, reg=0.004261, test_acc=55.52%
[colnorm] seed=5 epoch 71/100: kd=0.2496, reg=0.004237, test_acc=55.20%
[colnorm] seed=5 epoch 72/100: kd=0.2033, reg=0.004214, test_acc=55.84%
[colnorm] seed=5 epoch 73/100: kd=0.2042, reg=0.004193, test_acc=56.07%
[colnorm] seed=5 epoch 74/100: kd=0.1889, reg=0.004173, test_acc=56.10%
[colnorm] seed=5 epoch 75/100: kd=0.1906, reg=0.004154, test_acc=55.96%
[colnorm] seed=5 epoch 76/100: kd=0.2075, reg=0.004137, test_acc=55.86%
[colnorm] seed=5 epoch 77/100: kd=0.1839, reg=0.004120, test_acc=55.81%
[colnorm] seed=5 epoch 78/100: kd=0.1913, reg=0.004105, test_acc=55.94%
[colnorm] seed=5 epoch 79/100: kd=0.2119, reg=0.004092, test_acc=55.85%
[colnorm] seed=5 epoch 80/100: kd=0.1892, reg=0.004080, test_acc=56.11%
[colnorm] seed=5 epoch 81/100: kd=0.1942, reg=0.004069, test_acc=55.84%
[colnorm] seed=5 epoch 82/100: kd=0.1818, reg=0.004058, test_acc=55.78%
[colnorm] seed=5 epoch 83/100: kd=0.1768, reg=0.004049, test_acc=56.12%
[colnorm] seed=5 epoch 84/100: kd=0.1796, reg=0.004040, test_acc=56.07%
[colnorm] seed=5 epoch 85/100: kd=0.1789, reg=0.004033, test_acc=55.58%
[colnorm] seed=5 epoch 86/100: kd=0.1580, reg=0.004027, test_acc=55.91%
[colnorm] seed=5 epoch 87/100: kd=0.1709, reg=0.004021, test_acc=55.91%
[colnorm] seed=5 epoch 88/100: kd=0.1742, reg=0.004016, test_acc=55.73%
[colnorm] seed=5 epoch 89/100: kd=0.1691, reg=0.004011, test_acc=55.85%
[colnorm] seed=5 epoch 90/100: kd=0.1609, reg=0.004008, test_acc=55.89%
[colnorm] seed=5 epoch 91/100: kd=0.1682, reg=0.004005, test_acc=55.88%
[colnorm] seed=5 epoch 92/100: kd=0.1755, reg=0.004002, test_acc=56.01%
[colnorm] seed=5 epoch 93/100: kd=0.1768, reg=0.004000, test_acc=55.83%
[colnorm] seed=5 epoch 94/100: kd=0.1703, reg=0.003999, test_acc=55.94%
[colnorm] seed=5 epoch 95/100: kd=0.1609, reg=0.003997, test_acc=55.86%
[colnorm] seed=5 epoch 96/100: kd=0.1444, reg=0.003997, test_acc=55.93%
[colnorm] seed=5 epoch 97/100: kd=0.1681, reg=0.003996, test_acc=55.87%
[colnorm] seed=5 epoch 98/100: kd=0.1625, reg=0.003996, test_acc=55.93%
[colnorm] seed=5 epoch 99/100: kd=0.1394, reg=0.003995, test_acc=55.93%
[colnorm] seed=5 epoch 100/100: kd=0.1785, reg=0.003995, test_acc=55.91%
[colnorm] seed=6 epoch 01/100: kd=9.7775, reg=0.000379, test_acc=10.01%
[colnorm] seed=6 epoch 02/100: kd=8.0291, reg=0.003316, test_acc=11.74%
[colnorm] seed=6 epoch 03/100: kd=7.2194, reg=0.005361, test_acc=20.76%
[colnorm] seed=6 epoch 04/100: kd=6.5404, reg=0.005974, test_acc=23.38%
[colnorm] seed=6 epoch 05/100: kd=6.2635, reg=0.006215, test_acc=27.76%
[colnorm] seed=6 epoch 06/100: kd=5.9811, reg=0.006489, test_acc=19.39%
[colnorm] seed=6 epoch 07/100: kd=5.5588, reg=0.006797, test_acc=30.21%
[colnorm] seed=6 epoch 08/100: kd=5.2408, reg=0.007045, test_acc=34.20%
[colnorm] seed=6 epoch 09/100: kd=5.1918, reg=0.007240, test_acc=32.09%
[colnorm] seed=6 epoch 10/100: kd=4.9298, reg=0.007514, test_acc=30.59%
[colnorm] seed=6 epoch 11/100: kd=4.3586, reg=0.007711, test_acc=35.22%
[colnorm] seed=6 epoch 12/100: kd=4.1124, reg=0.007724, test_acc=38.97%
[colnorm] seed=6 epoch 13/100: kd=4.1023, reg=0.007812, test_acc=36.78%
[colnorm] seed=6 epoch 14/100: kd=3.9786, reg=0.008012, test_acc=38.50%
[colnorm] seed=6 epoch 15/100: kd=3.4710, reg=0.008217, test_acc=38.49%
[colnorm] seed=6 epoch 16/100: kd=3.3466, reg=0.008350, test_acc=44.79%
[colnorm] seed=6 epoch 17/100: kd=3.3134, reg=0.008418, test_acc=37.97%
[colnorm] seed=6 epoch 18/100: kd=2.9870, reg=0.008463, test_acc=44.40%
[colnorm] seed=6 epoch 19/100: kd=2.8012, reg=0.008525, test_acc=43.05%
[colnorm] seed=6 epoch 20/100: kd=2.6651, reg=0.008594, test_acc=43.98%
[colnorm] seed=6 epoch 21/100: kd=2.4461, reg=0.008706, test_acc=41.12%
[colnorm] seed=6 epoch 22/100: kd=2.2905, reg=0.008811, test_acc=47.53%
[colnorm] seed=6 epoch 23/100: kd=2.1430, reg=0.008823, test_acc=46.33%
[colnorm] seed=6 epoch 24/100: kd=1.9615, reg=0.008778, test_acc=49.30%
[colnorm] seed=6 epoch 25/100: kd=1.7605, reg=0.008734, test_acc=48.61%
[colnorm] seed=6 epoch 26/100: kd=1.6385, reg=0.008650, test_acc=48.47%
[colnorm] seed=6 epoch 27/100: kd=1.6222, reg=0.008523, test_acc=42.86%
[colnorm] seed=6 epoch 28/100: kd=1.3977, reg=0.008415, test_acc=49.69%
[colnorm] seed=6 epoch 29/100: kd=1.3492, reg=0.008308, test_acc=49.05%
[colnorm] seed=6 epoch 30/100: kd=1.4083, reg=0.008192, test_acc=46.75%
[colnorm] seed=6 epoch 31/100: kd=1.2968, reg=0.008106, test_acc=49.74%
[colnorm] seed=6 epoch 32/100: kd=1.0741, reg=0.008022, test_acc=49.66%
[colnorm] seed=6 epoch 33/100: kd=1.0550, reg=0.007929, test_acc=50.70%
[colnorm] seed=6 epoch 34/100: kd=0.9759, reg=0.007828, test_acc=47.97%
[colnorm] seed=6 epoch 35/100: kd=0.8375, reg=0.007723, test_acc=52.11%
[colnorm] seed=6 epoch 36/100: kd=0.8311, reg=0.007614, test_acc=52.14%
[colnorm] seed=6 epoch 37/100: kd=0.7489, reg=0.007506, test_acc=51.60%
[colnorm] seed=6 epoch 38/100: kd=0.6985, reg=0.007408, test_acc=48.61%
[colnorm] seed=6 epoch 39/100: kd=0.6974, reg=0.007298, test_acc=52.90%
[colnorm] seed=6 epoch 40/100: kd=0.5939, reg=0.007188, test_acc=51.97%
[colnorm] seed=6 epoch 41/100: kd=0.5743, reg=0.007080, test_acc=52.11%
[colnorm] seed=6 epoch 42/100: kd=0.5466, reg=0.006977, test_acc=51.46%
[colnorm] seed=6 epoch 43/100: kd=0.5112, reg=0.006875, test_acc=52.44%
[colnorm] seed=6 epoch 44/100: kd=0.5193, reg=0.006776, test_acc=52.73%
[colnorm] seed=6 epoch 45/100: kd=0.4480, reg=0.006684, test_acc=52.69%
[colnorm] seed=6 epoch 46/100: kd=0.4920, reg=0.006596, test_acc=52.54%
[colnorm] seed=6 epoch 47/100: kd=0.4933, reg=0.006510, test_acc=50.78%
[colnorm] seed=6 epoch 48/100: kd=0.4405, reg=0.006432, test_acc=51.43%
[colnorm] seed=6 epoch 49/100: kd=0.3987, reg=0.006353, test_acc=53.48%
[colnorm] seed=6 epoch 50/100: kd=0.3791, reg=0.006277, test_acc=53.71%
[colnorm] seed=6 epoch 51/100: kd=0.3891, reg=0.006198, test_acc=52.36%
[colnorm] seed=6 epoch 52/100: kd=0.3806, reg=0.006125, test_acc=53.65%
[colnorm] seed=6 epoch 53/100: kd=0.3344, reg=0.006056, test_acc=52.70%
[colnorm] seed=6 epoch 54/100: kd=0.3738, reg=0.005992, test_acc=52.76%
[colnorm] seed=6 epoch 55/100: kd=0.3828, reg=0.005932, test_acc=50.98%
[colnorm] seed=6 epoch 56/100: kd=0.3249, reg=0.005876, test_acc=53.48%
[colnorm] seed=6 epoch 57/100: kd=0.3229, reg=0.005820, test_acc=53.62%
[colnorm] seed=6 epoch 58/100: kd=0.2949, reg=0.005766, test_acc=53.77%
[colnorm] seed=6 epoch 59/100: kd=0.3071, reg=0.005714, test_acc=52.98%
[colnorm] seed=6 epoch 60/100: kd=0.2740, reg=0.005665, test_acc=53.48%
[colnorm] seed=6 epoch 61/100: kd=0.2987, reg=0.005617, test_acc=53.24%
[colnorm] seed=6 epoch 62/100: kd=0.3015, reg=0.005573, test_acc=53.83%
[colnorm] seed=6 epoch 63/100: kd=0.2481, reg=0.005530, test_acc=53.71%
[colnorm] seed=6 epoch 64/100: kd=0.2670, reg=0.005489, test_acc=52.00%
[colnorm] seed=6 epoch 65/100: kd=0.2715, reg=0.005450, test_acc=53.64%
[colnorm] seed=6 epoch 66/100: kd=0.2479, reg=0.005413, test_acc=53.27%
[colnorm] seed=6 epoch 67/100: kd=0.2350, reg=0.005379, test_acc=53.45%
[colnorm] seed=6 epoch 68/100: kd=0.2206, reg=0.005345, test_acc=53.84%
[colnorm] seed=6 epoch 69/100: kd=0.2082, reg=0.005314, test_acc=53.98%
[colnorm] seed=6 epoch 70/100: kd=0.2045, reg=0.005284, test_acc=53.82%
[colnorm] seed=6 epoch 71/100: kd=0.2151, reg=0.005257, test_acc=53.59%
[colnorm] seed=6 epoch 72/100: kd=0.2124, reg=0.005231, test_acc=53.65%
[colnorm] seed=6 epoch 73/100: kd=0.2107, reg=0.005207, test_acc=54.03%
[colnorm] seed=6 epoch 74/100: kd=0.2143, reg=0.005185, test_acc=53.83%
[colnorm] seed=6 epoch 75/100: kd=0.1814, reg=0.005164, test_acc=53.54%
[colnorm] seed=6 epoch 76/100: kd=0.2139, reg=0.005145, test_acc=53.90%
[colnorm] seed=6 epoch 77/100: kd=0.1840, reg=0.005127, test_acc=53.87%
[colnorm] seed=6 epoch 78/100: kd=0.1787, reg=0.005110, test_acc=53.95%
[colnorm] seed=6 epoch 79/100: kd=0.1668, reg=0.005095, test_acc=53.80%
[colnorm] seed=6 epoch 80/100: kd=0.1862, reg=0.005081, test_acc=53.98%
[colnorm] seed=6 epoch 81/100: kd=0.1984, reg=0.005068, test_acc=53.87%
[colnorm] seed=6 epoch 82/100: kd=0.1797, reg=0.005057, test_acc=53.97%
[colnorm] seed=6 epoch 83/100: kd=0.1816, reg=0.005046, test_acc=53.90%
[colnorm] seed=6 epoch 84/100: kd=0.1616, reg=0.005037, test_acc=54.12%
[colnorm] seed=6 epoch 85/100: kd=0.1688, reg=0.005029, test_acc=53.94%
[colnorm] seed=6 epoch 86/100: kd=0.1653, reg=0.005021, test_acc=54.05%
[colnorm] seed=6 epoch 87/100: kd=0.1729, reg=0.005015, test_acc=53.92%
[colnorm] seed=6 epoch 88/100: kd=0.1836, reg=0.005009, test_acc=53.98%
[colnorm] seed=6 epoch 89/100: kd=0.1631, reg=0.005005, test_acc=54.08%
[colnorm] seed=6 epoch 90/100: kd=0.1653, reg=0.005000, test_acc=53.86%
[colnorm] seed=6 epoch 91/100: kd=0.1693, reg=0.004997, test_acc=53.94%
[colnorm] seed=6 epoch 92/100: kd=0.1720, reg=0.004994, test_acc=53.98%
[colnorm] seed=6 epoch 93/100: kd=0.1532, reg=0.004992, test_acc=53.97%
[colnorm] seed=6 epoch 94/100: kd=0.1806, reg=0.004990, test_acc=54.02%
[colnorm] seed=6 epoch 95/100: kd=0.1559, reg=0.004989, test_acc=53.98%
[colnorm] seed=6 epoch 96/100: kd=0.1585, reg=0.004988, test_acc=54.02%
[colnorm] seed=6 epoch 97/100: kd=0.1871, reg=0.004987, test_acc=54.01%
[colnorm] seed=6 epoch 98/100: kd=0.1598, reg=0.004987, test_acc=53.95%
[colnorm] seed=6 epoch 99/100: kd=0.1602, reg=0.004987, test_acc=54.01%
[colnorm] seed=6 epoch 100/100: kd=0.1505, reg=0.004987, test_acc=53.98%
[colnorm] seed=7 epoch 01/100: kd=9.0467, reg=0.000130, test_acc=9.96%
[colnorm] seed=7 epoch 02/100: kd=7.2641, reg=0.000909, test_acc=10.59%
[colnorm] seed=7 epoch 03/100: kd=6.7621, reg=0.001567, test_acc=19.68%
[colnorm] seed=7 epoch 04/100: kd=6.2379, reg=0.001872, test_acc=26.50%
[colnorm] seed=7 epoch 05/100: kd=6.1408, reg=0.002036, test_acc=25.37%
[colnorm] seed=7 epoch 06/100: kd=5.6214, reg=0.002122, test_acc=27.54%
[colnorm] seed=7 epoch 07/100: kd=5.5095, reg=0.002207, test_acc=29.19%
[colnorm] seed=7 epoch 08/100: kd=5.1591, reg=0.002324, test_acc=35.38%
[colnorm] seed=7 epoch 09/100: kd=4.7299, reg=0.002421, test_acc=32.02%
[colnorm] seed=7 epoch 10/100: kd=4.7313, reg=0.002597, test_acc=33.33%
[colnorm] seed=7 epoch 11/100: kd=4.2907, reg=0.002812, test_acc=39.96%
[colnorm] seed=7 epoch 12/100: kd=3.9344, reg=0.002964, test_acc=38.06%
[colnorm] seed=7 epoch 13/100: kd=3.8421, reg=0.003085, test_acc=36.62%
[colnorm] seed=7 epoch 14/100: kd=3.8286, reg=0.003264, test_acc=40.34%
[colnorm] seed=7 epoch 15/100: kd=3.5074, reg=0.003489, test_acc=44.64%
[colnorm] seed=7 epoch 16/100: kd=2.9842, reg=0.003689, test_acc=40.42%
[colnorm] seed=7 epoch 17/100: kd=2.7757, reg=0.003824, test_acc=45.05%
[colnorm] seed=7 epoch 18/100: kd=2.6785, reg=0.003917, test_acc=43.99%
[colnorm] seed=7 epoch 19/100: kd=2.5352, reg=0.004024, test_acc=38.61%
[colnorm] seed=7 epoch 20/100: kd=2.4582, reg=0.004165, test_acc=41.51%
[colnorm] seed=7 epoch 21/100: kd=2.1296, reg=0.004286, test_acc=46.01%
[colnorm] seed=7 epoch 22/100: kd=1.9137, reg=0.004336, test_acc=43.45%
[colnorm] seed=7 epoch 23/100: kd=1.6967, reg=0.004362, test_acc=45.01%
[colnorm] seed=7 epoch 24/100: kd=1.5118, reg=0.004361, test_acc=48.88%
[colnorm] seed=7 epoch 25/100: kd=1.3597, reg=0.004335, test_acc=48.38%
[colnorm] seed=7 epoch 26/100: kd=1.3092, reg=0.004325, test_acc=46.49%
[colnorm] seed=7 epoch 27/100: kd=1.2022, reg=0.004309, test_acc=50.25%
[colnorm] seed=7 epoch 28/100: kd=1.0505, reg=0.004289, test_acc=48.85%
[colnorm] seed=7 epoch 29/100: kd=0.9019, reg=0.004250, test_acc=51.48%
[colnorm] seed=7 epoch 30/100: kd=0.8624, reg=0.004204, test_acc=49.70%
[colnorm] seed=7 epoch 31/100: kd=0.8540, reg=0.004155, test_acc=51.00%
[colnorm] seed=7 epoch 32/100: kd=0.7371, reg=0.004112, test_acc=50.55%
[colnorm] seed=7 epoch 33/100: kd=0.7198, reg=0.004057, test_acc=52.57%
[colnorm] seed=7 epoch 34/100: kd=0.6158, reg=0.004000, test_acc=51.54%
[colnorm] seed=7 epoch 35/100: kd=0.6130, reg=0.003941, test_acc=51.54%
[colnorm] seed=7 epoch 36/100: kd=0.5703, reg=0.003880, test_acc=50.67%
[colnorm] seed=7 epoch 37/100: kd=0.5276, reg=0.003823, test_acc=51.36%
[colnorm] seed=7 epoch 38/100: kd=0.5624, reg=0.003768, test_acc=51.60%
[colnorm] seed=7 epoch 39/100: kd=0.5911, reg=0.003727, test_acc=51.29%
[colnorm] seed=7 epoch 40/100: kd=0.5564, reg=0.003696, test_acc=50.31%
[colnorm] seed=7 epoch 41/100: kd=0.4766, reg=0.003659, test_acc=52.52%
[colnorm] seed=7 epoch 42/100: kd=0.4062, reg=0.003613, test_acc=53.24%
[colnorm] seed=7 epoch 43/100: kd=0.4406, reg=0.003562, test_acc=52.88%
[colnorm] seed=7 epoch 44/100: kd=0.4137, reg=0.003515, test_acc=52.58%
[colnorm] seed=7 epoch 45/100: kd=0.3903, reg=0.003469, test_acc=52.85%
[colnorm] seed=7 epoch 46/100: kd=0.3470, reg=0.003424, test_acc=53.16%
[colnorm] seed=7 epoch 47/100: kd=0.3725, reg=0.003381, test_acc=52.46%
[colnorm] seed=7 epoch 48/100: kd=0.3663, reg=0.003342, test_acc=52.49%
[colnorm] seed=7 epoch 49/100: kd=0.3630, reg=0.003302, test_acc=51.85%
[colnorm] seed=7 epoch 50/100: kd=0.3607, reg=0.003266, test_acc=53.42%
[colnorm] seed=7 epoch 51/100: kd=0.3096, reg=0.003231, test_acc=53.68%
[colnorm] seed=7 epoch 52/100: kd=0.3136, reg=0.003195, test_acc=52.97%
[colnorm] seed=7 epoch 53/100: kd=0.2950, reg=0.003162, test_acc=53.40%
[colnorm] seed=7 epoch 54/100: kd=0.2570, reg=0.003130, test_acc=52.90%
[colnorm] seed=7 epoch 55/100: kd=0.2815, reg=0.003098, test_acc=53.19%
[colnorm] seed=7 epoch 56/100: kd=0.2687, reg=0.003067, test_acc=51.39%
[colnorm] seed=7 epoch 57/100: kd=0.2622, reg=0.003038, test_acc=52.36%
[colnorm] seed=7 epoch 58/100: kd=0.2414, reg=0.003011, test_acc=53.53%
[colnorm] seed=7 epoch 59/100: kd=0.2148, reg=0.002985, test_acc=53.80%
[colnorm] seed=7 epoch 60/100: kd=0.2413, reg=0.002958, test_acc=53.53%
[colnorm] seed=7 epoch 61/100: kd=0.2295, reg=0.002933, test_acc=53.89%
[colnorm] seed=7 epoch 62/100: kd=0.1975, reg=0.002910, test_acc=53.22%
[colnorm] seed=7 epoch 63/100: kd=0.2040, reg=0.002887, test_acc=53.57%
[colnorm] seed=7 epoch 64/100: kd=0.2324, reg=0.002867, test_acc=53.28%
[colnorm] seed=7 epoch 65/100: kd=0.2202, reg=0.002846, test_acc=53.94%
[colnorm] seed=7 epoch 66/100: kd=0.2520, reg=0.002828, test_acc=52.89%
[colnorm] seed=7 epoch 67/100: kd=0.2183, reg=0.002811, test_acc=53.05%
[colnorm] seed=7 epoch 68/100: kd=0.2299, reg=0.002795, test_acc=53.74%
[colnorm] seed=7 epoch 69/100: kd=0.1799, reg=0.002779, test_acc=53.33%
[colnorm] seed=7 epoch 70/100: kd=0.1987, reg=0.002764, test_acc=53.28%
[colnorm] seed=7 epoch 71/100: kd=0.1604, reg=0.002750, test_acc=53.96%
[colnorm] seed=7 epoch 72/100: kd=0.1825, reg=0.002736, test_acc=53.35%
[colnorm] seed=7 epoch 73/100: kd=0.1760, reg=0.002723, test_acc=53.83%
[colnorm] seed=7 epoch 74/100: kd=0.1634, reg=0.002711, test_acc=53.61%
[colnorm] seed=7 epoch 75/100: kd=0.1678, reg=0.002700, test_acc=53.87%
[colnorm] seed=7 epoch 76/100: kd=0.1604, reg=0.002690, test_acc=53.87%
[colnorm] seed=7 epoch 77/100: kd=0.1577, reg=0.002681, test_acc=54.06%
[colnorm] seed=7 epoch 78/100: kd=0.1500, reg=0.002671, test_acc=54.13%
[colnorm] seed=7 epoch 79/100: kd=0.1625, reg=0.002663, test_acc=53.56%
[colnorm] seed=7 epoch 80/100: kd=0.1326, reg=0.002656, test_acc=54.17%
[colnorm] seed=7 epoch 81/100: kd=0.1317, reg=0.002649, test_acc=53.97%
[colnorm] seed=7 epoch 82/100: kd=0.1490, reg=0.002643, test_acc=54.05%
[colnorm] seed=7 epoch 83/100: kd=0.1373, reg=0.002638, test_acc=54.09%
[colnorm] seed=7 epoch 84/100: kd=0.1508, reg=0.002633, test_acc=53.92%
[colnorm] seed=7 epoch 85/100: kd=0.1246, reg=0.002628, test_acc=53.89%
[colnorm] seed=7 epoch 86/100: kd=0.1372, reg=0.002624, test_acc=54.00%
[colnorm] seed=7 epoch 87/100: kd=0.1466, reg=0.002621, test_acc=54.00%
[colnorm] seed=7 epoch 88/100: kd=0.1388, reg=0.002618, test_acc=54.01%
[colnorm] seed=7 epoch 89/100: kd=0.1467, reg=0.002615, test_acc=53.97%
[colnorm] seed=7 epoch 90/100: kd=0.1150, reg=0.002613, test_acc=54.05%
[colnorm] seed=7 epoch 91/100: kd=0.1335, reg=0.002611, test_acc=54.02%
[colnorm] seed=7 epoch 92/100: kd=0.1185, reg=0.002610, test_acc=53.91%
[colnorm] seed=7 epoch 93/100: kd=0.1128, reg=0.002608, test_acc=53.94%
[colnorm] seed=7 epoch 94/100: kd=0.1398, reg=0.002608, test_acc=53.95%
[colnorm] seed=7 epoch 95/100: kd=0.1539, reg=0.002607, test_acc=53.99%
[colnorm] seed=7 epoch 96/100: kd=0.1425, reg=0.002606, test_acc=53.90%
[colnorm] seed=7 epoch 97/100: kd=0.1459, reg=0.002606, test_acc=53.91%
[colnorm] seed=7 epoch 98/100: kd=0.1412, reg=0.002606, test_acc=54.03%
[colnorm] seed=7 epoch 99/100: kd=0.1221, reg=0.002606, test_acc=54.10%
[colnorm] seed=7 epoch 100/100: kd=0.1363, reg=0.002606, test_acc=53.93%
[colnorm] seed=8 epoch 01/100: kd=9.3577, reg=0.000182, test_acc=10.03%
[colnorm] seed=8 epoch 02/100: kd=7.2262, reg=0.001116, test_acc=10.69%
[colnorm] seed=8 epoch 03/100: kd=6.3273, reg=0.001863, test_acc=17.30%
[colnorm] seed=8 epoch 04/100: kd=6.0585, reg=0.002257, test_acc=30.65%
[colnorm] seed=8 epoch 05/100: kd=5.5673, reg=0.002525, test_acc=27.54%
[colnorm] seed=8 epoch 06/100: kd=5.1427, reg=0.002729, test_acc=31.75%
[colnorm] seed=8 epoch 07/100: kd=4.9799, reg=0.002966, test_acc=31.50%
[colnorm] seed=8 epoch 08/100: kd=4.7495, reg=0.003193, test_acc=31.08%
[colnorm] seed=8 epoch 09/100: kd=4.7961, reg=0.003381, test_acc=34.12%
[colnorm] seed=8 epoch 10/100: kd=4.4682, reg=0.003650, test_acc=33.22%
[colnorm] seed=8 epoch 11/100: kd=4.0952, reg=0.003945, test_acc=38.94%
[colnorm] seed=8 epoch 12/100: kd=3.9775, reg=0.004121, test_acc=37.37%
[colnorm] seed=8 epoch 13/100: kd=3.5833, reg=0.004304, test_acc=40.77%
[colnorm] seed=8 epoch 14/100: kd=3.5038, reg=0.004445, test_acc=37.87%
[colnorm] seed=8 epoch 15/100: kd=3.3013, reg=0.004556, test_acc=40.56%
[colnorm] seed=8 epoch 16/100: kd=3.0519, reg=0.004633, test_acc=44.39%
[colnorm] seed=8 epoch 17/100: kd=2.9786, reg=0.004706, test_acc=41.09%
[colnorm] seed=8 epoch 18/100: kd=2.8829, reg=0.004872, test_acc=46.56%
[colnorm] seed=8 epoch 19/100: kd=2.4668, reg=0.005030, test_acc=43.63%
[colnorm] seed=8 epoch 20/100: kd=2.2175, reg=0.005114, test_acc=48.07%
[colnorm] seed=8 epoch 21/100: kd=2.1329, reg=0.005155, test_acc=46.27%
[colnorm] seed=8 epoch 22/100: kd=1.9135, reg=0.005189, test_acc=47.70%
[colnorm] seed=8 epoch 23/100: kd=1.7958, reg=0.005240, test_acc=47.77%
[colnorm] seed=8 epoch 24/100: kd=1.6413, reg=0.005282, test_acc=46.16%
[colnorm] seed=8 epoch 25/100: kd=1.5657, reg=0.005303, test_acc=46.68%
[colnorm] seed=8 epoch 26/100: kd=1.2992, reg=0.005286, test_acc=50.35%
[colnorm] seed=8 epoch 27/100: kd=1.1934, reg=0.005242, test_acc=50.93%
[colnorm] seed=8 epoch 28/100: kd=1.1008, reg=0.005179, test_acc=48.21%
[colnorm] seed=8 epoch 29/100: kd=1.0309, reg=0.005113, test_acc=50.29%
[colnorm] seed=8 epoch 30/100: kd=1.0120, reg=0.005048, test_acc=48.47%
[colnorm] seed=8 epoch 31/100: kd=0.9675, reg=0.004996, test_acc=50.10%
[colnorm] seed=8 epoch 32/100: kd=0.8067, reg=0.004938, test_acc=50.43%
[colnorm] seed=8 epoch 33/100: kd=0.7242, reg=0.004871, test_acc=49.41%
[colnorm] seed=8 epoch 34/100: kd=0.8049, reg=0.004801, test_acc=49.79%
[colnorm] seed=8 epoch 35/100: kd=0.7100, reg=0.004745, test_acc=53.27%
[colnorm] seed=8 epoch 36/100: kd=0.6408, reg=0.004689, test_acc=48.78%
[colnorm] seed=8 epoch 37/100: kd=0.6736, reg=0.004623, test_acc=50.37%
[colnorm] seed=8 epoch 38/100: kd=0.6684, reg=0.004562, test_acc=52.39%
[colnorm] seed=8 epoch 39/100: kd=0.6060, reg=0.004503, test_acc=53.96%
[colnorm] seed=8 epoch 40/100: kd=0.5993, reg=0.004445, test_acc=53.31%
[colnorm] seed=8 epoch 41/100: kd=0.6005, reg=0.004389, test_acc=51.13%
[colnorm] seed=8 epoch 42/100: kd=0.5516, reg=0.004337, test_acc=53.60%
[colnorm] seed=8 epoch 43/100: kd=0.4567, reg=0.004285, test_acc=53.89%
[colnorm] seed=8 epoch 44/100: kd=0.4407, reg=0.004226, test_acc=52.50%
[colnorm] seed=8 epoch 45/100: kd=0.4261, reg=0.004170, test_acc=54.73%
[colnorm] seed=8 epoch 46/100: kd=0.4029, reg=0.004112, test_acc=53.61%
[colnorm] seed=8 epoch 47/100: kd=0.3762, reg=0.004056, test_acc=53.56%
[colnorm] seed=8 epoch 48/100: kd=0.3740, reg=0.004003, test_acc=54.95%
[colnorm] seed=8 epoch 49/100: kd=0.3937, reg=0.003954, test_acc=54.53%
[colnorm] seed=8 epoch 50/100: kd=0.4067, reg=0.003906, test_acc=52.19%
[colnorm] seed=8 epoch 51/100: kd=0.3725, reg=0.003860, test_acc=54.52%
[colnorm] seed=8 epoch 52/100: kd=0.3455, reg=0.003818, test_acc=54.34%
[colnorm] seed=8 epoch 53/100: kd=0.3308, reg=0.003776, test_acc=55.39%
[colnorm] seed=8 epoch 54/100: kd=0.3043, reg=0.003736, test_acc=55.28%
[colnorm] seed=8 epoch 55/100: kd=0.2775, reg=0.003695, test_acc=55.34%
[colnorm] seed=8 epoch 56/100: kd=0.3020, reg=0.003656, test_acc=55.52%
[colnorm] seed=8 epoch 57/100: kd=0.2810, reg=0.003621, test_acc=54.14%
[colnorm] seed=8 epoch 58/100: kd=0.2700, reg=0.003584, test_acc=54.97%
[colnorm] seed=8 epoch 59/100: kd=0.2869, reg=0.003550, test_acc=54.79%
[colnorm] seed=8 epoch 60/100: kd=0.2592, reg=0.003519, test_acc=55.22%
[colnorm] seed=8 epoch 61/100: kd=0.2228, reg=0.003488, test_acc=55.65%
[colnorm] seed=8 epoch 62/100: kd=0.2292, reg=0.003459, test_acc=55.84%
[colnorm] seed=8 epoch 63/100: kd=0.1920, reg=0.003431, test_acc=55.55%
[colnorm] seed=8 epoch 64/100: kd=0.2125, reg=0.003404, test_acc=55.67%
[colnorm] seed=8 epoch 65/100: kd=0.2095, reg=0.003378, test_acc=55.09%
[colnorm] seed=8 epoch 66/100: kd=0.2060, reg=0.003354, test_acc=55.92%
[colnorm] seed=8 epoch 67/100: kd=0.1926, reg=0.003331, test_acc=55.40%
[colnorm] seed=8 epoch 68/100: kd=0.2012, reg=0.003310, test_acc=55.72%
[colnorm] seed=8 epoch 69/100: kd=0.2062, reg=0.003289, test_acc=55.61%
[colnorm] seed=8 epoch 70/100: kd=0.2108, reg=0.003270, test_acc=55.76%
[colnorm] seed=8 epoch 71/100: kd=0.1810, reg=0.003253, test_acc=55.33%
[colnorm] seed=8 epoch 72/100: kd=0.1940, reg=0.003236, test_acc=55.74%
[colnorm] seed=8 epoch 73/100: kd=0.1816, reg=0.003220, test_acc=55.41%
[colnorm] seed=8 epoch 74/100: kd=0.1893, reg=0.003206, test_acc=55.20%
[colnorm] seed=8 epoch 75/100: kd=0.1767, reg=0.003193, test_acc=55.61%
[colnorm] seed=8 epoch 76/100: kd=0.1819, reg=0.003180, test_acc=55.68%
[colnorm] seed=8 epoch 77/100: kd=0.1642, reg=0.003168, test_acc=55.61%
[colnorm] seed=8 epoch 78/100: kd=0.1656, reg=0.003158, test_acc=55.66%
[colnorm] seed=8 epoch 79/100: kd=0.1623, reg=0.003148, test_acc=55.78%
[colnorm] seed=8 epoch 80/100: kd=0.1454, reg=0.003139, test_acc=56.01%
[colnorm] seed=8 epoch 81/100: kd=0.1516, reg=0.003131, test_acc=55.63%
[colnorm] seed=8 epoch 82/100: kd=0.1513, reg=0.003123, test_acc=55.99%
[colnorm] seed=8 epoch 83/100: kd=0.1481, reg=0.003116, test_acc=55.94%
[colnorm] seed=8 epoch 84/100: kd=0.1526, reg=0.003110, test_acc=56.08%
[colnorm] seed=8 epoch 85/100: kd=0.1440, reg=0.003105, test_acc=55.81%
[colnorm] seed=8 epoch 86/100: kd=0.1477, reg=0.003100, test_acc=56.16%
[colnorm] seed=8 epoch 87/100: kd=0.1598, reg=0.003096, test_acc=55.87%
[colnorm] seed=8 epoch 88/100: kd=0.1547, reg=0.003092, test_acc=55.91%
[colnorm] seed=8 epoch 89/100: kd=0.1263, reg=0.003089, test_acc=56.03%
[colnorm] seed=8 epoch 90/100: kd=0.1409, reg=0.003086, test_acc=55.99%
[colnorm] seed=8 epoch 91/100: kd=0.1434, reg=0.003084, test_acc=55.98%
[colnorm] seed=8 epoch 92/100: kd=0.1548, reg=0.003082, test_acc=55.95%
[colnorm] seed=8 epoch 93/100: kd=0.1521, reg=0.003081, test_acc=55.94%
[colnorm] seed=8 epoch 94/100: kd=0.1311, reg=0.003080, test_acc=55.83%
[colnorm] seed=8 epoch 95/100: kd=0.1665, reg=0.003079, test_acc=56.00%
[colnorm] seed=8 epoch 96/100: kd=0.1314, reg=0.003078, test_acc=56.06%
[colnorm] seed=8 epoch 97/100: kd=0.1343, reg=0.003078, test_acc=56.00%
[colnorm] seed=8 epoch 98/100: kd=0.1300, reg=0.003078, test_acc=55.95%
[colnorm] seed=8 epoch 99/100: kd=0.1308, reg=0.003078, test_acc=55.97%
[colnorm] seed=8 epoch 100/100: kd=0.1378, reg=0.003077, test_acc=55.91%
[colnorm] seed=9 epoch 01/100: kd=10.0712, reg=0.000178, test_acc=11.52%
[colnorm] seed=9 epoch 02/100: kd=7.7510, reg=0.001501, test_acc=19.99%
[colnorm] seed=9 epoch 03/100: kd=6.8043, reg=0.003343, test_acc=23.36%
[colnorm] seed=9 epoch 04/100: kd=5.8163, reg=0.004297, test_acc=30.27%
[colnorm] seed=9 epoch 05/100: kd=5.6556, reg=0.004661, test_acc=27.46%
[colnorm] seed=9 epoch 06/100: kd=5.3981, reg=0.005306, test_acc=33.45%
[colnorm] seed=9 epoch 07/100: kd=5.0271, reg=0.005759, test_acc=31.60%
[colnorm] seed=9 epoch 08/100: kd=4.7746, reg=0.005957, test_acc=33.64%
[colnorm] seed=9 epoch 09/100: kd=4.4442, reg=0.006079, test_acc=35.88%
[colnorm] seed=9 epoch 10/100: kd=4.2438, reg=0.006188, test_acc=34.87%
[colnorm] seed=9 epoch 11/100: kd=4.1227, reg=0.006273, test_acc=40.39%
[colnorm] seed=9 epoch 12/100: kd=3.8622, reg=0.006391, test_acc=41.63%
[colnorm] seed=9 epoch 13/100: kd=3.5294, reg=0.006474, test_acc=42.35%
[colnorm] seed=9 epoch 14/100: kd=3.3557, reg=0.006502, test_acc=41.32%
[colnorm] seed=9 epoch 15/100: kd=3.2946, reg=0.006510, test_acc=45.10%
[colnorm] seed=9 epoch 16/100: kd=3.0461, reg=0.006604, test_acc=38.44%
[colnorm] seed=9 epoch 17/100: kd=2.8194, reg=0.006768, test_acc=48.17%
[colnorm] seed=9 epoch 18/100: kd=2.5148, reg=0.006800, test_acc=44.03%
[colnorm] seed=9 epoch 19/100: kd=2.4083, reg=0.006776, test_acc=44.18%
[colnorm] seed=9 epoch 20/100: kd=2.1104, reg=0.006746, test_acc=48.57%
[colnorm] seed=9 epoch 21/100: kd=2.0082, reg=0.006710, test_acc=47.85%
[colnorm] seed=9 epoch 22/100: kd=1.9902, reg=0.006701, test_acc=45.85%
[colnorm] seed=9 epoch 23/100: kd=1.9001, reg=0.006701, test_acc=46.19%
[colnorm] seed=9 epoch 24/100: kd=1.6933, reg=0.006721, test_acc=48.54%
[colnorm] seed=9 epoch 25/100: kd=1.4938, reg=0.006705, test_acc=45.54%
[colnorm] seed=9 epoch 26/100: kd=1.3756, reg=0.006653, test_acc=49.58%
[colnorm] seed=9 epoch 27/100: kd=1.1679, reg=0.006587, test_acc=50.69%
[colnorm] seed=9 epoch 28/100: kd=1.0676, reg=0.006490, test_acc=51.17%
[colnorm] seed=9 epoch 29/100: kd=0.9861, reg=0.006381, test_acc=49.47%
[colnorm] seed=9 epoch 30/100: kd=0.9682, reg=0.006266, test_acc=51.68%
[colnorm] seed=9 epoch 31/100: kd=0.9739, reg=0.006166, test_acc=52.40%
[colnorm] seed=9 epoch 32/100: kd=1.0083, reg=0.006096, test_acc=51.11%
[colnorm] seed=9 epoch 33/100: kd=0.8753, reg=0.006047, test_acc=52.04%
[colnorm] seed=9 epoch 34/100: kd=0.7889, reg=0.005991, test_acc=53.08%
[colnorm] seed=9 epoch 35/100: kd=0.7747, reg=0.005916, test_acc=52.78%
[colnorm] seed=9 epoch 36/100: kd=0.6909, reg=0.005832, test_acc=53.15%
[colnorm] seed=9 epoch 37/100: kd=0.6718, reg=0.005746, test_acc=52.70%
[colnorm] seed=9 epoch 38/100: kd=0.7199, reg=0.005670, test_acc=52.18%
[colnorm] seed=9 epoch 39/100: kd=0.5600, reg=0.005594, test_acc=54.18%
[colnorm] seed=9 epoch 40/100: kd=0.5869, reg=0.005513, test_acc=53.92%
[colnorm] seed=9 epoch 41/100: kd=0.5027, reg=0.005432, test_acc=53.83%
[colnorm] seed=9 epoch 42/100: kd=0.4719, reg=0.005349, test_acc=53.69%
[colnorm] seed=9 epoch 43/100: kd=0.4344, reg=0.005269, test_acc=55.32%
[colnorm] seed=9 epoch 44/100: kd=0.4220, reg=0.005191, test_acc=55.31%
[colnorm] seed=9 epoch 45/100: kd=0.4397, reg=0.005117, test_acc=55.31%
[colnorm] seed=9 epoch 46/100: kd=0.3819, reg=0.005048, test_acc=54.90%
[colnorm] seed=9 epoch 47/100: kd=0.3805, reg=0.004981, test_acc=54.28%
[colnorm] seed=9 epoch 48/100: kd=0.3577, reg=0.004914, test_acc=55.21%
[colnorm] seed=9 epoch 49/100: kd=0.3486, reg=0.004850, test_acc=55.83%
[colnorm] seed=9 epoch 50/100: kd=0.3519, reg=0.004788, test_acc=55.43%
[colnorm] seed=9 epoch 51/100: kd=0.3423, reg=0.004731, test_acc=55.18%
[colnorm] seed=9 epoch 52/100: kd=0.3358, reg=0.004678, test_acc=55.20%
[colnorm] seed=9 epoch 53/100: kd=0.3366, reg=0.004626, test_acc=55.93%
[colnorm] seed=9 epoch 54/100: kd=0.3071, reg=0.004578, test_acc=54.99%
[colnorm] seed=9 epoch 55/100: kd=0.2938, reg=0.004532, test_acc=55.70%
[colnorm] seed=9 epoch 56/100: kd=0.3099, reg=0.004487, test_acc=55.84%
[colnorm] seed=9 epoch 57/100: kd=0.2668, reg=0.004443, test_acc=55.20%
[colnorm] seed=9 epoch 58/100: kd=0.2861, reg=0.004402, test_acc=55.64%
[colnorm] seed=9 epoch 59/100: kd=0.2518, reg=0.004363, test_acc=55.99%
[colnorm] seed=9 epoch 60/100: kd=0.2439, reg=0.004325, test_acc=56.31%
[colnorm] seed=9 epoch 61/100: kd=0.2374, reg=0.004288, test_acc=56.33%
[colnorm] seed=9 epoch 62/100: kd=0.2324, reg=0.004253, test_acc=55.97%
[colnorm] seed=9 epoch 63/100: kd=0.2161, reg=0.004220, test_acc=56.39%
[colnorm] seed=9 epoch 64/100: kd=0.2084, reg=0.004188, test_acc=56.73%
[colnorm] seed=9 epoch 65/100: kd=0.1955, reg=0.004158, test_acc=56.11%
[colnorm] seed=9 epoch 66/100: kd=0.1998, reg=0.004130, test_acc=56.22%
[colnorm] seed=9 epoch 67/100: kd=0.2044, reg=0.004104, test_acc=56.16%
[colnorm] seed=9 epoch 68/100: kd=0.2019, reg=0.004079, test_acc=56.56%
[colnorm] seed=9 epoch 69/100: kd=0.1900, reg=0.004055, test_acc=56.39%
[colnorm] seed=9 epoch 70/100: kd=0.1982, reg=0.004032, test_acc=55.64%
[colnorm] seed=9 epoch 71/100: kd=0.1910, reg=0.004011, test_acc=56.33%
[colnorm] seed=9 epoch 72/100: kd=0.1942, reg=0.003992, test_acc=56.47%
[colnorm] seed=9 epoch 73/100: kd=0.1914, reg=0.003974, test_acc=56.42%
[colnorm] seed=9 epoch 74/100: kd=0.2293, reg=0.003956, test_acc=56.10%
[colnorm] seed=9 epoch 75/100: kd=0.1939, reg=0.003941, test_acc=56.53%
[colnorm] seed=9 epoch 76/100: kd=0.1691, reg=0.003926, test_acc=56.32%
[colnorm] seed=9 epoch 77/100: kd=0.1835, reg=0.003913, test_acc=56.62%
[colnorm] seed=9 epoch 78/100: kd=0.1685, reg=0.003900, test_acc=56.34%
[colnorm] seed=9 epoch 79/100: kd=0.1600, reg=0.003889, test_acc=56.58%
[colnorm] seed=9 epoch 80/100: kd=0.1735, reg=0.003878, test_acc=56.45%
[colnorm] seed=9 epoch 81/100: kd=0.1683, reg=0.003869, test_acc=56.29%
[colnorm] seed=9 epoch 82/100: kd=0.1657, reg=0.003860, test_acc=56.56%
[colnorm] seed=9 epoch 83/100: kd=0.1462, reg=0.003852, test_acc=56.52%
[colnorm] seed=9 epoch 84/100: kd=0.1443, reg=0.003845, test_acc=56.75%
[colnorm] seed=9 epoch 85/100: kd=0.1676, reg=0.003839, test_acc=56.55%
[colnorm] seed=9 epoch 86/100: kd=0.1524, reg=0.003833, test_acc=56.53%
[colnorm] seed=9 epoch 87/100: kd=0.1609, reg=0.003828, test_acc=56.59%
[colnorm] seed=9 epoch 88/100: kd=0.1522, reg=0.003824, test_acc=56.71%
[colnorm] seed=9 epoch 89/100: kd=0.1677, reg=0.003820, test_acc=56.55%
[colnorm] seed=9 epoch 90/100: kd=0.1704, reg=0.003817, test_acc=56.70%
[colnorm] seed=9 epoch 91/100: kd=0.1547, reg=0.003815, test_acc=56.50%
[colnorm] seed=9 epoch 92/100: kd=0.1550, reg=0.003813, test_acc=56.49%
[colnorm] seed=9 epoch 93/100: kd=0.1478, reg=0.003811, test_acc=56.62%
[colnorm] seed=9 epoch 94/100: kd=0.1244, reg=0.003810, test_acc=56.59%
[colnorm] seed=9 epoch 95/100: kd=0.1495, reg=0.003809, test_acc=56.64%
[colnorm] seed=9 epoch 96/100: kd=0.1478, reg=0.003808, test_acc=56.67%
[colnorm] seed=9 epoch 97/100: kd=0.1403, reg=0.003807, test_acc=56.62%
[colnorm] seed=9 epoch 98/100: kd=0.1426, reg=0.003807, test_acc=56.54%
[colnorm] seed=9 epoch 99/100: kd=0.1395, reg=0.003807, test_acc=56.62%
[colnorm] seed=9 epoch 100/100: kd=0.1523, reg=0.003807, test_acc=56.53%
[full] seed=0 epoch 01/100: kd=9.5082, reg=0.000169, test_acc=9.99%
[full] seed=0 epoch 02/100: kd=7.4236, reg=0.001464, test_acc=17.47%
[full] seed=0 epoch 03/100: kd=6.6631, reg=0.002565, test_acc=19.46%
[full] seed=0 epoch 04/100: kd=6.4025, reg=0.003146, test_acc=25.75%
[full] seed=0 epoch 05/100: kd=6.0952, reg=0.003441, test_acc=28.92%
[full] seed=0 epoch 06/100: kd=5.9550, reg=0.003557, test_acc=25.91%
[full] seed=0 epoch 07/100: kd=5.6727, reg=0.003724, test_acc=29.59%
[full] seed=0 epoch 08/100: kd=5.3585, reg=0.003863, test_acc=32.86%
[full] seed=0 epoch 09/100: kd=5.0955, reg=0.003904, test_acc=33.88%
[full] seed=0 epoch 10/100: kd=4.8412, reg=0.003915, test_acc=27.83%
[full] seed=0 epoch 11/100: kd=4.5088, reg=0.003950, test_acc=36.39%
[full] seed=0 epoch 12/100: kd=4.2917, reg=0.004066, test_acc=36.66%
[full] seed=0 epoch 13/100: kd=4.1692, reg=0.004170, test_acc=37.56%
[full] seed=0 epoch 14/100: kd=3.9155, reg=0.004268, test_acc=35.85%
[full] seed=0 epoch 15/100: kd=3.7570, reg=0.004404, test_acc=41.44%
[full] seed=0 epoch 16/100: kd=3.6207, reg=0.004615, test_acc=34.17%
[full] seed=0 epoch 17/100: kd=3.3760, reg=0.004782, test_acc=41.34%
[full] seed=0 epoch 18/100: kd=3.2283, reg=0.004954, test_acc=41.93%
[full] seed=0 epoch 19/100: kd=2.8907, reg=0.005127, test_acc=39.03%
[full] seed=0 epoch 20/100: kd=2.7654, reg=0.005257, test_acc=44.79%
[full] seed=0 epoch 21/100: kd=2.7241, reg=0.005343, test_acc=43.85%
[full] seed=0 epoch 22/100: kd=2.6471, reg=0.005494, test_acc=47.99%
[full] seed=0 epoch 23/100: kd=2.3559, reg=0.005713, test_acc=45.93%
[full] seed=0 epoch 24/100: kd=2.1161, reg=0.005803, test_acc=46.79%
[full] seed=0 epoch 25/100: kd=1.8500, reg=0.005833, test_acc=49.55%
[full] seed=0 epoch 26/100: kd=1.7719, reg=0.005827, test_acc=45.44%
[full] seed=0 epoch 27/100: kd=1.6309, reg=0.005814, test_acc=47.70%
[full] seed=0 epoch 28/100: kd=1.4728, reg=0.005797, test_acc=50.38%
[full] seed=0 epoch 29/100: kd=1.3046, reg=0.005749, test_acc=47.68%
[full] seed=0 epoch 30/100: kd=1.2508, reg=0.005688, test_acc=52.14%
[full] seed=0 epoch 31/100: kd=1.1564, reg=0.005622, test_acc=50.63%
[full] seed=0 epoch 32/100: kd=1.0905, reg=0.005560, test_acc=50.26%
[full] seed=0 epoch 33/100: kd=1.0146, reg=0.005512, test_acc=51.57%
[full] seed=0 epoch 34/100: kd=0.8860, reg=0.005460, test_acc=51.95%
[full] seed=0 epoch 35/100: kd=0.8610, reg=0.005399, test_acc=50.30%
[full] seed=0 epoch 36/100: kd=0.7778, reg=0.005332, test_acc=49.53%
[full] seed=0 epoch 37/100: kd=0.6836, reg=0.005257, test_acc=54.99%
[full] seed=0 epoch 38/100: kd=0.6317, reg=0.005177, test_acc=54.61%
[full] seed=0 epoch 39/100: kd=0.6310, reg=0.005098, test_acc=55.35%
[full] seed=0 epoch 40/100: kd=0.5834, reg=0.005020, test_acc=55.51%
[full] seed=0 epoch 41/100: kd=0.5647, reg=0.004943, test_acc=55.88%
[full] seed=0 epoch 42/100: kd=0.5340, reg=0.004866, test_acc=54.42%
[full] seed=0 epoch 43/100: kd=0.4789, reg=0.004792, test_acc=56.12%
[full] seed=0 epoch 44/100: kd=0.4762, reg=0.004719, test_acc=54.88%
[full] seed=0 epoch 45/100: kd=0.4502, reg=0.004648, test_acc=55.08%
[full] seed=0 epoch 46/100: kd=0.4248, reg=0.004583, test_acc=55.84%
[full] seed=0 epoch 47/100: kd=0.4212, reg=0.004519, test_acc=55.82%
[full] seed=0 epoch 48/100: kd=0.4282, reg=0.004458, test_acc=55.76%
[full] seed=0 epoch 49/100: kd=0.3775, reg=0.004403, test_acc=54.96%
[full] seed=0 epoch 50/100: kd=0.3999, reg=0.004347, test_acc=55.49%
[full] seed=0 epoch 51/100: kd=0.3907, reg=0.004295, test_acc=54.63%
[full] seed=0 epoch 52/100: kd=0.3759, reg=0.004245, test_acc=56.05%
[full] seed=0 epoch 53/100: kd=0.3268, reg=0.004196, test_acc=56.64%
[full] seed=0 epoch 54/100: kd=0.2918, reg=0.004147, test_acc=57.28%
[full] seed=0 epoch 55/100: kd=0.2573, reg=0.004098, test_acc=56.22%
[full] seed=0 epoch 56/100: kd=0.2691, reg=0.004050, test_acc=57.08%
[full] seed=0 epoch 57/100: kd=0.2714, reg=0.004006, test_acc=56.69%
[full] seed=0 epoch 58/100: kd=0.2377, reg=0.003962, test_acc=56.28%
[full] seed=0 epoch 59/100: kd=0.2545, reg=0.003921, test_acc=57.07%
[full] seed=0 epoch 60/100: kd=0.2380, reg=0.003882, test_acc=57.04%
[full] seed=0 epoch 61/100: kd=0.2547, reg=0.003845, test_acc=56.69%
[full] seed=0 epoch 62/100: kd=0.2682, reg=0.003809, test_acc=56.83%
[full] seed=0 epoch 63/100: kd=0.2403, reg=0.003776, test_acc=57.18%
[full] seed=0 epoch 64/100: kd=0.2303, reg=0.003745, test_acc=57.40%
[full] seed=0 epoch 65/100: kd=0.2366, reg=0.003715, test_acc=57.28%
[full] seed=0 epoch 66/100: kd=0.2242, reg=0.003687, test_acc=57.36%
[full] seed=0 epoch 67/100: kd=0.2277, reg=0.003661, test_acc=55.79%
[full] seed=0 epoch 68/100: kd=0.2049, reg=0.003636, test_acc=57.70%
[full] seed=0 epoch 69/100: kd=0.1933, reg=0.003612, test_acc=56.21%
[full] seed=0 epoch 70/100: kd=0.2209, reg=0.003590, test_acc=57.11%
[full] seed=0 epoch 71/100: kd=0.1800, reg=0.003568, test_acc=57.35%
[full] seed=0 epoch 72/100: kd=0.1753, reg=0.003549, test_acc=57.52%
[full] seed=0 epoch 73/100: kd=0.1977, reg=0.003530, test_acc=56.93%
[full] seed=0 epoch 74/100: kd=0.1894, reg=0.003513, test_acc=57.47%
[full] seed=0 epoch 75/100: kd=0.1594, reg=0.003498, test_acc=57.43%
[full] seed=0 epoch 76/100: kd=0.1665, reg=0.003483, test_acc=57.49%
[full] seed=0 epoch 77/100: kd=0.1764, reg=0.003469, test_acc=57.40%
[full] seed=0 epoch 78/100: kd=0.1687, reg=0.003456, test_acc=57.31%
[full] seed=0 epoch 79/100: kd=0.1697, reg=0.003444, test_acc=57.59%
[full] seed=0 epoch 80/100: kd=0.1704, reg=0.003434, test_acc=57.71%
[full] seed=0 epoch 81/100: kd=0.1637, reg=0.003424, test_acc=57.56%
[full] seed=0 epoch 82/100: kd=0.1517, reg=0.003415, test_acc=57.48%
[full] seed=0 epoch 83/100: kd=0.1487, reg=0.003407, test_acc=57.51%
[full] seed=0 epoch 84/100: kd=0.1559, reg=0.003400, test_acc=57.54%
[full] seed=0 epoch 85/100: kd=0.1358, reg=0.003393, test_acc=57.56%
[full] seed=0 epoch 86/100: kd=0.1568, reg=0.003387, test_acc=57.62%
[full] seed=0 epoch 87/100: kd=0.1310, reg=0.003382, test_acc=57.70%
[full] seed=0 epoch 88/100: kd=0.1383, reg=0.003378, test_acc=57.30%
[full] seed=0 epoch 89/100: kd=0.1297, reg=0.003374, test_acc=57.40%
[full] seed=0 epoch 90/100: kd=0.1335, reg=0.003371, test_acc=57.47%
[full] seed=0 epoch 91/100: kd=0.1418, reg=0.003368, test_acc=57.42%
[full] seed=0 epoch 92/100: kd=0.1462, reg=0.003366, test_acc=57.48%
[full] seed=0 epoch 93/100: kd=0.1617, reg=0.003365, test_acc=57.62%
[full] seed=0 epoch 94/100: kd=0.1467, reg=0.003363, test_acc=57.43%
[full] seed=0 epoch 95/100: kd=0.1347, reg=0.003362, test_acc=57.46%
[full] seed=0 epoch 96/100: kd=0.1329, reg=0.003361, test_acc=57.46%
[full] seed=0 epoch 97/100: kd=0.1514, reg=0.003361, test_acc=57.38%
[full] seed=0 epoch 98/100: kd=0.1291, reg=0.003361, test_acc=57.48%
[full] seed=0 epoch 99/100: kd=0.1390, reg=0.003361, test_acc=57.48%
[full] seed=0 epoch 100/100: kd=0.1447, reg=0.003360, test_acc=57.35%
[full] seed=1 epoch 01/100: kd=9.3499, reg=0.000158, test_acc=10.00%
[full] seed=1 epoch 02/100: kd=7.6349, reg=0.001337, test_acc=12.41%
[full] seed=1 epoch 03/100: kd=6.8004, reg=0.002272, test_acc=22.31%
[full] seed=1 epoch 04/100: kd=6.1990, reg=0.002659, test_acc=25.25%
[full] seed=1 epoch 05/100: kd=5.8793, reg=0.002835, test_acc=25.60%
[full] seed=1 epoch 06/100: kd=5.5640, reg=0.003025, test_acc=26.36%
[full] seed=1 epoch 07/100: kd=5.2289, reg=0.003239, test_acc=31.56%
[full] seed=1 epoch 08/100: kd=5.0159, reg=0.003463, test_acc=32.91%
[full] seed=1 epoch 09/100: kd=4.7582, reg=0.003676, test_acc=30.20%
[full] seed=1 epoch 10/100: kd=4.5013, reg=0.003940, test_acc=32.04%
[full] seed=1 epoch 11/100: kd=4.2425, reg=0.004198, test_acc=36.87%
[full] seed=1 epoch 12/100: kd=3.9792, reg=0.004353, test_acc=41.50%
[full] seed=1 epoch 13/100: kd=3.6585, reg=0.004490, test_acc=42.95%
[full] seed=1 epoch 14/100: kd=3.3925, reg=0.004626, test_acc=41.64%
[full] seed=1 epoch 15/100: kd=3.2301, reg=0.004749, test_acc=40.55%
[full] seed=1 epoch 16/100: kd=3.1439, reg=0.004884, test_acc=44.42%
[full] seed=1 epoch 17/100: kd=2.9290, reg=0.005073, test_acc=41.55%
[full] seed=1 epoch 18/100: kd=2.6473, reg=0.005271, test_acc=40.65%
[full] seed=1 epoch 19/100: kd=2.2885, reg=0.005368, test_acc=45.83%
[full] seed=1 epoch 20/100: kd=2.1514, reg=0.005462, test_acc=43.64%
[full] seed=1 epoch 21/100: kd=1.9937, reg=0.005549, test_acc=46.93%
[full] seed=1 epoch 22/100: kd=2.0587, reg=0.005619, test_acc=44.52%
[full] seed=1 epoch 23/100: kd=1.7937, reg=0.005671, test_acc=47.50%
[full] seed=1 epoch 24/100: kd=1.5372, reg=0.005712, test_acc=50.44%
[full] seed=1 epoch 25/100: kd=1.3104, reg=0.005692, test_acc=50.01%
[full] seed=1 epoch 26/100: kd=1.1205, reg=0.005628, test_acc=48.69%
[full] seed=1 epoch 27/100: kd=1.0584, reg=0.005545, test_acc=48.63%
[full] seed=1 epoch 28/100: kd=1.0389, reg=0.005465, test_acc=48.13%
[full] seed=1 epoch 29/100: kd=0.9741, reg=0.005397, test_acc=47.77%
[full] seed=1 epoch 30/100: kd=0.8377, reg=0.005326, test_acc=47.93%
[full] seed=1 epoch 31/100: kd=0.7937, reg=0.005243, test_acc=51.32%
[full] seed=1 epoch 32/100: kd=0.6705, reg=0.005144, test_acc=50.57%
[full] seed=1 epoch 33/100: kd=0.6551, reg=0.005043, test_acc=52.27%
[full] seed=1 epoch 34/100: kd=0.6119, reg=0.004944, test_acc=52.07%
[full] seed=1 epoch 35/100: kd=0.5865, reg=0.004856, test_acc=50.90%
[full] seed=1 epoch 36/100: kd=0.5747, reg=0.004777, test_acc=51.54%
[full] seed=1 epoch 37/100: kd=0.5448, reg=0.004701, test_acc=50.43%
[full] seed=1 epoch 38/100: kd=0.5139, reg=0.004625, test_acc=53.51%
[full] seed=1 epoch 39/100: kd=0.5554, reg=0.004548, test_acc=53.00%
[full] seed=1 epoch 40/100: kd=0.4596, reg=0.004475, test_acc=53.09%
[full] seed=1 epoch 41/100: kd=0.4231, reg=0.004404, test_acc=52.91%
[full] seed=1 epoch 42/100: kd=0.4553, reg=0.004334, test_acc=52.55%
[full] seed=1 epoch 43/100: kd=0.4046, reg=0.004268, test_acc=52.42%
[full] seed=1 epoch 44/100: kd=0.4005, reg=0.004200, test_acc=52.75%
[full] seed=1 epoch 45/100: kd=0.3906, reg=0.004139, test_acc=52.48%
[full] seed=1 epoch 46/100: kd=0.3615, reg=0.004079, test_acc=53.23%
[full] seed=1 epoch 47/100: kd=0.3166, reg=0.004019, test_acc=53.55%
[full] seed=1 epoch 48/100: kd=0.3474, reg=0.003960, test_acc=54.35%
[full] seed=1 epoch 49/100: kd=0.3421, reg=0.003903, test_acc=53.47%
[full] seed=1 epoch 50/100: kd=0.3193, reg=0.003852, test_acc=53.92%
[full] seed=1 epoch 51/100: kd=0.2796, reg=0.003800, test_acc=53.47%
[full] seed=1 epoch 52/100: kd=0.3198, reg=0.003751, test_acc=53.57%
[full] seed=1 epoch 53/100: kd=0.2899, reg=0.003708, test_acc=51.63%
[full] seed=1 epoch 54/100: kd=0.2436, reg=0.003664, test_acc=54.41%
[full] seed=1 epoch 55/100: kd=0.2322, reg=0.003621, test_acc=53.83%
[full] seed=1 epoch 56/100: kd=0.2746, reg=0.003581, test_acc=54.22%
[full] seed=1 epoch 57/100: kd=0.2737, reg=0.003541, test_acc=54.02%
[full] seed=1 epoch 58/100: kd=0.2084, reg=0.003503, test_acc=54.46%
[full] seed=1 epoch 59/100: kd=0.2009, reg=0.003467, test_acc=54.13%
[full] seed=1 epoch 60/100: kd=0.2279, reg=0.003432, test_acc=54.13%
[full] seed=1 epoch 61/100: kd=0.2553, reg=0.003399, test_acc=54.41%
[full] seed=1 epoch 62/100: kd=0.2313, reg=0.003370, test_acc=54.48%
[full] seed=1 epoch 63/100: kd=0.2274, reg=0.003341, test_acc=54.39%
[full] seed=1 epoch 64/100: kd=0.2424, reg=0.003315, test_acc=53.54%
[full] seed=1 epoch 65/100: kd=0.1779, reg=0.003289, test_acc=53.81%
[full] seed=1 epoch 66/100: kd=0.2120, reg=0.003265, test_acc=54.54%
[full] seed=1 epoch 67/100: kd=0.1775, reg=0.003242, test_acc=54.89%
[full] seed=1 epoch 68/100: kd=0.1669, reg=0.003220, test_acc=54.18%
[full] seed=1 epoch 69/100: kd=0.1633, reg=0.003199, test_acc=54.86%
[full] seed=1 epoch 70/100: kd=0.1936, reg=0.003179, test_acc=54.85%
[full] seed=1 epoch 71/100: kd=0.1776, reg=0.003161, test_acc=54.85%
[full] seed=1 epoch 72/100: kd=0.1904, reg=0.003145, test_acc=54.48%
[full] seed=1 epoch 73/100: kd=0.1539, reg=0.003128, test_acc=54.99%
[full] seed=1 epoch 74/100: kd=0.1714, reg=0.003113, test_acc=55.13%
[full] seed=1 epoch 75/100: kd=0.1448, reg=0.003099, test_acc=54.91%
[full] seed=1 epoch 76/100: kd=0.1526, reg=0.003086, test_acc=54.67%
[full] seed=1 epoch 77/100: kd=0.1404, reg=0.003074, test_acc=54.90%
[full] seed=1 epoch 78/100: kd=0.1418, reg=0.003063, test_acc=54.91%
[full] seed=1 epoch 79/100: kd=0.1580, reg=0.003053, test_acc=54.89%
[full] seed=1 epoch 80/100: kd=0.1527, reg=0.003043, test_acc=54.98%
[full] seed=1 epoch 81/100: kd=0.1498, reg=0.003035, test_acc=54.75%
[full] seed=1 epoch 82/100: kd=0.1341, reg=0.003027, test_acc=54.65%
[full] seed=1 epoch 83/100: kd=0.1472, reg=0.003020, test_acc=54.87%
[full] seed=1 epoch 84/100: kd=0.1394, reg=0.003014, test_acc=54.90%
[full] seed=1 epoch 85/100: kd=0.1499, reg=0.003008, test_acc=54.76%
[full] seed=1 epoch 86/100: kd=0.1257, reg=0.003004, test_acc=54.69%
[full] seed=1 epoch 87/100: kd=0.1385, reg=0.002999, test_acc=54.75%
[full] seed=1 epoch 88/100: kd=0.1459, reg=0.002996, test_acc=54.70%
[full] seed=1 epoch 89/100: kd=0.1358, reg=0.002992, test_acc=54.91%
[full] seed=1 epoch 90/100: kd=0.1253, reg=0.002989, test_acc=54.75%
[full] seed=1 epoch 91/100: kd=0.1605, reg=0.002987, test_acc=54.91%
[full] seed=1 epoch 92/100: kd=0.1238, reg=0.002985, test_acc=54.80%
[full] seed=1 epoch 93/100: kd=0.1457, reg=0.002984, test_acc=54.79%
[full] seed=1 epoch 94/100: kd=0.1375, reg=0.002983, test_acc=54.83%
[full] seed=1 epoch 95/100: kd=0.1327, reg=0.002982, test_acc=54.69%
[full] seed=1 epoch 96/100: kd=0.1235, reg=0.002981, test_acc=54.64%
[full] seed=1 epoch 97/100: kd=0.1275, reg=0.002981, test_acc=54.78%
[full] seed=1 epoch 98/100: kd=0.1360, reg=0.002980, test_acc=54.78%
[full] seed=1 epoch 99/100: kd=0.1471, reg=0.002980, test_acc=54.68%
[full] seed=1 epoch 100/100: kd=0.1424, reg=0.002980, test_acc=54.72%
[full] seed=2 epoch 01/100: kd=10.0443, reg=0.000189, test_acc=9.35%
[full] seed=2 epoch 02/100: kd=8.1641, reg=0.001563, test_acc=9.96%
[full] seed=2 epoch 03/100: kd=7.1422, reg=0.002630, test_acc=21.25%
[full] seed=2 epoch 04/100: kd=6.8450, reg=0.003234, test_acc=23.63%
[full] seed=2 epoch 05/100: kd=6.4815, reg=0.003645, test_acc=32.95%
[full] seed=2 epoch 06/100: kd=5.8281, reg=0.003973, test_acc=25.02%
[full] seed=2 epoch 07/100: kd=5.4704, reg=0.004325, test_acc=34.86%
[full] seed=2 epoch 08/100: kd=5.0274, reg=0.004649, test_acc=38.69%
[full] seed=2 epoch 09/100: kd=4.9035, reg=0.004789, test_acc=38.72%
[full] seed=2 epoch 10/100: kd=4.7381, reg=0.004996, test_acc=31.66%
[full] seed=2 epoch 11/100: kd=4.3134, reg=0.005169, test_acc=38.25%
[full] seed=2 epoch 12/100: kd=4.2121, reg=0.005307, test_acc=40.18%
[full] seed=2 epoch 13/100: kd=3.8025, reg=0.005463, test_acc=40.40%
[full] seed=2 epoch 14/100: kd=3.5973, reg=0.005579, test_acc=43.03%
[full] seed=2 epoch 15/100: kd=3.3162, reg=0.005734, test_acc=34.95%
[full] seed=2 epoch 16/100: kd=3.2070, reg=0.005843, test_acc=41.00%
[full] seed=2 epoch 17/100: kd=3.0088, reg=0.005939, test_acc=45.92%
[full] seed=2 epoch 18/100: kd=2.7493, reg=0.006016, test_acc=42.97%
[full] seed=2 epoch 19/100: kd=2.4146, reg=0.006089, test_acc=41.96%
[full] seed=2 epoch 20/100: kd=2.3723, reg=0.006154, test_acc=46.34%
[full] seed=2 epoch 21/100: kd=2.1660, reg=0.006268, test_acc=45.81%
[full] seed=2 epoch 22/100: kd=2.0750, reg=0.006321, test_acc=46.31%
[full] seed=2 epoch 23/100: kd=1.8643, reg=0.006353, test_acc=46.63%
[full] seed=2 epoch 24/100: kd=1.6241, reg=0.006375, test_acc=46.87%
[full] seed=2 epoch 25/100: kd=1.5805, reg=0.006346, test_acc=48.20%
[full] seed=2 epoch 26/100: kd=1.4670, reg=0.006325, test_acc=47.99%
[full] seed=2 epoch 27/100: kd=1.3937, reg=0.006317, test_acc=48.20%
[full] seed=2 epoch 28/100: kd=1.2891, reg=0.006299, test_acc=47.33%
[full] seed=2 epoch 29/100: kd=1.1481, reg=0.006265, test_acc=50.21%
[full] seed=2 epoch 30/100: kd=0.9835, reg=0.006214, test_acc=50.58%
[full] seed=2 epoch 31/100: kd=0.9135, reg=0.006122, test_acc=48.66%
[full] seed=2 epoch 32/100: kd=0.8853, reg=0.006028, test_acc=49.53%
[full] seed=2 epoch 33/100: kd=0.7797, reg=0.005949, test_acc=51.53%
[full] seed=2 epoch 34/100: kd=0.7046, reg=0.005861, test_acc=50.88%
[full] seed=2 epoch 35/100: kd=0.6465, reg=0.005754, test_acc=51.80%
[full] seed=2 epoch 36/100: kd=0.6439, reg=0.005650, test_acc=50.69%
[full] seed=2 epoch 37/100: kd=0.5933, reg=0.005542, test_acc=52.05%
[full] seed=2 epoch 38/100: kd=0.5177, reg=0.005448, test_acc=51.04%
[full] seed=2 epoch 39/100: kd=0.5196, reg=0.005348, test_acc=51.12%
[full] seed=2 epoch 40/100: kd=0.5537, reg=0.005250, test_acc=50.89%
[full] seed=2 epoch 41/100: kd=0.5328, reg=0.005169, test_acc=52.16%
[full] seed=2 epoch 42/100: kd=0.5082, reg=0.005091, test_acc=51.75%
[full] seed=2 epoch 43/100: kd=0.4804, reg=0.005012, test_acc=51.41%
[full] seed=2 epoch 44/100: kd=0.4586, reg=0.004942, test_acc=52.37%
[full] seed=2 epoch 45/100: kd=0.4295, reg=0.004869, test_acc=52.99%
[full] seed=2 epoch 46/100: kd=0.4246, reg=0.004797, test_acc=52.39%
[full] seed=2 epoch 47/100: kd=0.3423, reg=0.004727, test_acc=53.70%
[full] seed=2 epoch 48/100: kd=0.3880, reg=0.004658, test_acc=52.73%
[full] seed=2 epoch 49/100: kd=0.3606, reg=0.004596, test_acc=52.25%
[full] seed=2 epoch 50/100: kd=0.3591, reg=0.004537, test_acc=53.67%
[full] seed=2 epoch 51/100: kd=0.3243, reg=0.004481, test_acc=53.61%
[full] seed=2 epoch 52/100: kd=0.2911, reg=0.004424, test_acc=53.29%
[full] seed=2 epoch 53/100: kd=0.3021, reg=0.004368, test_acc=53.30%
[full] seed=2 epoch 54/100: kd=0.3168, reg=0.004315, test_acc=53.01%
[full] seed=2 epoch 55/100: kd=0.2852, reg=0.004268, test_acc=53.67%
[full] seed=2 epoch 56/100: kd=0.2734, reg=0.004223, test_acc=53.68%
[full] seed=2 epoch 57/100: kd=0.2576, reg=0.004179, test_acc=52.96%
[full] seed=2 epoch 58/100: kd=0.2674, reg=0.004137, test_acc=53.50%
[full] seed=2 epoch 59/100: kd=0.2523, reg=0.004098, test_acc=53.51%
[full] seed=2 epoch 60/100: kd=0.2280, reg=0.004060, test_acc=53.98%
[full] seed=2 epoch 61/100: kd=0.2709, reg=0.004024, test_acc=53.66%
[full] seed=2 epoch 62/100: kd=0.2463, reg=0.003990, test_acc=53.70%
[full] seed=2 epoch 63/100: kd=0.2514, reg=0.003958, test_acc=52.77%
[full] seed=2 epoch 64/100: kd=0.2175, reg=0.003929, test_acc=53.90%
[full] seed=2 epoch 65/100: kd=0.2298, reg=0.003901, test_acc=53.63%
[full] seed=2 epoch 66/100: kd=0.2132, reg=0.003873, test_acc=54.28%
[full] seed=2 epoch 67/100: kd=0.2271, reg=0.003848, test_acc=53.78%
[full] seed=2 epoch 68/100: kd=0.1955, reg=0.003824, test_acc=53.71%
[full] seed=2 epoch 69/100: kd=0.2169, reg=0.003801, test_acc=53.86%
[full] seed=2 epoch 70/100: kd=0.2001, reg=0.003780, test_acc=53.98%
[full] seed=2 epoch 71/100: kd=0.1922, reg=0.003760, test_acc=53.60%
[full] seed=2 epoch 72/100: kd=0.1935, reg=0.003742, test_acc=54.12%
[full] seed=2 epoch 73/100: kd=0.1854, reg=0.003725, test_acc=54.02%
[full] seed=2 epoch 74/100: kd=0.1785, reg=0.003708, test_acc=54.18%
[full] seed=2 epoch 75/100: kd=0.1659, reg=0.003693, test_acc=54.03%
[full] seed=2 epoch 76/100: kd=0.1925, reg=0.003679, test_acc=54.14%
[full] seed=2 epoch 77/100: kd=0.1676, reg=0.003665, test_acc=54.17%
[full] seed=2 epoch 78/100: kd=0.1635, reg=0.003653, test_acc=54.10%
[full] seed=2 epoch 79/100: kd=0.1569, reg=0.003642, test_acc=53.89%
[full] seed=2 epoch 80/100: kd=0.2085, reg=0.003632, test_acc=54.03%
[full] seed=2 epoch 81/100: kd=0.1675, reg=0.003622, test_acc=54.07%
[full] seed=2 epoch 82/100: kd=0.1802, reg=0.003614, test_acc=54.06%
[full] seed=2 epoch 83/100: kd=0.1651, reg=0.003607, test_acc=53.84%
[full] seed=2 epoch 84/100: kd=0.1442, reg=0.003600, test_acc=54.07%
[full] seed=2 epoch 85/100: kd=0.1479, reg=0.003594, test_acc=54.03%
[full] seed=2 epoch 86/100: kd=0.1744, reg=0.003588, test_acc=54.07%
[full] seed=2 epoch 87/100: kd=0.1501, reg=0.003584, test_acc=53.92%
[full] seed=2 epoch 88/100: kd=0.1444, reg=0.003579, test_acc=53.92%
[full] seed=2 epoch 89/100: kd=0.1405, reg=0.003576, test_acc=53.79%
[full] seed=2 epoch 90/100: kd=0.1676, reg=0.003573, test_acc=53.91%
[full] seed=2 epoch 91/100: kd=0.1256, reg=0.003570, test_acc=53.78%
[full] seed=2 epoch 92/100: kd=0.1572, reg=0.003568, test_acc=53.97%
[full] seed=2 epoch 93/100: kd=0.1511, reg=0.003567, test_acc=54.06%
[full] seed=2 epoch 94/100: kd=0.1376, reg=0.003565, test_acc=53.96%
[full] seed=2 epoch 95/100: kd=0.1524, reg=0.003564, test_acc=53.98%
[full] seed=2 epoch 96/100: kd=0.1397, reg=0.003564, test_acc=53.89%
[full] seed=2 epoch 97/100: kd=0.1419, reg=0.003563, test_acc=53.86%
[full] seed=2 epoch 98/100: kd=0.1378, reg=0.003563, test_acc=53.87%
[full] seed=2 epoch 99/100: kd=0.1373, reg=0.003563, test_acc=53.87%
[full] seed=2 epoch 100/100: kd=0.1342, reg=0.003563, test_acc=53.92%
[full] seed=3 epoch 01/100: kd=9.3172, reg=0.000176, test_acc=10.00%
[full] seed=3 epoch 02/100: kd=7.7183, reg=0.001335, test_acc=11.21%
[full] seed=3 epoch 03/100: kd=6.2123, reg=0.002264, test_acc=27.47%
[full] seed=3 epoch 04/100: kd=6.0513, reg=0.002632, test_acc=21.14%
[full] seed=3 epoch 05/100: kd=5.9186, reg=0.002867, test_acc=28.04%
[full] seed=3 epoch 06/100: kd=5.3384, reg=0.003046, test_acc=34.01%
[full] seed=3 epoch 07/100: kd=5.0632, reg=0.003169, test_acc=30.91%
[full] seed=3 epoch 08/100: kd=4.6409, reg=0.003272, test_acc=35.10%
[full] seed=3 epoch 09/100: kd=4.4954, reg=0.003448, test_acc=37.59%
[full] seed=3 epoch 10/100: kd=4.2017, reg=0.003586, test_acc=31.81%
[full] seed=3 epoch 11/100: kd=4.0625, reg=0.003756, test_acc=36.35%
[full] seed=3 epoch 12/100: kd=3.6975, reg=0.003998, test_acc=40.65%
[full] seed=3 epoch 13/100: kd=3.3936, reg=0.004171, test_acc=40.19%
[full] seed=3 epoch 14/100: kd=3.0416, reg=0.004278, test_acc=45.57%
[full] seed=3 epoch 15/100: kd=2.9361, reg=0.004368, test_acc=44.00%
[full] seed=3 epoch 16/100: kd=2.8662, reg=0.004520, test_acc=39.99%
[full] seed=3 epoch 17/100: kd=2.6948, reg=0.004790, test_acc=45.40%
[full] seed=3 epoch 18/100: kd=2.3541, reg=0.005016, test_acc=47.03%
[full] seed=3 epoch 19/100: kd=2.0461, reg=0.005105, test_acc=46.61%
[full] seed=3 epoch 20/100: kd=1.8201, reg=0.005128, test_acc=46.83%
[full] seed=3 epoch 21/100: kd=1.6992, reg=0.005155, test_acc=41.59%
[full] seed=3 epoch 22/100: kd=1.5770, reg=0.005169, test_acc=46.66%
[full] seed=3 epoch 23/100: kd=1.4057, reg=0.005162, test_acc=47.51%
[full] seed=3 epoch 24/100: kd=1.3501, reg=0.005136, test_acc=47.60%
[full] seed=3 epoch 25/100: kd=1.2229, reg=0.005091, test_acc=49.17%
[full] seed=3 epoch 26/100: kd=1.0694, reg=0.005046, test_acc=45.93%
[full] seed=3 epoch 27/100: kd=0.8821, reg=0.004993, test_acc=48.77%
[full] seed=3 epoch 28/100: kd=0.8004, reg=0.004922, test_acc=50.08%
[full] seed=3 epoch 29/100: kd=0.7962, reg=0.004850, test_acc=50.70%
[full] seed=3 epoch 30/100: kd=0.7370, reg=0.004791, test_acc=48.38%
[full] seed=3 epoch 31/100: kd=0.6712, reg=0.004727, test_acc=51.53%
[full] seed=3 epoch 32/100: kd=0.6574, reg=0.004659, test_acc=50.48%
[full] seed=3 epoch 33/100: kd=0.5596, reg=0.004591, test_acc=52.39%
[full] seed=3 epoch 34/100: kd=0.5313, reg=0.004513, test_acc=51.63%
[full] seed=3 epoch 35/100: kd=0.4958, reg=0.004435, test_acc=52.48%
[full] seed=3 epoch 36/100: kd=0.4443, reg=0.004359, test_acc=52.19%
[full] seed=3 epoch 37/100: kd=0.4257, reg=0.004283, test_acc=52.50%
[full] seed=3 epoch 38/100: kd=0.4418, reg=0.004207, test_acc=48.42%
[full] seed=3 epoch 39/100: kd=0.3993, reg=0.004142, test_acc=52.46%
[full] seed=3 epoch 40/100: kd=0.3841, reg=0.004077, test_acc=51.02%
[full] seed=3 epoch 41/100: kd=0.3881, reg=0.004013, test_acc=51.77%
[full] seed=3 epoch 42/100: kd=0.3747, reg=0.003952, test_acc=52.12%
[full] seed=3 epoch 43/100: kd=0.3484, reg=0.003897, test_acc=53.18%
[full] seed=3 epoch 44/100: kd=0.3850, reg=0.003844, test_acc=53.06%
[full] seed=3 epoch 45/100: kd=0.3667, reg=0.003793, test_acc=53.24%
[full] seed=3 epoch 46/100: kd=0.3532, reg=0.003746, test_acc=52.77%
[full] seed=3 epoch 47/100: kd=0.3265, reg=0.003700, test_acc=53.13%
[full] seed=3 epoch 48/100: kd=0.2909, reg=0.003655, test_acc=52.64%
[full] seed=3 epoch 49/100: kd=0.3192, reg=0.003610, test_acc=52.46%
[full] seed=3 epoch 50/100: kd=0.3020, reg=0.003567, test_acc=53.04%
[full] seed=3 epoch 51/100: kd=0.2797, reg=0.003526, test_acc=54.18%
[full] seed=3 epoch 52/100: kd=0.2921, reg=0.003486, test_acc=53.39%
[full] seed=3 epoch 53/100: kd=0.2851, reg=0.003448, test_acc=53.82%
[full] seed=3 epoch 54/100: kd=0.2917, reg=0.003411, test_acc=52.50%
[full] seed=3 epoch 55/100: kd=0.2335, reg=0.003375, test_acc=53.01%
[full] seed=3 epoch 56/100: kd=0.2394, reg=0.003342, test_acc=53.94%
[full] seed=3 epoch 57/100: kd=0.2199, reg=0.003309, test_acc=54.20%
[full] seed=3 epoch 58/100: kd=0.2178, reg=0.003277, test_acc=53.23%
[full] seed=3 epoch 59/100: kd=0.2378, reg=0.003246, test_acc=52.98%
[full] seed=3 epoch 60/100: kd=0.2123, reg=0.003217, test_acc=53.36%
[full] seed=3 epoch 61/100: kd=0.2075, reg=0.003190, test_acc=53.61%
[full] seed=3 epoch 62/100: kd=0.1774, reg=0.003164, test_acc=53.86%
[full] seed=3 epoch 63/100: kd=0.2130, reg=0.003138, test_acc=53.54%
[full] seed=3 epoch 64/100: kd=0.1969, reg=0.003115, test_acc=53.74%
[full] seed=3 epoch 65/100: kd=0.1917, reg=0.003093, test_acc=53.01%
[full] seed=3 epoch 66/100: kd=0.1974, reg=0.003072, test_acc=53.67%
[full] seed=3 epoch 67/100: kd=0.1565, reg=0.003052, test_acc=53.48%
[full] seed=3 epoch 68/100: kd=0.1609, reg=0.003032, test_acc=53.90%
[full] seed=3 epoch 69/100: kd=0.1857, reg=0.003014, test_acc=54.02%
[full] seed=3 epoch 70/100: kd=0.1545, reg=0.002997, test_acc=53.65%
[full] seed=3 epoch 71/100: kd=0.1561, reg=0.002981, test_acc=54.22%
[full] seed=3 epoch 72/100: kd=0.1491, reg=0.002966, test_acc=54.20%
[full] seed=3 epoch 73/100: kd=0.1811, reg=0.002952, test_acc=53.73%
[full] seed=3 epoch 74/100: kd=0.1696, reg=0.002939, test_acc=54.03%
[full] seed=3 epoch 75/100: kd=0.1463, reg=0.002927, test_acc=53.53%
[full] seed=3 epoch 76/100: kd=0.1648, reg=0.002916, test_acc=54.17%
[full] seed=3 epoch 77/100: kd=0.1253, reg=0.002906, test_acc=54.04%
[full] seed=3 epoch 78/100: kd=0.1186, reg=0.002896, test_acc=53.90%
[full] seed=3 epoch 79/100: kd=0.1391, reg=0.002887, test_acc=53.93%
[full] seed=3 epoch 80/100: kd=0.1309, reg=0.002879, test_acc=53.86%
[full] seed=3 epoch 81/100: kd=0.1408, reg=0.002871, test_acc=54.04%
[full] seed=3 epoch 82/100: kd=0.1414, reg=0.002864, test_acc=53.94%
[full] seed=3 epoch 83/100: kd=0.1243, reg=0.002858, test_acc=53.89%
[full] seed=3 epoch 84/100: kd=0.1346, reg=0.002853, test_acc=53.86%
[full] seed=3 epoch 85/100: kd=0.1372, reg=0.002848, test_acc=53.89%
[full] seed=3 epoch 86/100: kd=0.1169, reg=0.002844, test_acc=54.07%
[full] seed=3 epoch 87/100: kd=0.1323, reg=0.002840, test_acc=53.96%
[full] seed=3 epoch 88/100: kd=0.1334, reg=0.002837, test_acc=53.99%
[full] seed=3 epoch 89/100: kd=0.1109, reg=0.002834, test_acc=53.72%
[full] seed=3 epoch 90/100: kd=0.1509, reg=0.002831, test_acc=53.99%
[full] seed=3 epoch 91/100: kd=0.1400, reg=0.002830, test_acc=53.93%
[full] seed=3 epoch 92/100: kd=0.1179, reg=0.002828, test_acc=54.03%
[full] seed=3 epoch 93/100: kd=0.1182, reg=0.002827, test_acc=53.93%
[full] seed=3 epoch 94/100: kd=0.1254, reg=0.002826, test_acc=53.89%
[full] seed=3 epoch 95/100: kd=0.1308, reg=0.002825, test_acc=53.94%
[full] seed=3 epoch 96/100: kd=0.1145, reg=0.002824, test_acc=53.92%
[full] seed=3 epoch 97/100: kd=0.1390, reg=0.002824, test_acc=53.84%
[full] seed=3 epoch 98/100: kd=0.1185, reg=0.002824, test_acc=53.78%
[full] seed=3 epoch 99/100: kd=0.1137, reg=0.002823, test_acc=53.92%
[full] seed=3 epoch 100/100: kd=0.1227, reg=0.002823, test_acc=53.87%
[full] seed=4 epoch 01/100: kd=9.6779, reg=0.000133, test_acc=10.00%
[full] seed=4 epoch 02/100: kd=7.2688, reg=0.001055, test_acc=13.91%
[full] seed=4 epoch 03/100: kd=6.3342, reg=0.001850, test_acc=25.91%
[full] seed=4 epoch 04/100: kd=6.0241, reg=0.002209, test_acc=27.99%
[full] seed=4 epoch 05/100: kd=5.7708, reg=0.002370, test_acc=32.82%
[full] seed=4 epoch 06/100: kd=5.3953, reg=0.002534, test_acc=28.88%
[full] seed=4 epoch 07/100: kd=5.0453, reg=0.002757, test_acc=33.23%
[full] seed=4 epoch 08/100: kd=4.7267, reg=0.002971, test_acc=36.76%
[full] seed=4 epoch 09/100: kd=4.4610, reg=0.003125, test_acc=39.16%
[full] seed=4 epoch 10/100: kd=4.0662, reg=0.003278, test_acc=39.61%
[full] seed=4 epoch 11/100: kd=3.7718, reg=0.003447, test_acc=42.30%
[full] seed=4 epoch 12/100: kd=3.6086, reg=0.003584, test_acc=36.51%
[full] seed=4 epoch 13/100: kd=3.5015, reg=0.003806, test_acc=41.95%
[full] seed=4 epoch 14/100: kd=3.3310, reg=0.004046, test_acc=31.70%
[full] seed=4 epoch 15/100: kd=3.0837, reg=0.004262, test_acc=39.86%
[full] seed=4 epoch 16/100: kd=2.7353, reg=0.004461, test_acc=46.74%
[full] seed=4 epoch 17/100: kd=2.4802, reg=0.004647, test_acc=46.62%
[full] seed=4 epoch 18/100: kd=2.2653, reg=0.004827, test_acc=45.77%
[full] seed=4 epoch 19/100: kd=2.1158, reg=0.005026, test_acc=42.33%
[full] seed=4 epoch 20/100: kd=1.9942, reg=0.005220, test_acc=40.52%
[full] seed=4 epoch 21/100: kd=1.8424, reg=0.005293, test_acc=46.18%
[full] seed=4 epoch 22/100: kd=1.7745, reg=0.005333, test_acc=46.51%
[full] seed=4 epoch 23/100: kd=1.5435, reg=0.005367, test_acc=48.01%
[full] seed=4 epoch 24/100: kd=1.2878, reg=0.005338, test_acc=49.46%
[full] seed=4 epoch 25/100: kd=1.3043, reg=0.005283, test_acc=47.81%
[full] seed=4 epoch 26/100: kd=1.2311, reg=0.005272, test_acc=48.14%
[full] seed=4 epoch 27/100: kd=1.0120, reg=0.005259, test_acc=46.23%
[full] seed=4 epoch 28/100: kd=1.0081, reg=0.005211, test_acc=49.47%
[full] seed=4 epoch 29/100: kd=1.0514, reg=0.005159, test_acc=51.48%
[full] seed=4 epoch 30/100: kd=0.9013, reg=0.005117, test_acc=50.68%
[full] seed=4 epoch 31/100: kd=0.7756, reg=0.005064, test_acc=51.42%
[full] seed=4 epoch 32/100: kd=0.7144, reg=0.004999, test_acc=53.18%
[full] seed=4 epoch 33/100: kd=0.7270, reg=0.004926, test_acc=50.43%
[full] seed=4 epoch 34/100: kd=0.6784, reg=0.004854, test_acc=52.28%
[full] seed=4 epoch 35/100: kd=0.5911, reg=0.004778, test_acc=51.92%
[full] seed=4 epoch 36/100: kd=0.6024, reg=0.004700, test_acc=50.27%
[full] seed=4 epoch 37/100: kd=0.6412, reg=0.004629, test_acc=51.29%
[full] seed=4 epoch 38/100: kd=0.5451, reg=0.004566, test_acc=53.23%
[full] seed=4 epoch 39/100: kd=0.5781, reg=0.004502, test_acc=52.18%
[full] seed=4 epoch 40/100: kd=0.5002, reg=0.004437, test_acc=50.91%
[full] seed=4 epoch 41/100: kd=0.4436, reg=0.004369, test_acc=53.74%
[full] seed=4 epoch 42/100: kd=0.4378, reg=0.004299, test_acc=52.58%
[full] seed=4 epoch 43/100: kd=0.4227, reg=0.004232, test_acc=53.46%
[full] seed=4 epoch 44/100: kd=0.3636, reg=0.004169, test_acc=54.20%
[full] seed=4 epoch 45/100: kd=0.3803, reg=0.004104, test_acc=52.48%
[full] seed=4 epoch 46/100: kd=0.3927, reg=0.004044, test_acc=53.52%
[full] seed=4 epoch 47/100: kd=0.3425, reg=0.003989, test_acc=52.87%
[full] seed=4 epoch 48/100: kd=0.3554, reg=0.003935, test_acc=53.03%
[full] seed=4 epoch 49/100: kd=0.3906, reg=0.003882, test_acc=53.45%
[full] seed=4 epoch 50/100: kd=0.2982, reg=0.003834, test_acc=53.89%
[full] seed=4 epoch 51/100: kd=0.2858, reg=0.003788, test_acc=54.36%
[full] seed=4 epoch 52/100: kd=0.2997, reg=0.003739, test_acc=53.61%
[full] seed=4 epoch 53/100: kd=0.2688, reg=0.003692, test_acc=54.08%
[full] seed=4 epoch 54/100: kd=0.2478, reg=0.003647, test_acc=53.80%
[full] seed=4 epoch 55/100: kd=0.2708, reg=0.003604, test_acc=54.03%
[full] seed=4 epoch 56/100: kd=0.2951, reg=0.003564, test_acc=54.01%
[full] seed=4 epoch 57/100: kd=0.2576, reg=0.003526, test_acc=54.78%
[full] seed=4 epoch 58/100: kd=0.2193, reg=0.003491, test_acc=54.60%
[full] seed=4 epoch 59/100: kd=0.2214, reg=0.003455, test_acc=54.60%
[full] seed=4 epoch 60/100: kd=0.2161, reg=0.003422, test_acc=54.65%
[full] seed=4 epoch 61/100: kd=0.2426, reg=0.003390, test_acc=54.34%
[full] seed=4 epoch 62/100: kd=0.2253, reg=0.003361, test_acc=54.28%
[full] seed=4 epoch 63/100: kd=0.2225, reg=0.003333, test_acc=53.80%
[full] seed=4 epoch 64/100: kd=0.2297, reg=0.003307, test_acc=54.58%
[full] seed=4 epoch 65/100: kd=0.2235, reg=0.003282, test_acc=53.99%
[full] seed=4 epoch 66/100: kd=0.2001, reg=0.003259, test_acc=54.07%
[full] seed=4 epoch 67/100: kd=0.1954, reg=0.003237, test_acc=54.62%
[full] seed=4 epoch 68/100: kd=0.1919, reg=0.003215, test_acc=54.97%
[full] seed=4 epoch 69/100: kd=0.1891, reg=0.003194, test_acc=54.90%
[full] seed=4 epoch 70/100: kd=0.2301, reg=0.003175, test_acc=54.20%
[full] seed=4 epoch 71/100: kd=0.2032, reg=0.003158, test_acc=54.29%
[full] seed=4 epoch 72/100: kd=0.1709, reg=0.003142, test_acc=54.70%
[full] seed=4 epoch 73/100: kd=0.1797, reg=0.003126, test_acc=54.74%
[full] seed=4 epoch 74/100: kd=0.1913, reg=0.003111, test_acc=54.91%
[full] seed=4 epoch 75/100: kd=0.1676, reg=0.003098, test_acc=54.72%
[full] seed=4 epoch 76/100: kd=0.1808, reg=0.003085, test_acc=54.75%
[full] seed=4 epoch 77/100: kd=0.1625, reg=0.003073, test_acc=54.74%
[full] seed=4 epoch 78/100: kd=0.1599, reg=0.003062, test_acc=54.83%
[full] seed=4 epoch 79/100: kd=0.1692, reg=0.003053, test_acc=54.93%
[full] seed=4 epoch 80/100: kd=0.1545, reg=0.003044, test_acc=54.90%
[full] seed=4 epoch 81/100: kd=0.1665, reg=0.003035, test_acc=55.12%
[full] seed=4 epoch 82/100: kd=0.1508, reg=0.003028, test_acc=54.98%
[full] seed=4 epoch 83/100: kd=0.1442, reg=0.003021, test_acc=54.98%
[full] seed=4 epoch 84/100: kd=0.1423, reg=0.003015, test_acc=55.05%
[full] seed=4 epoch 85/100: kd=0.1439, reg=0.003010, test_acc=54.97%
[full] seed=4 epoch 86/100: kd=0.1350, reg=0.003005, test_acc=54.82%
[full] seed=4 epoch 87/100: kd=0.1323, reg=0.003001, test_acc=54.92%
[full] seed=4 epoch 88/100: kd=0.1492, reg=0.002997, test_acc=54.85%
[full] seed=4 epoch 89/100: kd=0.1486, reg=0.002994, test_acc=54.74%
[full] seed=4 epoch 90/100: kd=0.1465, reg=0.002991, test_acc=54.87%
[full] seed=4 epoch 91/100: kd=0.1602, reg=0.002989, test_acc=54.93%
[full] seed=4 epoch 92/100: kd=0.1300, reg=0.002987, test_acc=54.80%
[full] seed=4 epoch 93/100: kd=0.1243, reg=0.002986, test_acc=54.92%
[full] seed=4 epoch 94/100: kd=0.1371, reg=0.002984, test_acc=55.02%
[full] seed=4 epoch 95/100: kd=0.1289, reg=0.002984, test_acc=54.84%
[full] seed=4 epoch 96/100: kd=0.1344, reg=0.002983, test_acc=54.86%
[full] seed=4 epoch 97/100: kd=0.1356, reg=0.002983, test_acc=54.98%
[full] seed=4 epoch 98/100: kd=0.1302, reg=0.002982, test_acc=54.93%
[full] seed=4 epoch 99/100: kd=0.1372, reg=0.002982, test_acc=54.99%
[full] seed=4 epoch 100/100: kd=0.1361, reg=0.002982, test_acc=54.81%
[full] seed=5 epoch 01/100: kd=10.2616, reg=0.000175, test_acc=10.00%
[full] seed=5 epoch 02/100: kd=7.9561, reg=0.001477, test_acc=18.94%
[full] seed=5 epoch 03/100: kd=7.0058, reg=0.002462, test_acc=19.43%
[full] seed=5 epoch 04/100: kd=6.5122, reg=0.002938, test_acc=25.01%
[full] seed=5 epoch 05/100: kd=6.1374, reg=0.003166, test_acc=24.92%
[full] seed=5 epoch 06/100: kd=5.9694, reg=0.003266, test_acc=29.45%
[full] seed=5 epoch 07/100: kd=5.6094, reg=0.003354, test_acc=31.24%
[full] seed=5 epoch 08/100: kd=5.3841, reg=0.003462, test_acc=32.65%
[full] seed=5 epoch 09/100: kd=5.2167, reg=0.003597, test_acc=31.75%
[full] seed=5 epoch 10/100: kd=5.0182, reg=0.003763, test_acc=29.37%
[full] seed=5 epoch 11/100: kd=4.6207, reg=0.003925, test_acc=33.19%
[full] seed=5 epoch 12/100: kd=4.5996, reg=0.004101, test_acc=38.41%
[full] seed=5 epoch 13/100: kd=4.3991, reg=0.004327, test_acc=33.59%
[full] seed=5 epoch 14/100: kd=4.1235, reg=0.004583, test_acc=35.35%
[full] seed=5 epoch 15/100: kd=3.8508, reg=0.004836, test_acc=36.27%
[full] seed=5 epoch 16/100: kd=3.5059, reg=0.005038, test_acc=42.77%
[full] seed=5 epoch 17/100: kd=3.4608, reg=0.005230, test_acc=40.30%
[full] seed=5 epoch 18/100: kd=3.3192, reg=0.005481, test_acc=43.21%
[full] seed=5 epoch 19/100: kd=3.0542, reg=0.005719, test_acc=43.03%
[full] seed=5 epoch 20/100: kd=2.7753, reg=0.005891, test_acc=43.79%
[full] seed=5 epoch 21/100: kd=2.5814, reg=0.006031, test_acc=48.92%
[full] seed=5 epoch 22/100: kd=2.4335, reg=0.006174, test_acc=42.63%
[full] seed=5 epoch 23/100: kd=2.3189, reg=0.006290, test_acc=48.59%
[full] seed=5 epoch 24/100: kd=2.1287, reg=0.006403, test_acc=48.03%
[full] seed=5 epoch 25/100: kd=2.0686, reg=0.006508, test_acc=45.29%
[full] seed=5 epoch 26/100: kd=1.9992, reg=0.006617, test_acc=43.79%
[full] seed=5 epoch 27/100: kd=1.7600, reg=0.006720, test_acc=40.60%
[full] seed=5 epoch 28/100: kd=1.6060, reg=0.006748, test_acc=47.89%
[full] seed=5 epoch 29/100: kd=1.5694, reg=0.006773, test_acc=49.41%
[full] seed=5 epoch 30/100: kd=1.4343, reg=0.006808, test_acc=46.46%
[full] seed=5 epoch 31/100: kd=1.3632, reg=0.006816, test_acc=52.29%
[full] seed=5 epoch 32/100: kd=1.1135, reg=0.006786, test_acc=51.75%
[full] seed=5 epoch 33/100: kd=1.0161, reg=0.006707, test_acc=50.73%
[full] seed=5 epoch 34/100: kd=0.9835, reg=0.006629, test_acc=43.16%
[full] seed=5 epoch 35/100: kd=0.9032, reg=0.006559, test_acc=50.63%
[full] seed=5 epoch 36/100: kd=0.8250, reg=0.006476, test_acc=53.70%
[full] seed=5 epoch 37/100: kd=0.7960, reg=0.006382, test_acc=54.10%
[full] seed=5 epoch 38/100: kd=0.6773, reg=0.006281, test_acc=54.81%
[full] seed=5 epoch 39/100: kd=0.5926, reg=0.006173, test_acc=53.16%
[full] seed=5 epoch 40/100: kd=0.5872, reg=0.006055, test_acc=53.40%
[full] seed=5 epoch 41/100: kd=0.5388, reg=0.005941, test_acc=55.60%
[full] seed=5 epoch 42/100: kd=0.5045, reg=0.005832, test_acc=53.63%
[full] seed=5 epoch 43/100: kd=0.4842, reg=0.005729, test_acc=54.76%
[full] seed=5 epoch 44/100: kd=0.4663, reg=0.005630, test_acc=54.48%
[full] seed=5 epoch 45/100: kd=0.4451, reg=0.005540, test_acc=54.93%
[full] seed=5 epoch 46/100: kd=0.4775, reg=0.005454, test_acc=54.31%
[full] seed=5 epoch 47/100: kd=0.4336, reg=0.005374, test_acc=53.89%
[full] seed=5 epoch 48/100: kd=0.4544, reg=0.005293, test_acc=55.42%
[full] seed=5 epoch 49/100: kd=0.3919, reg=0.005215, test_acc=55.21%
[full] seed=5 epoch 50/100: kd=0.3853, reg=0.005142, test_acc=54.45%
[full] seed=5 epoch 51/100: kd=0.3812, reg=0.005073, test_acc=55.30%
[full] seed=5 epoch 52/100: kd=0.3733, reg=0.005008, test_acc=55.48%
[full] seed=5 epoch 53/100: kd=0.3641, reg=0.004948, test_acc=53.72%
[full] seed=5 epoch 54/100: kd=0.3481, reg=0.004887, test_acc=55.80%
[full] seed=5 epoch 55/100: kd=0.4331, reg=0.004831, test_acc=55.48%
[full] seed=5 epoch 56/100: kd=0.3549, reg=0.004781, test_acc=55.73%
[full] seed=5 epoch 57/100: kd=0.3406, reg=0.004732, test_acc=55.18%
[full] seed=5 epoch 58/100: kd=0.3157, reg=0.004684, test_acc=55.35%
[full] seed=5 epoch 59/100: kd=0.3269, reg=0.004638, test_acc=56.17%
[full] seed=5 epoch 60/100: kd=0.3047, reg=0.004593, test_acc=55.56%
[full] seed=5 epoch 61/100: kd=0.2543, reg=0.004550, test_acc=55.52%
[full] seed=5 epoch 62/100: kd=0.2635, reg=0.004509, test_acc=55.07%
[full] seed=5 epoch 63/100: kd=0.2775, reg=0.004469, test_acc=55.45%
[full] seed=5 epoch 64/100: kd=0.2896, reg=0.004432, test_acc=55.99%
[full] seed=5 epoch 65/100: kd=0.2752, reg=0.004398, test_acc=55.91%
[full] seed=5 epoch 66/100: kd=0.2190, reg=0.004365, test_acc=55.29%
[full] seed=5 epoch 67/100: kd=0.2304, reg=0.004332, test_acc=56.30%
[full] seed=5 epoch 68/100: kd=0.2337, reg=0.004302, test_acc=55.38%
[full] seed=5 epoch 69/100: kd=0.2448, reg=0.004274, test_acc=56.00%
[full] seed=5 epoch 70/100: kd=0.2226, reg=0.004248, test_acc=56.02%
[full] seed=5 epoch 71/100: kd=0.2384, reg=0.004223, test_acc=55.60%
[full] seed=5 epoch 72/100: kd=0.2066, reg=0.004200, test_acc=56.10%
[full] seed=5 epoch 73/100: kd=0.2039, reg=0.004179, test_acc=56.04%
[full] seed=5 epoch 74/100: kd=0.1825, reg=0.004159, test_acc=56.00%
[full] seed=5 epoch 75/100: kd=0.1913, reg=0.004140, test_acc=55.78%
[full] seed=5 epoch 76/100: kd=0.2069, reg=0.004122, test_acc=56.11%
[full] seed=5 epoch 77/100: kd=0.1878, reg=0.004106, test_acc=56.06%
[full] seed=5 epoch 78/100: kd=0.1967, reg=0.004091, test_acc=56.14%
[full] seed=5 epoch 79/100: kd=0.2085, reg=0.004077, test_acc=56.01%
[full] seed=5 epoch 80/100: kd=0.1866, reg=0.004065, test_acc=55.96%
[full] seed=5 epoch 81/100: kd=0.1952, reg=0.004054, test_acc=56.15%
[full] seed=5 epoch 82/100: kd=0.1773, reg=0.004043, test_acc=56.23%
[full] seed=5 epoch 83/100: kd=0.1780, reg=0.004034, test_acc=56.08%
[full] seed=5 epoch 84/100: kd=0.1767, reg=0.004026, test_acc=56.04%
[full] seed=5 epoch 85/100: kd=0.1719, reg=0.004018, test_acc=56.07%
[full] seed=5 epoch 86/100: kd=0.1596, reg=0.004011, test_acc=55.99%
[full] seed=5 epoch 87/100: kd=0.1676, reg=0.004005, test_acc=56.09%
[full] seed=5 epoch 88/100: kd=0.1715, reg=0.004000, test_acc=56.14%
[full] seed=5 epoch 89/100: kd=0.1673, reg=0.003996, test_acc=56.04%
[full] seed=5 epoch 90/100: kd=0.1659, reg=0.003992, test_acc=56.06%
[full] seed=5 epoch 91/100: kd=0.1638, reg=0.003989, test_acc=56.04%
[full] seed=5 epoch 92/100: kd=0.1755, reg=0.003987, test_acc=56.19%
[full] seed=5 epoch 93/100: kd=0.1785, reg=0.003985, test_acc=55.96%
[full] seed=5 epoch 94/100: kd=0.1639, reg=0.003983, test_acc=56.00%
[full] seed=5 epoch 95/100: kd=0.1621, reg=0.003982, test_acc=56.18%
[full] seed=5 epoch 96/100: kd=0.1439, reg=0.003981, test_acc=56.08%
[full] seed=5 epoch 97/100: kd=0.1659, reg=0.003981, test_acc=56.23%
[full] seed=5 epoch 98/100: kd=0.1548, reg=0.003980, test_acc=56.06%
[full] seed=5 epoch 99/100: kd=0.1404, reg=0.003980, test_acc=55.94%
[full] seed=5 epoch 100/100: kd=0.1740, reg=0.003980, test_acc=55.98%
[full] seed=6 epoch 01/100: kd=9.4298, reg=0.000152, test_acc=9.48%
[full] seed=6 epoch 02/100: kd=7.7416, reg=0.001379, test_acc=13.63%
[full] seed=6 epoch 03/100: kd=7.0427, reg=0.002323, test_acc=21.13%
[full] seed=6 epoch 04/100: kd=6.6933, reg=0.002734, test_acc=23.53%
[full] seed=6 epoch 05/100: kd=6.2335, reg=0.002973, test_acc=20.73%
[full] seed=6 epoch 06/100: kd=6.0076, reg=0.003136, test_acc=26.92%
[full] seed=6 epoch 07/100: kd=5.4573, reg=0.003236, test_acc=30.37%
[full] seed=6 epoch 08/100: kd=5.2635, reg=0.003370, test_acc=31.89%
[full] seed=6 epoch 09/100: kd=5.2269, reg=0.003549, test_acc=31.37%
[full] seed=6 epoch 10/100: kd=4.8877, reg=0.003788, test_acc=21.95%
[full] seed=6 epoch 11/100: kd=4.6058, reg=0.003969, test_acc=30.21%
[full] seed=6 epoch 12/100: kd=4.3076, reg=0.004199, test_acc=34.37%
[full] seed=6 epoch 13/100: kd=4.3597, reg=0.004426, test_acc=34.38%
[full] seed=6 epoch 14/100: kd=4.2737, reg=0.004789, test_acc=30.79%
[full] seed=6 epoch 15/100: kd=3.9742, reg=0.005323, test_acc=30.21%
[full] seed=6 epoch 16/100: kd=3.6220, reg=0.005605, test_acc=40.90%
[full] seed=6 epoch 17/100: kd=3.5310, reg=0.005782, test_acc=37.52%
[full] seed=6 epoch 18/100: kd=3.3507, reg=0.005888, test_acc=43.62%
[full] seed=6 epoch 19/100: kd=2.9176, reg=0.006018, test_acc=41.73%
[full] seed=6 epoch 20/100: kd=2.9091, reg=0.006136, test_acc=40.59%
[full] seed=6 epoch 21/100: kd=2.5943, reg=0.006251, test_acc=41.34%
[full] seed=6 epoch 22/100: kd=2.4208, reg=0.006330, test_acc=42.32%
[full] seed=6 epoch 23/100: kd=2.1542, reg=0.006395, test_acc=44.47%
[full] seed=6 epoch 24/100: kd=2.0874, reg=0.006415, test_acc=44.90%
[full] seed=6 epoch 25/100: kd=2.0579, reg=0.006478, test_acc=45.35%
[full] seed=6 epoch 26/100: kd=2.0606, reg=0.006581, test_acc=41.27%
[full] seed=6 epoch 27/100: kd=1.9425, reg=0.006698, test_acc=46.90%
[full] seed=6 epoch 28/100: kd=1.6256, reg=0.006766, test_acc=47.36%
[full] seed=6 epoch 29/100: kd=1.5050, reg=0.006754, test_acc=47.75%
[full] seed=6 epoch 30/100: kd=1.3978, reg=0.006702, test_acc=46.53%
[full] seed=6 epoch 31/100: kd=1.3059, reg=0.006635, test_acc=45.65%
[full] seed=6 epoch 32/100: kd=1.1611, reg=0.006562, test_acc=48.40%
[full] seed=6 epoch 33/100: kd=1.1165, reg=0.006497, test_acc=49.09%
[full] seed=6 epoch 34/100: kd=1.0241, reg=0.006433, test_acc=51.29%
[full] seed=6 epoch 35/100: kd=0.8975, reg=0.006371, test_acc=49.09%
[full] seed=6 epoch 36/100: kd=0.8722, reg=0.006293, test_acc=49.89%
[full] seed=6 epoch 37/100: kd=0.7371, reg=0.006202, test_acc=51.49%
[full] seed=6 epoch 38/100: kd=0.7010, reg=0.006098, test_acc=48.27%
[full] seed=6 epoch 39/100: kd=0.7348, reg=0.005994, test_acc=51.60%
[full] seed=6 epoch 40/100: kd=0.6312, reg=0.005896, test_acc=52.24%
[full] seed=6 epoch 41/100: kd=0.6087, reg=0.005799, test_acc=51.46%
[full] seed=6 epoch 42/100: kd=0.5612, reg=0.005704, test_acc=51.41%
[full] seed=6 epoch 43/100: kd=0.4984, reg=0.005611, test_acc=51.99%
[full] seed=6 epoch 44/100: kd=0.4929, reg=0.005514, test_acc=51.13%
[full] seed=6 epoch 45/100: kd=0.4393, reg=0.005420, test_acc=51.56%
[full] seed=6 epoch 46/100: kd=0.4694, reg=0.005332, test_acc=51.58%
[full] seed=6 epoch 47/100: kd=0.4922, reg=0.005253, test_acc=50.72%
[full] seed=6 epoch 48/100: kd=0.4424, reg=0.005181, test_acc=52.51%
[full] seed=6 epoch 49/100: kd=0.4092, reg=0.005113, test_acc=52.49%
[full] seed=6 epoch 50/100: kd=0.3920, reg=0.005045, test_acc=52.63%
[full] seed=6 epoch 51/100: kd=0.4033, reg=0.004978, test_acc=51.83%
[full] seed=6 epoch 52/100: kd=0.3794, reg=0.004914, test_acc=53.17%
[full] seed=6 epoch 53/100: kd=0.3378, reg=0.004851, test_acc=52.22%
[full] seed=6 epoch 54/100: kd=0.3741, reg=0.004793, test_acc=52.49%
[full] seed=6 epoch 55/100: kd=0.3743, reg=0.004738, test_acc=50.82%
[full] seed=6 epoch 56/100: kd=0.3014, reg=0.004684, test_acc=52.81%
[full] seed=6 epoch 57/100: kd=0.3118, reg=0.004632, test_acc=51.98%
[full] seed=6 epoch 58/100: kd=0.2996, reg=0.004582, test_acc=53.35%
[full] seed=6 epoch 59/100: kd=0.3037, reg=0.004535, test_acc=53.03%
[full] seed=6 epoch 60/100: kd=0.2653, reg=0.004489, test_acc=52.48%
[full] seed=6 epoch 61/100: kd=0.2922, reg=0.004445, test_acc=53.33%
[full] seed=6 epoch 62/100: kd=0.3035, reg=0.004406, test_acc=53.09%
[full] seed=6 epoch 63/100: kd=0.2521, reg=0.004369, test_acc=53.40%
[full] seed=6 epoch 64/100: kd=0.2706, reg=0.004332, test_acc=51.90%
[full] seed=6 epoch 65/100: kd=0.2683, reg=0.004298, test_acc=53.38%
[full] seed=6 epoch 66/100: kd=0.2474, reg=0.004266, test_acc=52.65%
[full] seed=6 epoch 67/100: kd=0.2324, reg=0.004235, test_acc=53.32%
[full] seed=6 epoch 68/100: kd=0.2203, reg=0.004205, test_acc=53.07%
[full] seed=6 epoch 69/100: kd=0.1998, reg=0.004177, test_acc=53.27%
[full] seed=6 epoch 70/100: kd=0.2014, reg=0.004150, test_acc=53.29%
[full] seed=6 epoch 71/100: kd=0.2204, reg=0.004126, test_acc=53.28%
[full] seed=6 epoch 72/100: kd=0.2127, reg=0.004103, test_acc=53.56%
[full] seed=6 epoch 73/100: kd=0.1968, reg=0.004081, test_acc=53.24%
[full] seed=6 epoch 74/100: kd=0.2066, reg=0.004061, test_acc=53.24%
[full] seed=6 epoch 75/100: kd=0.1846, reg=0.004042, test_acc=53.17%
[full] seed=6 epoch 76/100: kd=0.2099, reg=0.004025, test_acc=53.37%
[full] seed=6 epoch 77/100: kd=0.1778, reg=0.004009, test_acc=53.07%
[full] seed=6 epoch 78/100: kd=0.1776, reg=0.003994, test_acc=53.26%
[full] seed=6 epoch 79/100: kd=0.1644, reg=0.003980, test_acc=53.22%
[full] seed=6 epoch 80/100: kd=0.1859, reg=0.003968, test_acc=53.60%
[full] seed=6 epoch 81/100: kd=0.2053, reg=0.003957, test_acc=53.25%
[full] seed=6 epoch 82/100: kd=0.1825, reg=0.003946, test_acc=53.48%
[full] seed=6 epoch 83/100: kd=0.1789, reg=0.003937, test_acc=53.32%
[full] seed=6 epoch 84/100: kd=0.1619, reg=0.003929, test_acc=53.33%
[full] seed=6 epoch 85/100: kd=0.1698, reg=0.003921, test_acc=53.18%
[full] seed=6 epoch 86/100: kd=0.1676, reg=0.003915, test_acc=53.38%
[full] seed=6 epoch 87/100: kd=0.1747, reg=0.003909, test_acc=53.26%
[full] seed=6 epoch 88/100: kd=0.1846, reg=0.003904, test_acc=53.33%
[full] seed=6 epoch 89/100: kd=0.1643, reg=0.003900, test_acc=53.34%
[full] seed=6 epoch 90/100: kd=0.1636, reg=0.003896, test_acc=53.34%
[full] seed=6 epoch 91/100: kd=0.1674, reg=0.003893, test_acc=53.42%
[full] seed=6 epoch 92/100: kd=0.1740, reg=0.003890, test_acc=53.37%
[full] seed=6 epoch 93/100: kd=0.1506, reg=0.003888, test_acc=53.34%
[full] seed=6 epoch 94/100: kd=0.1731, reg=0.003887, test_acc=53.23%
[full] seed=6 epoch 95/100: kd=0.1553, reg=0.003886, test_acc=53.24%
[full] seed=6 epoch 96/100: kd=0.1507, reg=0.003885, test_acc=53.26%
[full] seed=6 epoch 97/100: kd=0.1857, reg=0.003884, test_acc=53.28%
[full] seed=6 epoch 98/100: kd=0.1600, reg=0.003884, test_acc=53.57%
[full] seed=6 epoch 99/100: kd=0.1580, reg=0.003884, test_acc=53.54%
[full] seed=6 epoch 100/100: kd=0.1459, reg=0.003884, test_acc=53.23%
[full] seed=7 epoch 01/100: kd=10.3038, reg=0.000303, test_acc=10.00%
[full] seed=7 epoch 02/100: kd=8.1267, reg=0.003635, test_acc=10.14%
[full] seed=7 epoch 03/100: kd=7.4218, reg=0.006472, test_acc=21.43%
[full] seed=7 epoch 04/100: kd=6.8846, reg=0.007266, test_acc=23.53%
[full] seed=7 epoch 05/100: kd=6.5054, reg=0.007519, test_acc=29.28%
[full] seed=7 epoch 06/100: kd=5.8860, reg=0.007602, test_acc=24.64%
[full] seed=7 epoch 07/100: kd=5.6391, reg=0.007607, test_acc=28.09%
[full] seed=7 epoch 08/100: kd=5.5133, reg=0.007659, test_acc=22.63%
[full] seed=7 epoch 09/100: kd=5.2148, reg=0.007761, test_acc=29.00%
[full] seed=7 epoch 10/100: kd=5.1660, reg=0.007855, test_acc=32.68%
[full] seed=7 epoch 11/100: kd=4.8020, reg=0.007986, test_acc=35.71%
[full] seed=7 epoch 12/100: kd=4.5715, reg=0.008079, test_acc=38.52%
[full] seed=7 epoch 13/100: kd=4.4034, reg=0.008159, test_acc=34.06%
[full] seed=7 epoch 14/100: kd=4.3039, reg=0.008215, test_acc=36.13%
[full] seed=7 epoch 15/100: kd=4.0554, reg=0.008299, test_acc=37.31%
[full] seed=7 epoch 16/100: kd=3.8937, reg=0.008444, test_acc=37.28%
[full] seed=7 epoch 17/100: kd=3.6881, reg=0.008562, test_acc=41.40%
[full] seed=7 epoch 18/100: kd=3.5351, reg=0.008658, test_acc=42.88%
[full] seed=7 epoch 19/100: kd=3.2947, reg=0.008744, test_acc=42.12%
[full] seed=7 epoch 20/100: kd=3.2155, reg=0.008853, test_acc=39.12%
[full] seed=7 epoch 21/100: kd=2.9914, reg=0.008979, test_acc=43.16%
[full] seed=7 epoch 22/100: kd=2.7777, reg=0.009090, test_acc=41.49%
[full] seed=7 epoch 23/100: kd=2.5892, reg=0.009140, test_acc=39.70%
[full] seed=7 epoch 24/100: kd=2.6189, reg=0.009196, test_acc=44.35%
[full] seed=7 epoch 25/100: kd=2.4188, reg=0.009340, test_acc=45.53%
[full] seed=7 epoch 26/100: kd=2.2024, reg=0.009437, test_acc=46.54%
[full] seed=7 epoch 27/100: kd=2.1026, reg=0.009490, test_acc=47.24%
[full] seed=7 epoch 28/100: kd=1.9180, reg=0.009509, test_acc=47.68%
[full] seed=7 epoch 29/100: kd=1.7055, reg=0.009498, test_acc=45.84%
[full] seed=7 epoch 30/100: kd=1.6719, reg=0.009446, test_acc=44.51%
[full] seed=7 epoch 31/100: kd=1.6036, reg=0.009393, test_acc=42.62%
[full] seed=7 epoch 32/100: kd=1.3835, reg=0.009364, test_acc=44.64%
[full] seed=7 epoch 33/100: kd=1.3195, reg=0.009310, test_acc=48.94%
[full] seed=7 epoch 34/100: kd=1.1415, reg=0.009227, test_acc=47.84%
[full] seed=7 epoch 35/100: kd=1.1277, reg=0.009122, test_acc=48.73%
[full] seed=7 epoch 36/100: kd=0.9784, reg=0.009016, test_acc=48.26%
[full] seed=7 epoch 37/100: kd=0.8972, reg=0.008932, test_acc=48.62%
[full] seed=7 epoch 38/100: kd=0.8754, reg=0.008836, test_acc=49.83%
[full] seed=7 epoch 39/100: kd=0.8610, reg=0.008731, test_acc=48.57%
[full] seed=7 epoch 40/100: kd=0.8062, reg=0.008635, test_acc=50.86%
[full] seed=7 epoch 41/100: kd=0.7164, reg=0.008536, test_acc=50.56%
[full] seed=7 epoch 42/100: kd=0.6560, reg=0.008433, test_acc=50.49%
[full] seed=7 epoch 43/100: kd=0.6465, reg=0.008325, test_acc=50.83%
[full] seed=7 epoch 44/100: kd=0.6533, reg=0.008219, test_acc=49.29%
[full] seed=7 epoch 45/100: kd=0.6257, reg=0.008128, test_acc=50.24%
[full] seed=7 epoch 46/100: kd=0.5486, reg=0.008037, test_acc=50.79%
[full] seed=7 epoch 47/100: kd=0.5631, reg=0.007945, test_acc=50.33%
[full] seed=7 epoch 48/100: kd=0.5319, reg=0.007850, test_acc=50.34%
[full] seed=7 epoch 49/100: kd=0.5387, reg=0.007761, test_acc=50.43%
[full] seed=7 epoch 50/100: kd=0.4959, reg=0.007686, test_acc=50.24%
[full] seed=7 epoch 51/100: kd=0.4576, reg=0.007610, test_acc=51.53%
[full] seed=7 epoch 52/100: kd=0.4342, reg=0.007526, test_acc=51.57%
[full] seed=7 epoch 53/100: kd=0.4148, reg=0.007447, test_acc=50.92%
[full] seed=7 epoch 54/100: kd=0.3649, reg=0.007370, test_acc=51.62%
[full] seed=7 epoch 55/100: kd=0.3708, reg=0.007293, test_acc=50.76%
[full] seed=7 epoch 56/100: kd=0.3713, reg=0.007218, test_acc=51.46%
[full] seed=7 epoch 57/100: kd=0.3336, reg=0.007148, test_acc=50.75%
[full] seed=7 epoch 58/100: kd=0.3224, reg=0.007080, test_acc=52.21%
[full] seed=7 epoch 59/100: kd=0.3105, reg=0.007015, test_acc=51.85%
[full] seed=7 epoch 60/100: kd=0.3328, reg=0.006953, test_acc=51.62%
[full] seed=7 epoch 61/100: kd=0.3078, reg=0.006895, test_acc=51.84%
[full] seed=7 epoch 62/100: kd=0.2769, reg=0.006839, test_acc=51.70%
[full] seed=7 epoch 63/100: kd=0.2832, reg=0.006786, test_acc=51.64%
[full] seed=7 epoch 64/100: kd=0.3020, reg=0.006736, test_acc=52.08%
[full] seed=7 epoch 65/100: kd=0.2800, reg=0.006690, test_acc=51.78%
[full] seed=7 epoch 66/100: kd=0.3148, reg=0.006646, test_acc=51.97%
[full] seed=7 epoch 67/100: kd=0.2725, reg=0.006604, test_acc=51.36%
[full] seed=7 epoch 68/100: kd=0.2894, reg=0.006564, test_acc=52.35%
[full] seed=7 epoch 69/100: kd=0.2347, reg=0.006527, test_acc=52.29%
[full] seed=7 epoch 70/100: kd=0.2609, reg=0.006492, test_acc=52.55%
[full] seed=7 epoch 71/100: kd=0.2090, reg=0.006458, test_acc=52.15%
[full] seed=7 epoch 72/100: kd=0.2440, reg=0.006427, test_acc=52.63%
[full] seed=7 epoch 73/100: kd=0.2255, reg=0.006397, test_acc=52.50%
[full] seed=7 epoch 74/100: kd=0.2147, reg=0.006370, test_acc=52.44%
[full] seed=7 epoch 75/100: kd=0.2181, reg=0.006344, test_acc=52.47%
[full] seed=7 epoch 76/100: kd=0.2106, reg=0.006320, test_acc=52.57%
[full] seed=7 epoch 77/100: kd=0.2031, reg=0.006298, test_acc=52.69%
[full] seed=7 epoch 78/100: kd=0.1960, reg=0.006278, test_acc=52.61%
[full] seed=7 epoch 79/100: kd=0.2168, reg=0.006260, test_acc=52.75%
[full] seed=7 epoch 80/100: kd=0.1792, reg=0.006243, test_acc=52.66%
[full] seed=7 epoch 81/100: kd=0.1723, reg=0.006227, test_acc=52.82%
[full] seed=7 epoch 82/100: kd=0.1922, reg=0.006213, test_acc=52.71%
[full] seed=7 epoch 83/100: kd=0.1841, reg=0.006201, test_acc=52.50%
[full] seed=7 epoch 84/100: kd=0.2016, reg=0.006189, test_acc=52.74%
[full] seed=7 epoch 85/100: kd=0.1650, reg=0.006179, test_acc=52.81%
[full] seed=7 epoch 86/100: kd=0.1812, reg=0.006170, test_acc=52.89%
[full] seed=7 epoch 87/100: kd=0.1905, reg=0.006162, test_acc=52.81%
[full] seed=7 epoch 88/100: kd=0.1867, reg=0.006156, test_acc=52.84%
[full] seed=7 epoch 89/100: kd=0.1929, reg=0.006149, test_acc=52.73%
[full] seed=7 epoch 90/100: kd=0.1510, reg=0.006145, test_acc=52.81%
[full] seed=7 epoch 91/100: kd=0.1783, reg=0.006141, test_acc=52.85%
[full] seed=7 epoch 92/100: kd=0.1574, reg=0.006137, test_acc=52.65%
[full] seed=7 epoch 93/100: kd=0.1479, reg=0.006134, test_acc=52.78%
[full] seed=7 epoch 94/100: kd=0.1825, reg=0.006132, test_acc=52.75%
[full] seed=7 epoch 95/100: kd=0.2104, reg=0.006130, test_acc=52.74%
[full] seed=7 epoch 96/100: kd=0.1874, reg=0.006129, test_acc=52.73%
[full] seed=7 epoch 97/100: kd=0.1940, reg=0.006128, test_acc=52.71%
[full] seed=7 epoch 98/100: kd=0.1903, reg=0.006128, test_acc=52.58%
[full] seed=7 epoch 99/100: kd=0.1622, reg=0.006128, test_acc=52.77%
[full] seed=7 epoch 100/100: kd=0.1818, reg=0.006128, test_acc=52.78%
[full] seed=8 epoch 01/100: kd=9.4879, reg=0.000253, test_acc=10.00%
[full] seed=8 epoch 02/100: kd=7.4070, reg=0.001896, test_acc=15.66%
[full] seed=8 epoch 03/100: kd=6.4974, reg=0.002959, test_acc=18.71%
[full] seed=8 epoch 04/100: kd=6.2075, reg=0.003327, test_acc=27.77%
[full] seed=8 epoch 05/100: kd=5.8918, reg=0.003503, test_acc=30.10%
[full] seed=8 epoch 06/100: kd=5.5033, reg=0.003600, test_acc=32.31%
[full] seed=8 epoch 07/100: kd=5.4988, reg=0.003720, test_acc=32.99%
[full] seed=8 epoch 08/100: kd=5.2237, reg=0.004019, test_acc=32.43%
[full] seed=8 epoch 09/100: kd=5.1439, reg=0.004297, test_acc=32.70%
[full] seed=8 epoch 10/100: kd=4.7513, reg=0.004472, test_acc=30.33%
[full] seed=8 epoch 11/100: kd=4.4465, reg=0.004637, test_acc=35.57%
[full] seed=8 epoch 12/100: kd=4.2798, reg=0.004699, test_acc=35.00%
[full] seed=8 epoch 13/100: kd=4.0659, reg=0.004862, test_acc=38.66%
[full] seed=8 epoch 14/100: kd=3.8468, reg=0.004994, test_acc=34.03%
[full] seed=8 epoch 15/100: kd=3.5996, reg=0.005087, test_acc=37.34%
[full] seed=8 epoch 16/100: kd=3.4268, reg=0.005182, test_acc=34.82%
[full] seed=8 epoch 17/100: kd=3.2712, reg=0.005326, test_acc=37.09%
[full] seed=8 epoch 18/100: kd=3.0597, reg=0.005482, test_acc=40.10%
[full] seed=8 epoch 19/100: kd=2.7626, reg=0.005617, test_acc=42.24%
[full] seed=8 epoch 20/100: kd=2.4997, reg=0.005718, test_acc=38.65%
[full] seed=8 epoch 21/100: kd=2.4585, reg=0.005793, test_acc=40.92%
[full] seed=8 epoch 22/100: kd=2.1180, reg=0.005877, test_acc=42.98%
[full] seed=8 epoch 23/100: kd=2.0362, reg=0.005914, test_acc=41.54%
[full] seed=8 epoch 24/100: kd=1.9412, reg=0.005971, test_acc=47.80%
[full] seed=8 epoch 25/100: kd=1.8450, reg=0.006043, test_acc=45.46%
[full] seed=8 epoch 26/100: kd=1.6193, reg=0.006095, test_acc=47.67%
[full] seed=8 epoch 27/100: kd=1.4556, reg=0.006106, test_acc=45.86%
[full] seed=8 epoch 28/100: kd=1.3567, reg=0.006090, test_acc=45.95%
[full] seed=8 epoch 29/100: kd=1.2310, reg=0.006054, test_acc=44.38%
[full] seed=8 epoch 30/100: kd=1.1708, reg=0.006005, test_acc=47.90%
[full] seed=8 epoch 31/100: kd=1.1644, reg=0.005947, test_acc=47.64%
[full] seed=8 epoch 32/100: kd=1.0010, reg=0.005922, test_acc=46.35%
[full] seed=8 epoch 33/100: kd=0.8532, reg=0.005879, test_acc=48.04%
[full] seed=8 epoch 34/100: kd=0.9375, reg=0.005808, test_acc=45.14%
[full] seed=8 epoch 35/100: kd=0.7953, reg=0.005729, test_acc=48.92%
[full] seed=8 epoch 36/100: kd=0.7367, reg=0.005649, test_acc=47.84%
[full] seed=8 epoch 37/100: kd=0.7946, reg=0.005568, test_acc=49.47%
[full] seed=8 epoch 38/100: kd=0.7377, reg=0.005492, test_acc=48.11%
[full] seed=8 epoch 39/100: kd=0.6719, reg=0.005417, test_acc=50.26%
[full] seed=8 epoch 40/100: kd=0.6590, reg=0.005345, test_acc=47.23%
[full] seed=8 epoch 41/100: kd=0.6702, reg=0.005278, test_acc=46.49%
[full] seed=8 epoch 42/100: kd=0.5950, reg=0.005222, test_acc=49.84%
[full] seed=8 epoch 43/100: kd=0.4951, reg=0.005155, test_acc=49.47%
[full] seed=8 epoch 44/100: kd=0.4912, reg=0.005074, test_acc=50.15%
[full] seed=8 epoch 45/100: kd=0.4711, reg=0.004998, test_acc=50.60%
[full] seed=8 epoch 46/100: kd=0.4417, reg=0.004925, test_acc=51.83%
[full] seed=8 epoch 47/100: kd=0.4221, reg=0.004854, test_acc=48.68%
[full] seed=8 epoch 48/100: kd=0.4135, reg=0.004786, test_acc=50.28%
[full] seed=8 epoch 49/100: kd=0.4261, reg=0.004721, test_acc=51.17%
[full] seed=8 epoch 50/100: kd=0.4293, reg=0.004660, test_acc=51.03%
[full] seed=8 epoch 51/100: kd=0.4012, reg=0.004603, test_acc=51.23%
[full] seed=8 epoch 52/100: kd=0.3578, reg=0.004548, test_acc=50.85%
[full] seed=8 epoch 53/100: kd=0.3631, reg=0.004493, test_acc=51.42%
[full] seed=8 epoch 54/100: kd=0.3443, reg=0.004444, test_acc=52.19%
[full] seed=8 epoch 55/100: kd=0.3036, reg=0.004396, test_acc=51.12%
[full] seed=8 epoch 56/100: kd=0.3244, reg=0.004348, test_acc=51.52%
[full] seed=8 epoch 57/100: kd=0.2916, reg=0.004302, test_acc=51.40%
[full] seed=8 epoch 58/100: kd=0.2911, reg=0.004258, test_acc=51.60%
[full] seed=8 epoch 59/100: kd=0.3008, reg=0.004215, test_acc=51.71%
[full] seed=8 epoch 60/100: kd=0.2727, reg=0.004175, test_acc=51.77%
[full] seed=8 epoch 61/100: kd=0.2440, reg=0.004138, test_acc=52.13%
[full] seed=8 epoch 62/100: kd=0.2494, reg=0.004102, test_acc=52.30%
[full] seed=8 epoch 63/100: kd=0.2069, reg=0.004068, test_acc=51.54%
[full] seed=8 epoch 64/100: kd=0.2285, reg=0.004034, test_acc=52.20%
[full] seed=8 epoch 65/100: kd=0.2264, reg=0.004003, test_acc=52.44%
[full] seed=8 epoch 66/100: kd=0.2254, reg=0.003973, test_acc=52.18%
[full] seed=8 epoch 67/100: kd=0.2102, reg=0.003946, test_acc=52.05%
[full] seed=8 epoch 68/100: kd=0.2093, reg=0.003919, test_acc=51.73%
[full] seed=8 epoch 69/100: kd=0.2089, reg=0.003895, test_acc=52.15%
[full] seed=8 epoch 70/100: kd=0.2234, reg=0.003872, test_acc=52.36%
[full] seed=8 epoch 71/100: kd=0.1913, reg=0.003851, test_acc=51.43%
[full] seed=8 epoch 72/100: kd=0.2065, reg=0.003830, test_acc=52.19%
[full] seed=8 epoch 73/100: kd=0.1986, reg=0.003811, test_acc=51.99%
[full] seed=8 epoch 74/100: kd=0.2001, reg=0.003794, test_acc=51.63%
[full] seed=8 epoch 75/100: kd=0.1909, reg=0.003777, test_acc=52.11%
[full] seed=8 epoch 76/100: kd=0.2049, reg=0.003762, test_acc=52.09%
[full] seed=8 epoch 77/100: kd=0.1819, reg=0.003748, test_acc=51.88%
[full] seed=8 epoch 78/100: kd=0.1758, reg=0.003735, test_acc=51.85%
[full] seed=8 epoch 79/100: kd=0.1789, reg=0.003723, test_acc=52.02%
[full] seed=8 epoch 80/100: kd=0.1527, reg=0.003713, test_acc=52.25%
[full] seed=8 epoch 81/100: kd=0.1562, reg=0.003702, test_acc=51.87%
[full] seed=8 epoch 82/100: kd=0.1631, reg=0.003693, test_acc=51.97%
[full] seed=8 epoch 83/100: kd=0.1602, reg=0.003685, test_acc=52.10%
[full] seed=8 epoch 84/100: kd=0.1719, reg=0.003678, test_acc=52.13%
[full] seed=8 epoch 85/100: kd=0.1535, reg=0.003671, test_acc=52.07%
[full] seed=8 epoch 86/100: kd=0.1553, reg=0.003665, test_acc=52.09%
[full] seed=8 epoch 87/100: kd=0.1691, reg=0.003660, test_acc=51.99%
[full] seed=8 epoch 88/100: kd=0.1624, reg=0.003656, test_acc=51.96%
[full] seed=8 epoch 89/100: kd=0.1364, reg=0.003652, test_acc=52.04%
[full] seed=8 epoch 90/100: kd=0.1503, reg=0.003649, test_acc=52.00%
[full] seed=8 epoch 91/100: kd=0.1553, reg=0.003646, test_acc=51.83%
[full] seed=8 epoch 92/100: kd=0.1644, reg=0.003644, test_acc=52.05%
[full] seed=8 epoch 93/100: kd=0.1642, reg=0.003642, test_acc=52.06%
[full] seed=8 epoch 94/100: kd=0.1378, reg=0.003641, test_acc=52.10%
[full] seed=8 epoch 95/100: kd=0.1807, reg=0.003640, test_acc=52.10%
[full] seed=8 epoch 96/100: kd=0.1448, reg=0.003639, test_acc=51.95%
[full] seed=8 epoch 97/100: kd=0.1439, reg=0.003639, test_acc=51.98%
[full] seed=8 epoch 98/100: kd=0.1396, reg=0.003638, test_acc=51.99%
[full] seed=8 epoch 99/100: kd=0.1424, reg=0.003638, test_acc=51.97%
[full] seed=8 epoch 100/100: kd=0.1487, reg=0.003638, test_acc=51.98%
[full] seed=9 epoch 01/100: kd=9.4962, reg=0.000111, test_acc=12.23%
[full] seed=9 epoch 02/100: kd=7.4559, reg=0.000868, test_acc=17.47%
[full] seed=9 epoch 03/100: kd=6.7805, reg=0.001566, test_acc=22.57%
[full] seed=9 epoch 04/100: kd=5.9912, reg=0.001920, test_acc=26.27%
[full] seed=9 epoch 05/100: kd=5.6843, reg=0.002120, test_acc=24.78%
[full] seed=9 epoch 06/100: kd=5.5045, reg=0.002295, test_acc=32.90%
[full] seed=9 epoch 07/100: kd=5.0364, reg=0.002452, test_acc=29.78%
[full] seed=9 epoch 08/100: kd=4.7351, reg=0.002624, test_acc=33.22%
[full] seed=9 epoch 09/100: kd=4.4252, reg=0.002822, test_acc=38.16%
[full] seed=9 epoch 10/100: kd=4.2254, reg=0.003013, test_acc=32.51%
[full] seed=9 epoch 11/100: kd=4.3419, reg=0.003241, test_acc=35.77%
[full] seed=9 epoch 12/100: kd=3.9389, reg=0.003452, test_acc=34.50%
[full] seed=9 epoch 13/100: kd=3.4472, reg=0.003592, test_acc=39.63%
[full] seed=9 epoch 14/100: kd=3.1552, reg=0.003678, test_acc=41.33%
[full] seed=9 epoch 15/100: kd=3.0056, reg=0.003780, test_acc=41.95%
[full] seed=9 epoch 16/100: kd=2.8748, reg=0.003908, test_acc=37.50%
[full] seed=9 epoch 17/100: kd=2.7793, reg=0.004132, test_acc=41.79%
[full] seed=9 epoch 18/100: kd=2.5374, reg=0.004316, test_acc=45.22%
[full] seed=9 epoch 19/100: kd=2.4673, reg=0.004429, test_acc=47.28%
[full] seed=9 epoch 20/100: kd=2.0970, reg=0.004509, test_acc=45.51%
[full] seed=9 epoch 21/100: kd=2.0323, reg=0.004597, test_acc=47.26%
[full] seed=9 epoch 22/100: kd=1.9002, reg=0.004665, test_acc=44.80%
[full] seed=9 epoch 23/100: kd=1.6861, reg=0.004705, test_acc=49.12%
[full] seed=9 epoch 24/100: kd=1.5917, reg=0.004721, test_acc=43.62%
[full] seed=9 epoch 25/100: kd=1.3860, reg=0.004723, test_acc=47.73%
[full] seed=9 epoch 26/100: kd=1.2913, reg=0.004721, test_acc=50.00%
[full] seed=9 epoch 27/100: kd=1.1140, reg=0.004701, test_acc=52.28%
[full] seed=9 epoch 28/100: kd=0.9796, reg=0.004656, test_acc=52.15%
[full] seed=9 epoch 29/100: kd=0.9259, reg=0.004603, test_acc=53.16%
[full] seed=9 epoch 30/100: kd=0.8736, reg=0.004549, test_acc=52.55%
[full] seed=9 epoch 31/100: kd=0.8587, reg=0.004489, test_acc=53.36%
[full] seed=9 epoch 32/100: kd=0.7978, reg=0.004439, test_acc=52.64%
[full] seed=9 epoch 33/100: kd=0.7105, reg=0.004392, test_acc=52.50%
[full] seed=9 epoch 34/100: kd=0.6548, reg=0.004337, test_acc=52.10%
[full] seed=9 epoch 35/100: kd=0.6650, reg=0.004269, test_acc=54.23%
[full] seed=9 epoch 36/100: kd=0.6224, reg=0.004207, test_acc=52.17%
[full] seed=9 epoch 37/100: kd=0.6022, reg=0.004149, test_acc=52.78%
[full] seed=9 epoch 38/100: kd=0.6586, reg=0.004090, test_acc=52.47%
[full] seed=9 epoch 39/100: kd=0.5267, reg=0.004036, test_acc=52.27%
[full] seed=9 epoch 40/100: kd=0.5859, reg=0.003984, test_acc=52.06%
[full] seed=9 epoch 41/100: kd=0.4932, reg=0.003930, test_acc=54.47%
[full] seed=9 epoch 42/100: kd=0.4581, reg=0.003875, test_acc=54.40%
[full] seed=9 epoch 43/100: kd=0.3911, reg=0.003822, test_acc=55.09%
[full] seed=9 epoch 44/100: kd=0.3611, reg=0.003769, test_acc=54.71%
[full] seed=9 epoch 45/100: kd=0.4031, reg=0.003714, test_acc=54.94%
[full] seed=9 epoch 46/100: kd=0.3520, reg=0.003663, test_acc=53.56%
[full] seed=9 epoch 47/100: kd=0.3478, reg=0.003615, test_acc=55.02%
[full] seed=9 epoch 48/100: kd=0.3391, reg=0.003565, test_acc=55.32%
[full] seed=9 epoch 49/100: kd=0.3299, reg=0.003519, test_acc=55.30%
[full] seed=9 epoch 50/100: kd=0.3266, reg=0.003474, test_acc=55.16%
[full] seed=9 epoch 51/100: kd=0.3240, reg=0.003434, test_acc=53.72%
[full] seed=9 epoch 52/100: kd=0.3175, reg=0.003397, test_acc=55.24%
[full] seed=9 epoch 53/100: kd=0.3276, reg=0.003360, test_acc=55.39%
[full] seed=9 epoch 54/100: kd=0.2997, reg=0.003325, test_acc=55.78%
[full] seed=9 epoch 55/100: kd=0.2758, reg=0.003292, test_acc=55.33%
[full] seed=9 epoch 56/100: kd=0.2858, reg=0.003260, test_acc=55.79%
[full] seed=9 epoch 57/100: kd=0.2611, reg=0.003227, test_acc=55.84%
[full] seed=9 epoch 58/100: kd=0.2750, reg=0.003199, test_acc=55.82%
[full] seed=9 epoch 59/100: kd=0.2479, reg=0.003170, test_acc=56.22%
[full] seed=9 epoch 60/100: kd=0.2381, reg=0.003143, test_acc=55.99%
[full] seed=9 epoch 61/100: kd=0.2349, reg=0.003117, test_acc=55.28%
[full] seed=9 epoch 62/100: kd=0.2302, reg=0.003092, test_acc=55.61%
[full] seed=9 epoch 63/100: kd=0.2055, reg=0.003069, test_acc=56.40%
[full] seed=9 epoch 64/100: kd=0.2032, reg=0.003046, test_acc=56.95%
[full] seed=9 epoch 65/100: kd=0.1948, reg=0.003025, test_acc=55.40%
[full] seed=9 epoch 66/100: kd=0.1989, reg=0.003004, test_acc=56.46%
[full] seed=9 epoch 67/100: kd=0.2073, reg=0.002985, test_acc=56.42%
[full] seed=9 epoch 68/100: kd=0.1914, reg=0.002967, test_acc=56.70%
[full] seed=9 epoch 69/100: kd=0.1802, reg=0.002950, test_acc=56.23%
[full] seed=9 epoch 70/100: kd=0.2007, reg=0.002934, test_acc=55.33%
[full] seed=9 epoch 71/100: kd=0.1831, reg=0.002919, test_acc=56.29%
[full] seed=9 epoch 72/100: kd=0.1888, reg=0.002905, test_acc=56.28%
[full] seed=9 epoch 73/100: kd=0.1927, reg=0.002892, test_acc=56.36%
[full] seed=9 epoch 74/100: kd=0.2230, reg=0.002879, test_acc=56.39%
[full] seed=9 epoch 75/100: kd=0.1862, reg=0.002868, test_acc=55.91%
[full] seed=9 epoch 76/100: kd=0.1598, reg=0.002858, test_acc=56.28%
[full] seed=9 epoch 77/100: kd=0.1736, reg=0.002848, test_acc=56.39%
[full] seed=9 epoch 78/100: kd=0.1601, reg=0.002839, test_acc=56.47%
[full] seed=9 epoch 79/100: kd=0.1540, reg=0.002830, test_acc=56.46%
[full] seed=9 epoch 80/100: kd=0.1677, reg=0.002823, test_acc=56.46%
[full] seed=9 epoch 81/100: kd=0.1572, reg=0.002816, test_acc=56.33%
[full] seed=9 epoch 82/100: kd=0.1628, reg=0.002809, test_acc=56.73%
[full] seed=9 epoch 83/100: kd=0.1381, reg=0.002803, test_acc=56.42%
[full] seed=9 epoch 84/100: kd=0.1408, reg=0.002798, test_acc=56.49%
[full] seed=9 epoch 85/100: kd=0.1585, reg=0.002793, test_acc=56.55%
[full] seed=9 epoch 86/100: kd=0.1464, reg=0.002789, test_acc=56.53%
[full] seed=9 epoch 87/100: kd=0.1501, reg=0.002785, test_acc=56.56%
[full] seed=9 epoch 88/100: kd=0.1471, reg=0.002782, test_acc=56.62%
[full] seed=9 epoch 89/100: kd=0.1645, reg=0.002780, test_acc=56.64%
[full] seed=9 epoch 90/100: kd=0.1569, reg=0.002777, test_acc=56.42%
[full] seed=9 epoch 91/100: kd=0.1470, reg=0.002775, test_acc=56.48%
[full] seed=9 epoch 92/100: kd=0.1521, reg=0.002774, test_acc=56.59%
[full] seed=9 epoch 93/100: kd=0.1436, reg=0.002773, test_acc=56.45%
[full] seed=9 epoch 94/100: kd=0.1209, reg=0.002772, test_acc=56.66%
[full] seed=9 epoch 95/100: kd=0.1453, reg=0.002771, test_acc=56.58%
[full] seed=9 epoch 96/100: kd=0.1470, reg=0.002770, test_acc=56.55%
[full] seed=9 epoch 97/100: kd=0.1325, reg=0.002770, test_acc=56.54%
[full] seed=9 epoch 98/100: kd=0.1319, reg=0.002770, test_acc=56.61%
[full] seed=9 epoch 99/100: kd=0.1372, reg=0.002770, test_acc=56.53%
[full] seed=9 epoch 100/100: kd=0.1425, reg=0.002770, test_acc=56.67%

=== Summary ===
Teacher test accuracy: 82.47%
baseline  final: 53.28% +- 1.68 (seeds=[52.21, 50.88, 54.54, 53.3, 51.79, 52.71, 52.94, 57.29, 54.22, 52.91])
  epoch 1: 10.19% +- 0.55
  epoch 2: 13.81% +- 3.13
  epoch 3: 20.08% +- 3.78
  epoch 4: 24.20% +- 2.14
  epoch 5: 25.97% +- 2.46
  epoch 6: 28.32% +- 2.50
  epoch 7: 30.27% +- 2.82
  epoch 8: 29.70% +- 2.75
  epoch 9: 30.84% +- 3.66
  epoch 10: 32.67% +- 1.59
  epoch 11: 33.45% +- 1.34
  epoch 12: 35.88% +- 2.75
  epoch 13: 35.19% +- 4.50
  epoch 14: 36.93% +- 2.31
  epoch 15: 38.38% +- 1.87
  epoch 16: 38.11% +- 1.89
  epoch 17: 38.64% +- 4.18
  epoch 18: 40.96% +- 2.72
  epoch 19: 40.80% +- 2.54
  epoch 20: 42.54% +- 2.52
  epoch 21: 42.76% +- 2.26
  epoch 22: 43.32% +- 1.82
  epoch 23: 44.23% +- 2.51
  epoch 24: 44.78% +- 1.62
  epoch 25: 44.67% +- 2.49
  epoch 26: 44.30% +- 2.75
  epoch 27: 46.43% +- 1.70
  epoch 28: 46.74% +- 2.10
  epoch 29: 47.07% +- 2.24
  epoch 30: 46.92% +- 2.50
  epoch 31: 47.15% +- 2.29
  epoch 32: 48.52% +- 2.23
  epoch 33: 49.07% +- 1.95
  epoch 34: 48.71% +- 2.37
  epoch 35: 48.50% +- 1.50
  epoch 36: 49.20% +- 2.27
  epoch 37: 49.31% +- 1.79
  epoch 38: 49.28% +- 2.05
  epoch 39: 50.45% +- 1.53
  epoch 40: 50.08% +- 1.55
  epoch 41: 49.92% +- 2.73
  epoch 42: 50.34% +- 1.98
  epoch 43: 51.07% +- 1.84
  epoch 44: 50.93% +- 1.78
  epoch 45: 50.83% +- 2.01
  epoch 46: 51.13% +- 1.94
  epoch 47: 51.08% +- 1.63
  epoch 48: 51.52% +- 1.68
  epoch 49: 51.37% +- 1.89
  epoch 50: 51.52% +- 1.56
  epoch 51: 51.65% +- 1.38
  epoch 52: 51.74% +- 1.52
  epoch 53: 51.91% +- 1.78
  epoch 54: 52.08% +- 1.52
  epoch 55: 52.07% +- 1.64
  epoch 56: 52.28% +- 1.42
  epoch 57: 52.03% +- 1.41
  epoch 58: 52.35% +- 1.61
  epoch 59: 52.42% +- 1.43
  epoch 60: 52.57% +- 1.68
  epoch 61: 52.50% +- 1.79
  epoch 62: 52.71% +- 1.50
  epoch 63: 52.44% +- 1.56
  epoch 64: 52.49% +- 1.86
  epoch 65: 52.63% +- 1.61
  epoch 66: 52.67% +- 1.72
  epoch 67: 52.67% +- 1.37
  epoch 68: 52.96% +- 1.59
  epoch 69: 52.70% +- 1.74
  epoch 70: 52.73% +- 1.93
  epoch 71: 52.79% +- 1.57
  epoch 72: 53.05% +- 1.60
  epoch 73: 52.91% +- 1.72
  epoch 74: 53.07% +- 1.62
  epoch 75: 53.02% +- 1.61
  epoch 76: 53.18% +- 1.60
  epoch 77: 53.19% +- 1.67
  epoch 78: 53.08% +- 1.66
  epoch 79: 53.09% +- 1.71
  epoch 80: 53.24% +- 1.66
  epoch 81: 53.19% +- 1.60
  epoch 82: 53.20% +- 1.69
  epoch 83: 53.25% +- 1.62
  epoch 84: 53.26% +- 1.64
  epoch 85: 53.20% +- 1.71
  epoch 86: 53.26% +- 1.73
  epoch 87: 53.20% +- 1.68
  epoch 88: 53.27% +- 1.72
  epoch 89: 53.24% +- 1.66
  epoch 90: 53.26% +- 1.67
  epoch 91: 53.26% +- 1.68
  epoch 92: 53.25% +- 1.63
  epoch 93: 53.27% +- 1.62
  epoch 94: 53.27% +- 1.69
  epoch 95: 53.17% +- 1.66
  epoch 96: 53.28% +- 1.64
  epoch 97: 53.26% +- 1.63
  epoch 98: 53.24% +- 1.66
  epoch 99: 53.25% +- 1.64
  epoch 100: 53.28% +- 1.68
first     final: 53.60% +- 1.10 (seeds=[54.51, 51.74, 55.13, 52.65, 53.34, 53.1, 54.52, 52.19, 54.15, 54.64])
  epoch 1: 10.09% +- 0.46
  epoch 2: 12.51% +- 2.41
  epoch 3: 21.08% +- 2.56
  epoch 4: 24.48% +- 1.63
  epoch 5: 26.64% +- 2.52
  epoch 6: 30.10% +- 3.02
  epoch 7: 30.54% +- 1.85
  epoch 8: 31.25% +- 2.98
  epoch 9: 32.00% +- 2.32
  epoch 10: 33.77% +- 1.85
  epoch 11: 34.59% +- 2.56
  epoch 12: 36.44% +- 2.52
  epoch 13: 36.73% +- 2.98
  epoch 14: 36.00% +- 2.10
  epoch 15: 37.55% +- 2.91
  epoch 16: 39.43% +- 2.85
  epoch 17: 39.20% +- 2.66
  epoch 18: 40.21% +- 1.98
  epoch 19: 40.43% +- 3.33
  epoch 20: 42.62% +- 2.31
  epoch 21: 43.03% +- 2.72
  epoch 22: 42.50% +- 2.40
  epoch 23: 44.22% +- 1.86
  epoch 24: 43.77% +- 2.74
  epoch 25: 44.17% +- 2.62
  epoch 26: 44.94% +- 3.33
  epoch 27: 45.09% +- 2.57
  epoch 28: 46.81% +- 2.15
  epoch 29: 46.87% +- 2.28
  epoch 30: 46.71% +- 1.97
  epoch 31: 47.36% +- 2.26
  epoch 32: 48.46% +- 1.71
  epoch 33: 49.21% +- 1.40
  epoch 34: 48.65% +- 2.39
  epoch 35: 49.04% +- 1.81
  epoch 36: 49.19% +- 1.66
  epoch 37: 48.99% +- 2.42
  epoch 38: 49.84% +- 1.58
  epoch 39: 50.23% +- 1.77
  epoch 40: 49.87% +- 1.83
  epoch 41: 50.42% +- 1.65
  epoch 42: 50.77% +- 1.56
  epoch 43: 51.11% +- 1.51
  epoch 44: 51.37% +- 1.65
  epoch 45: 51.90% +- 1.46
  epoch 46: 51.83% +- 1.64
  epoch 47: 51.83% +- 1.61
  epoch 48: 51.76% +- 1.35
  epoch 49: 51.60% +- 1.86
  epoch 50: 51.67% +- 1.67
  epoch 51: 52.06% +- 1.17
  epoch 52: 52.16% +- 1.36
  epoch 53: 52.00% +- 1.91
  epoch 54: 52.41% +- 1.73
  epoch 55: 52.20% +- 1.10
  epoch 56: 52.66% +- 1.35
  epoch 57: 51.99% +- 1.57
  epoch 58: 52.77% +- 1.21
  epoch 59: 52.83% +- 1.31
  epoch 60: 52.85% +- 1.39
  epoch 61: 52.91% +- 1.27
  epoch 62: 52.95% +- 1.52
  epoch 63: 52.76% +- 1.30
  epoch 64: 53.02% +- 1.34
  epoch 65: 52.98% +- 1.21
  epoch 66: 53.01% +- 1.43
  epoch 67: 53.27% +- 1.27
  epoch 68: 53.27% +- 1.21
  epoch 69: 53.33% +- 1.12
  epoch 70: 53.07% +- 1.28
  epoch 71: 53.21% +- 1.21
  epoch 72: 53.41% +- 1.27
  epoch 73: 53.40% +- 1.17
  epoch 74: 53.36% +- 1.04
  epoch 75: 53.46% +- 1.14
  epoch 76: 53.53% +- 1.03
  epoch 77: 53.48% +- 1.18
  epoch 78: 53.56% +- 1.17
  epoch 79: 53.59% +- 1.11
  epoch 80: 53.58% +- 1.08
  epoch 81: 53.59% +- 1.13
  epoch 82: 53.61% +- 1.11
  epoch 83: 53.63% +- 1.07
  epoch 84: 53.70% +- 1.17
  epoch 85: 53.65% +- 1.06
  epoch 86: 53.62% +- 1.17
  epoch 87: 53.58% +- 1.17
  epoch 88: 53.64% +- 1.15
  epoch 89: 53.65% +- 1.12
  epoch 90: 53.65% +- 1.04
  epoch 91: 53.64% +- 1.15
  epoch 92: 53.61% +- 1.07
  epoch 93: 53.67% +- 1.13
  epoch 94: 53.62% +- 1.07
  epoch 95: 53.63% +- 1.10
  epoch 96: 53.65% +- 1.11
  epoch 97: 53.67% +- 1.15
  epoch 98: 53.64% +- 1.16
  epoch 99: 53.61% +- 1.16
  epoch 100: 53.60% +- 1.10
colnorm   final: 55.38% +- 1.37 (seeds=[56.55, 54.97, 58.06, 53.55, 54.46, 55.91, 53.98, 53.93, 55.91, 56.53])
  epoch 1: 10.18% +- 0.45
  epoch 2: 12.46% +- 3.03
  epoch 3: 20.04% +- 2.04
  epoch 4: 26.04% +- 3.83
  epoch 5: 28.02% +- 1.72
  epoch 6: 29.08% +- 3.82
  epoch 7: 30.76% +- 1.58
  epoch 8: 33.36% +- 2.02
  epoch 9: 34.07% +- 3.37
  epoch 10: 34.68% +- 1.93
  epoch 11: 37.47% +- 2.03
  epoch 12: 38.15% +- 1.90
  epoch 13: 37.45% +- 2.96
  epoch 14: 39.26% +- 2.67
  epoch 15: 40.13% +- 3.88
  epoch 16: 41.02% +- 2.82
  epoch 17: 42.34% +- 2.79
  epoch 18: 43.67% +- 1.40
  epoch 19: 43.19% +- 2.21
  epoch 20: 45.56% +- 2.38
  epoch 21: 44.56% +- 2.53
  epoch 22: 45.56% +- 2.92
  epoch 23: 45.64% +- 1.48
  epoch 24: 47.48% +- 2.08
  epoch 25: 45.43% +- 3.96
  epoch 26: 49.03% +- 1.89
  epoch 27: 48.22% +- 2.67
  epoch 28: 49.36% +- 1.85
  epoch 29: 49.80% +- 1.62
  epoch 30: 49.99% +- 1.71
  epoch 31: 50.13% +- 1.62
  epoch 32: 50.20% +- 1.34
  epoch 33: 51.21% +- 1.70
  epoch 34: 51.32% +- 1.83
  epoch 35: 51.74% +- 1.61
  epoch 36: 51.64% +- 1.86
  epoch 37: 51.95% +- 1.41
  epoch 38: 52.34% +- 1.97
  epoch 39: 53.16% +- 1.45
  epoch 40: 52.26% +- 1.12
  epoch 41: 52.88% +- 1.36
  epoch 42: 53.03% +- 1.50
  epoch 43: 53.59% +- 1.23
  epoch 44: 53.61% +- 1.14
  epoch 45: 53.50% +- 1.41
  epoch 46: 53.82% +- 1.74
  epoch 47: 53.55% +- 1.68
  epoch 48: 53.69% +- 1.47
  epoch 49: 54.02% +- 1.62
  epoch 50: 53.95% +- 1.59
  epoch 51: 54.48% +- 1.12
  epoch 52: 54.37% +- 1.41
  epoch 53: 54.33% +- 1.42
  epoch 54: 54.39% +- 1.71
  epoch 55: 54.37% +- 1.63
  epoch 56: 54.68% +- 1.60
  epoch 57: 54.08% +- 1.20
  epoch 58: 54.60% +- 1.00
  epoch 59: 54.72% +- 1.49
  epoch 60: 54.91% +- 1.37
  epoch 61: 54.96% +- 1.42
  epoch 62: 54.91% +- 1.43
  epoch 63: 54.85% +- 1.66
  epoch 64: 54.83% +- 1.69
  epoch 65: 54.90% +- 1.35
  epoch 66: 54.96% +- 1.52
  epoch 67: 54.94% +- 1.55
  epoch 68: 55.28% +- 1.34
  epoch 69: 54.86% +- 1.28
  epoch 70: 54.90% +- 1.57
  epoch 71: 55.10% +- 1.41
  epoch 72: 55.10% +- 1.46
  epoch 73: 55.11% +- 1.32
  epoch 74: 55.20% +- 1.49
  epoch 75: 55.23% +- 1.40
  epoch 76: 55.21% +- 1.35
  epoch 77: 55.27% +- 1.36
  epoch 78: 55.34% +- 1.25
  epoch 79: 55.31% +- 1.40
  epoch 80: 55.45% +- 1.36
  epoch 81: 55.26% +- 1.35
  epoch 82: 55.36% +- 1.40
  epoch 83: 55.44% +- 1.33
  epoch 84: 55.43% +- 1.38
  epoch 85: 55.34% +- 1.37
  epoch 86: 55.36% +- 1.41
  epoch 87: 55.36% +- 1.36
  epoch 88: 55.42% +- 1.41
  epoch 89: 55.36% +- 1.38
  epoch 90: 55.42% +- 1.40
  epoch 91: 55.36% +- 1.39
  epoch 92: 55.36% +- 1.35
  epoch 93: 55.40% +- 1.39
  epoch 94: 55.39% +- 1.39
  epoch 95: 55.40% +- 1.42
  epoch 96: 55.42% +- 1.38
  epoch 97: 55.40% +- 1.40
  epoch 98: 55.39% +- 1.39
  epoch 99: 55.43% +- 1.36
  epoch 100: 55.38% +- 1.37
full      final: 54.53% +- 1.64 (seeds=[57.35, 54.72, 53.92, 53.87, 54.81, 55.98, 53.23, 52.78, 51.98, 56.67])
  epoch 1: 10.11% +- 0.75
  epoch 2: 14.08% +- 3.05
  epoch 3: 21.97% +- 2.67
  epoch 4: 24.99% +- 2.00
  epoch 5: 27.81% +- 3.64
  epoch 6: 28.64% +- 3.25
  epoch 7: 31.26% +- 1.89
  epoch 8: 32.91% +- 4.00
  epoch 9: 34.25% +- 3.63
  epoch 10: 30.98% +- 4.20
  epoch 11: 36.06% +- 2.96
  epoch 12: 37.63% +- 2.48
  epoch 13: 38.34% +- 3.18
  epoch 14: 37.54% +- 4.77
  epoch 15: 38.39% +- 3.82
  epoch 16: 39.96% +- 3.86
  epoch 17: 41.89% +- 3.10
  epoch 18: 43.34% +- 2.08
  epoch 19: 43.22% +- 2.43
  epoch 20: 42.98% +- 2.87
  epoch 21: 44.60% +- 2.66
  epoch 22: 44.62% +- 2.09
  epoch 23: 45.90% +- 2.95
  epoch 24: 46.99% +- 2.07
  epoch 25: 47.41% +- 1.77
  epoch 26: 46.55% +- 2.44
  epoch 27: 47.24% +- 2.79
  epoch 28: 48.64% +- 1.74
  epoch 29: 48.84% +- 2.53
  epoch 30: 48.77% +- 2.50
  epoch 31: 49.51% +- 3.18
  epoch 32: 49.78% +- 2.55
  epoch 33: 50.75% +- 1.51
  epoch 34: 49.83% +- 3.12
  epoch 35: 50.90% +- 1.67
  epoch 36: 50.61% +- 1.74
  epoch 37: 51.77% +- 1.86
  epoch 38: 51.43% +- 2.51
  epoch 39: 52.00% +- 1.72
  epoch 40: 51.72% +- 2.05
  epoch 41: 52.50% +- 2.61
  epoch 42: 52.32% +- 1.46
  epoch 43: 52.87% +- 1.96
  epoch 44: 52.70% +- 1.87
  epoch 45: 52.85% +- 1.66
  epoch 46: 52.98% +- 1.38
  epoch 47: 52.77% +- 2.10
  epoch 48: 53.24% +- 1.87
  epoch 49: 53.12% +- 1.59
  epoch 50: 53.35% +- 1.60
  epoch 51: 53.39% +- 1.32
  epoch 52: 53.62% +- 1.56
  epoch 53: 53.31% +- 1.72
  epoch 54: 53.89% +- 1.78
  epoch 55: 53.43% +- 1.89
  epoch 56: 54.02% +- 1.73
  epoch 57: 53.78% +- 1.86
  epoch 58: 54.04% +- 1.45
  epoch 59: 54.13% +- 1.77
  epoch 60: 54.06% +- 1.71
  epoch 61: 54.08% +- 1.42
  epoch 62: 54.09% +- 1.45
  epoch 63: 54.01% +- 1.79
  epoch 64: 54.23% +- 1.89
  epoch 65: 54.06% +- 1.59
  epoch 66: 54.25% +- 1.68
  epoch 67: 54.20% +- 1.63
  epoch 68: 54.37% +- 1.77
  epoch 69: 54.38% +- 1.44
  epoch 70: 54.33% +- 1.43
  epoch 71: 54.31% +- 1.72
  epoch 72: 54.58% +- 1.57
  epoch 73: 54.45% +- 1.57
  epoch 74: 54.54% +- 1.72
  epoch 75: 54.41% +- 1.58
  epoch 76: 54.56% +- 1.61
  epoch 77: 54.53% +- 1.65
  epoch 78: 54.54% +- 1.65
  epoch 79: 54.57% +- 1.66
  epoch 80: 54.64% +- 1.62
  epoch 81: 54.60% +- 1.66
  epoch 82: 54.62% +- 1.68
  epoch 83: 54.55% +- 1.66
  epoch 84: 54.61% +- 1.63
  epoch 85: 54.59% +- 1.65
  epoch 86: 54.61% +- 1.62
  epoch 87: 54.60% +- 1.69
  epoch 88: 54.56% +- 1.62
  epoch 89: 54.54% +- 1.65
  epoch 90: 54.56% +- 1.62
  epoch 91: 54.56% +- 1.64
  epoch 92: 54.59% +- 1.66
  epoch 93: 54.59% +- 1.63
  epoch 94: 54.59% +- 1.64
  epoch 95: 54.58% +- 1.64
  epoch 96: 54.53% +- 1.66
  epoch 97: 54.56% +- 1.66
  epoch 98: 54.56% +- 1.67
  epoch 99: 54.57% +- 1.62
  epoch 100: 54.53% +- 1.64
Gain (first - baseline): +0.32 pts
Gain (colnorm - baseline): +2.11 pts
Gain (full - baseline): +1.25 pts
Saved JSON summary to /output/kd_r56_q2000_e100_s10.json
[done] KD R56 q=2000 ep=100 seeds=10 wall=13603.6s rc=0
======================================================================
[run] KD R56 q=5000 ep=100 seeds=10
      /opt/conda/bin/python -u /workspace/scripts/18_kd_spectral_priors_cifar.py --architecture resnet56 --teacher-path /workspace/models/resnet56_seed0.pt --teacher-logits-source quantized --data-root /workspace/data --subset-mode random --subset-seed 0 --batch-size 128 --student-epochs 100 --student-lr 0.05 --momentum 0.9 --weight-decay 1e-4 --temperature 4.0 --reg-lambda 5.0 --distill-seeds 10 --precision 256 --prior-scope all --ablation-modes baseline,first,colnorm,full --query-budget 5000 --output-path /output/kd_r56_q5000_e100_s10.json
=== CIFAR-10 logit stealing with spectral priors ===
device=cuda
{
  "teacher_path": "resnet56_seed0.pt",
  "teacher_logits_source": "quantized",
  "data_root": "data",
  "query_budget": 5000,
  "subset_mode": "random",
  "subset_seed": 0,
  "batch_size": 128,
  "student_epochs": 100,
  "student_lr": 0.05,
  "momentum": 0.9,
  "weight_decay": 0.0001,
  "temperature": 4.0,
  "reg_lambda": 5.0,
  "distill_seeds": 10,
  "precision": 256,
  "prior_scope": "all",
  "ablation_modes": "baseline,first,colnorm,full",
  "architecture": "resnet56",
  "output_path": "kd_r56_q5000_e100_s10.json"
}
[data] using pre-permuted CIFAR subset at /workspace/data/cifar_subset.npz.xz (train=5000, test=10000)
[teacher] loaded resnet56_seed0.pt (logits=quantized): test_acc=82.47%
[queries] cached exact teacher logits for 5000 unlabeled images
[ablation] modes=['baseline', 'first', 'colnorm', 'full']
[attack_layer] verified on conv1: max_err=0, shortcut valid
[spectra/all] using 57 conv layers
  conv1                shape=(16, 27) std=0.3646 mean_col_norm=1.3822
  layer1.0.conv1       shape=(16, 144) std=0.1726 mean_col_norm=0.6784
  layer1.0.conv2       shape=(16, 144) std=0.1381 mean_col_norm=0.5346
[attack_layer] verified on conv1: max_err=0, shortcut valid
[spectra/first] using 1 conv layers
  conv1                shape=(16, 27) std=0.3646 mean_col_norm=1.3822
[baseline] seed=0 epoch 01/100: kd=8.9920, reg=0.000000, test_acc=19.70%
